product_name,product_url,product_type,ingredients,price,skin_type,concern
The Ordinary Natural Moisturising Factors + HA 30ml,https://www.lookfantastic.com/the-ordinary-natural-moisturising-factors-ha-30ml/11396687.html,Moisturiser,"aqua (water), caprylic/capric triglyceride, cetyl alcohol, propanediol, stearyl alcohol, glycerin, sodium hyaluronate, arginine, aspartic acid, glycine, alanine, serine, valine, isoleucine, proline, threonine, histidine, phenylalanine, glucose, maltose, fructose, trehalose, sodium pca, pca, sodium lactate, urea, allantoin, linoleic acid, oleic acid, phytosteryl canola glycerides, palmitic acid, stearic acid, lecithin, triolein, tocopherol, carbomer, isoceteth-20, polysorbate 60, sodium chloride, citric acid, trisodium ethylenediamine disuccinate, pentylene glycol, triethanolamine, sodium hydroxide, phenoxyethanol, chlorphenesin.",£5.20,"['Dry', 'Sensitive']",hydration
CeraVe Facial Moisturising Lotion SPF 25 52ml,https://www.lookfantastic.com/cerave-facial-moisturising-lotion-spf-25-52ml/11798689.html,Moisturiser,"aqua/water, homosalate, glycerin, octocrylene, ethylhexyl, salicylate, niacinamide, silica, butyl methoxydibenzoylmethane, dimethicone, cetearyl alcohol, peg-100 stearate, glyceryl stearate, phenoxyethanol, stearic acid, behentrimonium methosulfate, caprylyl glycol, palmitic acid, ammonium polyacryloyldimethyl taurate, xanthan gum, disodium edta, tocopherol, sodium lauroyl lactylate, myristic acid, sodium hyaluronate, ceramide np, ceramide ap, phytosphingosine, cholesterol, cerbomer, ethylhexyglycerin, ceramide eop.",£13.00,"['Dry', 'Oily', 'Normal']","acne, hydration, brightening, dark spots, sun protection, oil control, under-eye"
The Ordinary Hyaluronic Acid 2% + B5 Hydration Support Formula 30ml,https://www.lookfantastic.com/the-ordinary-hyaluronic-acid-2-b5-hydration-support-formula-30ml/11363395.html,Moisturiser,"aqua (water), sodium hyaluronate, sodium hyaluronate crosspolymer, panthenol, ahnfeltia concinna extract, glycerin, pentylene glycol, propanediol, polyacrylate crosspolymer-6, ppg-26-buteth-26, peg-40 hydrogenated castor oil, trisodium ethylenediamine disuccinate, citric acid, ethoxydiglycol, caprylyl glycol, hexylene glycol, ethylhexylglycerin, phenoxyethanol, chlorphenesin.",£6.20,['Dry'],hydration
AMELIORATE Transforming Body Lotion 200ml,https://www.lookfantastic.com/ameliorate-transforming-body-lotion-200ml/11865352.html,Moisturiser,"aqua/water/eau, ammonium lactate, c12-15 alkyl benzoate, glycerin, prunus amygdalus dulcis (sweet almond) oil, ethylhexyl palmitate, cetearyl alcohol, glyceryl stearate, peg-100 stearate, dimethicone, hydroxyethylcellulose, phenoxyethanol, cetearyl glucoside, xanthan gum, sodium benzoate, sodium stearoyl glutamate, tocopheryl acetate, fragrance (parfum), potassium sorbate, pentylene glycol, hydrolyzed milk protein, disodium edta, lactic acid, serine, sodium lactate, sorbitol, urea, linalool, citronellol, sodium chloride, citrus aurantium dulcis (orange) oil, limonene, coumarin, juniperus mexicana (cedarwood) oil, alpha-isomethyl ionone, allantoin, pelargonium graveolens (geranium) oil, geraniol.",£22.50,"['Dry', 'Oily', 'Sensitive']","hydration, uneven texture"
CeraVe Moisturising Cream 454g,https://www.lookfantastic.com/cerave-moisturising-cream-454g/11798691.html,Moisturiser,"purified water, glycerin, ceteareth-20 and cetearyl alcohol, caprylic/capric triglyceride, behentrimonium methosulfate, cetearyl alcohol, cetyl alcohol, ceramide 3, ceramide 6-ii, ceramide 1, hyaluronic acid, cholesterol, petrolatum, dimethicone, potassium phosphate, dipotassium phosphate, sodium lauroyl lactylate, disodium edta, phenoxyethanol, methylparaben, propylparaben, phytosphingosine, carbomer, xanthan gum.",£16.00,"['Dry', 'Normal']","hydration, firmness"
CeraVe Moisturising Lotion 473ml,https://www.lookfantastic.com/cerave-moisturising-lotion-473ml/11798695.html,Moisturiser,"aqua (water), glycerin, caprylic/capric triglyceride, cetearyl alcohol, cetyl alcohol, dimethicone, phenoxyethanol, polysorbate 20, ceteareth-20, behentrimonium methosulfate, polyglyceryl-3 diisostearate, sodium lauroyl lactylate, ethylhexylglycerin, potassium phosphate, disodium edta, dipotassium phosphate, ceramide np, ceramide ap, phytosphingosine, cholesterol, xanthan gum, carbomer, sodium hyaluronate, tocopherol, ceramide eop.",£15.00,"['Dry', 'Normal']",hydration
CeraVe Facial Moisturising Lotion No SPF 52ml,https://www.lookfantastic.com/cerave-facial-moisturising-lotion-no-spf-52ml/11798688.html,Moisturiser,"purified water, glycerin, caprylic/capric triglycerides, niacinamide, cetearyl alcohol, ceramide 3, ceramide 6-ii, ceramide 1, phytosphingosine, hyaluronic acid, sodium hydroxide, dimethicone, behentrimonium methosulfate, ceteareth-20, polyglyceryl-3 diisostearate, cholesterol, xanthan gum, carbomer, disodium edta, dipotassium phosphate, potassium phosphate, sodium lauroyl lactylate.",£13.00,"['Dry', 'Oily', 'Normal']","acne, hydration, brightening, dark spots, oil control, firmness, under-eye"
The Ordinary Natural Moisturizing Factors + HA 100ml,https://www.lookfantastic.com/the-ordinary-natural-moisturizing-factors-ha-100ml/11638505.html#,Moisturiser,"aqua (water), caprylic/capric triglyceride, cetyl alcohol, propanediol, stearyl alcohol, glycerin, sodium hyaluronate, arginine, aspartic acid, glycine, alanine, serine, valine, isoleucine, proline, threonine, histidine, phenylalanine, glucose, maltose, fructose, trehalose, sodium pca, pca, sodium lactate, urea, allantoin, linoleic acid, oleic acid, phytosteryl canola glycerides, palmitic acid, stearic acid, lecithin, triolein, tocopherol, carbomer, isoceteth-20, polysorbate 60, sodium chloride, citric acid, trisodium ethylenediamine disuccinate, pentylene glycol, triethanolamine, sodium hydroxide, phenoxyethanol, chlorphenesin.",£6.80,"['Dry', 'Sensitive']",hydration
CeraVe Smoothing Cream 177ml,https://www.lookfantastic.com/cerave-smoothing-cream-177ml/12207665.html,Moisturiser,"purified water, glycerin, behentrimonium methosulfate, cetearyl alcohol, mineral oil, glyceryl stearate se, ammonium lactate, salicylic acid, triethanolamine, cetyl alcohol, niacinamide, peg-100 stearate, cholecalciferol (vitamin d3 in corn oil), ceramide 3, ceramide 6-ii, ceramide 1, cholesterol, phytosphingosine, hyaluronic acid, phenoxyethanol, dimethicone, methylparaben, edetate disodium, propylparaben, sodium lauroyl lactylate, carbomer, xanthan gum.",£12.00,"['Dry', 'Oily', 'Normal']","acne, hydration, brightening, dark spots, oil control, blackheads, firmness, under-eye"
Clinique Moisture Surge 72 Hour Moisturiser 75ml,https://www.lookfantastic.com/clinique-moisture-surge-72-hour-moisturiser-75ml/12506978.html,Moisturiser,"water\aqua\eau, dimethicone, butylene glycol, glycerin, trisiloxane, trehalose, sucrose, ammonium acryloyldimethyltaurate/vp copolymer, hydroxyethyl urea, camellia sinensis (green tea) leaf extract, silybum marianum (lady's thistle) extract, betula alba (birch) bark extract, saccharomyces lysate extract, aloe barbadensis leaf water, thermus thermophillus ferment, caffeine, sorbitol, palmitoyl hexapeptide-12, sodium hyaluronate, caprylyl glycol, oleth-10, sodium polyaspartate, saccharide isomerate, hydrogenated lecithin, tocopheryl acetate, acrylates/c10-30 alkyl acrylate crosspolymer, glyceryl polymethacrylate, tromethamine, peg-8, hexylene glycol, magnesium ascorbyl phosphate, disodium edta, bht, phenoxyethanol, red 4 (ci 14700), yellow 5 (ci 19140).",£37.00,"['Dry', 'Sensitive', 'Normal']","hydration, sensitivity, under-eye"
CeraVe Moisturising Cream 50ml,https://www.lookfantastic.com/cerave-moisturising-cream-50ml/11798694.html,Moisturiser,"purified water, glycerin, ceteareth-20 and cetearyl alcohol, caprylic/capric triglyceride, behentrimonium methosulfate, cetearyl alcohol, cetyl alcohol, ceramide 3, ceramide 6-ii, ceramide 1, hyaluronic acid, cholesterol, petrolatum, dimethicone, potassium phosphate, dipotassium phosphate, sodium lauroyl lactylate, disodium edta, phenoxyethanol, methylparaben, propylparaben, phytosphingosine, carbomer, xanthan gum.",£4.00,"['Dry', 'Normal']","hydration, firmness"
CeraVe Moisturising Cream 340g,https://www.lookfantastic.com/cerave-moisturising-cream-340g/11798692.html,Moisturiser,"purified water, glycerin, ceteareth-20 and cetearyl alcohol, caprylic/capric triglyceride, behentrimonium methosulfate, cetearyl alcohol, cetyl alcohol, ceramide 3, ceramide 6-ii, ceramide 1, hyaluronic acid, cholesterol, petrolatum, dimethicone, potassium phosphate, dipotassium phosphate, sodium lauroyl lactylate, disodium edta, phenoxyethanol, methylparaben, propylparaben, phytosphingosine, carbomer, xanthan gum.",£13.00,"['Dry', 'Normal']","hydration, firmness"
First Aid Beauty Ultra Repair Cream (56.7g),https://www.lookfantastic.com/first-aid-beauty-ultra-repair-cream-56.7g/11054496.html,Moisturiser,"colloidal oatmeal, water, stearic acid, glycerin, c12-15 alkyl benzoate, caprylic/capric triglyceride, glyceryl stearate, glyceryl stearate se, cetearyl alcohol, caprylyl glycol, phenoxyethanol, butyrospermum parkii (shea butter), squalane, allantoin, sodium hydroxide, dimethicone, xanthan gum, disodium edta, chrysanthemum parthenium (feverfew) extract, camellia sinensis leaf extract, butylene glycol, glycyrrhiza glabra (licorice) root extract, eucalyptus globulus leaf extract, ceramide 3.",£12.00,"['Dry', 'Sensitive', 'Normal']","hydration, brightening, dark spots"
Avène Antirougeurs Jour Redness Relief Moisturizing Protecting Cream (40ml),https://www.lookfantastic.com/avene-antirougeurs-jour-redness-relief-moisturizing-protecting-cream-40ml/11117577.html,Moisturiser,"avene thermal spring water (avene aqua), ethylhexyl methoxycinnamate, c12-15 alkyl benzoate, carthamus tinctorius (safflower) seed oil (carthamus tinctorius seed oil), cyclomethicone, glycerin, caprylic/capric triglyceride, octocrylene, bisethylhexyloxyphenol methoxyphenyl triazine, arachidyl alcohol, glyceryl stearate, peg- 100 stearate, arachidyl glucoside, behenyl alcohol, bht. blue 1 (ci 42090), caprylyl glycol, dextran sulfate, disodium edta, fragrance (parfum), hesperidin methyl chalcone, hydroxyethyl acrylate/sodium acryloyldimethyl taurate copolymer, isohexadecane, magnesium silicate, mica, polysorbate 60, ruscus aculeatus root extract, sorbic acid, sorbitan isostearate, titanium dioxide (ci 77891), water (aqua), xanthan gum.",£16.00,['Dry'],"hydration, sun protection"
Clinique Dramatically Different Moisturising Lotion+ 125ml with Pump,https://www.lookfantastic.com/clinique-dramatically-different-moisturizing-lotion-125ml-with-pump/11144716.html,Moisturiser,"water\aqua\eau, mineral oil\paraffinum liquidum\huile minérale, glycerin, petrolatum, stearic acid, glyceryl stearate, sesamum indicum (sesame) oil, urea, lanolin alcohol, triethanolamine, hordeum vulgare (barley) extract\extrait d'orge, cucumis sativus (cucumber) fruit extract, helianthus annuus (sunflower) seedcake, propylene glycol dicaprate, sodium hyaluronate, butylene glycol, pentylene glycol, trisodium edta, phenoxyethanol, yellow 6 (ci 15985), yellow 5 (ci 19140), red 33 (ci 17200).",£30.00,['Dry'],hydration
First Aid Beauty Ultra Repair Cream (170g),https://www.lookfantastic.com/first-aid-beauty-ultra-repair-cream-170g/11054488.html,Moisturiser,"colloidal oatmeal, water, stearic acid, glycerin, c12-15 alkyl benzoate, caprylic/capric triglyceride, glyceryl stearate, glyceryl stearate se, cetearyl alcohol, caprylyl glycol, phenoxyethanol, butyrospermum parkii (shea butter), squalane, allantoin, sodium hydroxide, dimethicone, xanthan gum, disodium edta, chrysanthemum parthenium (feverfew) extract, camellia sinensis leaf extract, butylene glycol, glycyrrhiza glabra (licorice) root extract, eucalyptus globulus leaf extract, ceramide 3.",£25.00,"['Dry', 'Sensitive', 'Normal']","hydration, brightening, dark spots"
Weleda Skin Food (75ml),https://www.lookfantastic.com/weleda-skin-food-75ml/10540680.html,Moisturiser,"water (aqua), helianthus annuus (sunflower) seed oil, lanolin, prunus amygdalus dulcis (sweet almond) oil, beeswax (cera alba), alcohol, polyglyceryl-3 polyricinoleate, glycerin, limonene, viola tricolor extract, fragrance (parfum), hydrolyzed beeswax, sobitan olivate, rosmarinus officinalis (rosemary) leaf extract, chamomilla recutita (matricaria) flower extract, calendula officinalis flower extract, arginine, zinc sulfate, linalool, geraniol, citral, coumarin.",£12.95,"['Dry', 'Oily', 'Sensitive']","hydration, sensitivity, oil control"
Neutrogena Hydro Boost City Shield SPF Moisturiser,https://www.lookfantastic.com/neutrogena-hydro-boost-city-shield-spf-moisturiser/11433781.html,Moisturiser,"aqua, glycerin, homosalate, caprylyl methicone, ethylhexyl salicylate, butyl methoxydibenzoylmethane, phenylbenzimidazole sulfonic acid, octocrylene, sodium acryloyldimethyltaurate/vp crosspolymer, silica, sodium hyaluronate, tocopheryl acetate, dicaprylyl carbonate, glyceryl stearate, steareth-21, sodium polyacrylate, disodium edta, sodium hydroxide, sodium ascorbyl phosphate, tocopherol, benzyl alcohol, chlorphenesin, phenoxyethanol, parfum, ci 16035, ci 42090.",£12.99,['Dry'],"hydration, sun protection"
Egyptian Magic All Purpose Skin Cream 118ml/4oz,https://www.lookfantastic.com/egyptian-magic-all-purpose-skin-cream-118ml-4oz/10407207.html,Moisturiser,"olive oil, beeswax, honey, bee pollen, royal jelly, propolis extract.",£30.00,['Dry'],general
JASON Aloe Vera 98% Moisturising Gel Tube 113g,https://www.lookfantastic.com/jason-aloe-vera-98-moisturising-gel-tube-113g/10546528.html,Moisturiser,"aloe barbadensis (aloe vera) leaf gel, aqua (purified water), vegetable glycerin, allantoin, polysorbate 20, panthenol (vit b5), potassium carbomer, arginine, natural menthol, benzyl alcohol, potassium sorbate, sodium benzoate, chlorophyllin-copper complex, fragrance oil blend.",£2.99,"['Dry', 'Sensitive']","hydration, sensitivity"
CeraVe Moisturising Cream 177ml,https://www.lookfantastic.com/cerave-moisturising-cream-177ml/11798693.html,Moisturiser,"purified water, glycerin, ceteareth-20 and cetearyl alcohol, caprylic/capric triglyceride, behentrimonium methosulfate, cetearyl alcohol, cetyl alcohol, ceramide 3, ceramide 6-ii, ceramide 1, hyaluronic acid, cholesterol, petrolatum, dimethicone, potassium phosphate, dipotassium phosphate, sodium lauroyl lactylate, disodium edta, phenoxyethanol, methylparaben, propylparaben, phytosphingosine, carbomer, xanthan gum.",£9.00,"['Dry', 'Normal']","hydration, firmness"
Embryolisse Lait-Crème Concentré (75ml),https://www.lookfantastic.com/embryolisse-lait-creme-concentre-75ml/11118731.html,Moisturiser,"aqua. paraffinum liquidum. stearic acid. glyceryl stearate. triethanolamine. cera alba. cetyl palmitate. butyrospermum parkii. steareth-10. polyacrylamide c13-14 isoparaffin, laureth-7. propylene glycol, hydrolyzed soy protein, aloe barbadensis. 1,2-hexanediol, caprylyl glycol. tropolone. parfum.",£20.00,['All'],general
La Roche-Posay Effaclar H Moisturiser 40ml,https://www.lookfantastic.com/la-roche-posay-effaclar-h-moisturiser-40ml/11091824.html,Moisturiser,"aqua, squalane, glycerin, cyclohexasiloxane, propylene glycol, butyrospermum parkii / shea butter, caprylic/capric triglyceride, peg-100 stearate, glyceryl stearate, peg-20 stearate, bisabolol, tea-carbomer, ammonium polyacryloyldimethyl taurate, disodium edta, hydroxypalmitoyl sphinganine, tetrasodium edta, xanthan gum, cetyl alcohol, stearyl alcohol, myristyl alcohol, t-butyl alcohol, citric acid, tocopherol, sodium benzoate, phenoxyethanol, methylparaben, propylparaben, parfum (fragrance).",£9.99,"['Dry', 'Sensitive']",hydration
Bulldog Original Moisturiser 100ml,https://www.lookfantastic.com/bulldog-original-moisturiser-100ml/10599976.html,Moisturiser,"aqua (water), ethylhexyl palmitate, caprylic/capric triglyceride, glycerin, sodium polyacrylate, sorbitan stearate, pentaerythrityl distearate, phenoxyethanol, tocopheryl acetate, sodium stearoyl glutamate, benzoic acid, carbomer, dehydroacetic acid, mannan, camellia sinensis leaf extract, hydrolyzed algin, citrus aurantium bergamia (bergamot) peel oil, citrus limon (lemon) peel oil, sodium hydroxide, ethylhexylglycerin, artemisia vulgaris oil, maris aqua (sea water), polyaminopropyl biguanide, pelargonium graveolens oil, pogostemon cablin leaf oil, chlorella vulgaris extract, citrus aurantifolia (lime) oil, evernia furfuracea (treemoss) extract, juniperus virginiana oil, vetiveria zizanoides root oil, citral, citronellol, geraniol, limonene, linalool.",£4.50,['Dry'],hydration
Clinique Dramatically Different Moisturising Gel 125ml with Pump,https://www.lookfantastic.com/clinique-dramatically-different-moisturizing-gel-125ml-with-pump/11144718.html,Moisturiser,"water\aqua\eau, dimethicone, isododecane, butylene glycol, bis-peg-18 methyl ether dimethyl silane, glycerin, laminaria saccharina extract, polygonum cuspidatum root extract, saccharomyces lysate extract, cucumis sativus (cucumber) fruit extract, hordeum vulgare (barley) extract\extrait d'orge, helianthus annuus (sunflower) seedcake, caffeine, trehalose, sodium hyaluronate, tocopheryl acetate, polysilicone-11, silica, propylene glycol dicaprate, oleth-10, lactobacillus ferment, laureth-23, laureth-4, ammonium acryloyldimethyltaurate/vp copolymer, carbomer, caprylyl glycol, hexylene glycol, tromethamine, disodium edta, phenoxyethanol, yellow 5 (ci 19140), red 4 (ci 14700), yellow 6 (ci 15985).",£30.00,['Dry'],"hydration, under-eye"
La Roche-Posay Effaclar Duo+ SPF30 40ml,https://www.lookfantastic.com/la-roche-posay-effaclar-duo-spf30-40ml/11434756.html,Moisturiser,"aqua/water, octocrylene, glycerin, homosalate, ethylhexyl salicylate, alcohol denat, niacinamide, butyl methoxydibenzoylmethane, dimethicone, sorbitan stearate, silica, isopropyllauroyl, sarcosinate, styrene/acrylates.",£17.50,"['Dry', 'Oily', 'Normal']","acne, hydration, brightening, dark spots, sun protection, oil control, under-eye"
Avene Very High Protection B-Protect SPF 50+ 30ml,https://www.lookfantastic.com/avene-very-high-protection-b-protect-spf-50-30ml/12090923.html,Moisturiser,"avene thermal spring water (avene aqua), c12-15 alkyl benzoate, dicaprylyl carbonate, methylene bis-benzotriazolyl tetramethylbutylphenol [nano], water (aqua), silica, bis-ethylhexyloxyphenol methoxyphenyl triazine, diethylhexyl butamido triazone, aluminum starch octenylsuccinate, diisopropyl adipate, butyl methoxydibenzoylmethane, titanium dioxide (ci 77891), decyl glucoside, glyceryl stearate, potassium cetyl phosphate, vp/eicosene copolymer, acrylates/ammonium methacrylate copolymer, acrylates/c10-30 alkyl acrylate crosspolymer, alumina, benzoic acid, butylene glycol, caprylic/capric triglyceride, caprylyl glycol, disodium edta, fragrance (parfum), glyceryl behenate, glyceryl dibehenate, (ci 77492), (ci 77491), (ci 77499), isopropyl myristate, oxothiazolidine, propylene glycol, sodium benzoate, sodium hydroxide, stearyl alcohol, tocopherol, tocopheryl glucoside, tribehenin, triethyl citrate, xanthan gum.",£14.00,['All'],sun protection
Avène Tolérance Extrême Emulsion 50ml,https://www.lookfantastic.com/avene-tolerance-extreme-emulsion-50ml/11571253.html,Moisturiser,"avene thermal spring water (avene aqua), squalane, behenyl alcohol, caprylic/capric triglyceride, glycerin, sodium acrylates/c10-30 alkyl acrylate crosspolymer, water (aqua).",£11.25,['Dry'],hydration
Estée Lauder DayWear Advanced Multi-Protection Anti-Oxidant Creme SPF15 N/C 50ml,https://www.lookfantastic.com/estee-lauder-daywear-advanced-multi-protection-anti-oxidant-creme-spf15-n-c-50ml/11141582.html,Moisturiser,"water\aqua\eau, ethylhexyl salicylate, dimethicone, butyloctyl salicylate, butylene glycol, butyl methoxydibenzoylmethane, polyester-8, cetyl ricinoleate, steareth-21, steareth-2, di-c12-15 alkyl fumarate, caprylic/capric/myristic/stearic triglyceride, polysilicone-11, psidium guajava (guava) fruit extract, gentiana lutea (gentian) root extract, polygonum cuspidatum root extract, stearyl alcohol, hordeum vulgare (barley) extract\extrait d'orge, laminaria ochroleuca extract, rosmarinus officinalis (rosemary) leaf extract, triticum vulgare (wheat) germ extract, artemia extract, fumaria officinalis flower/leaf/stem extract, caffeine, pentylene glycol, citrus medica limonum (lemon) fruit extract, hydrolyzed rice extract, vitis vinifera (grape) seed extract, hydrolyzed rice bran extract, lauryl peg-9 polydimethylsiloxyethyl dimethicone, thermus thermophillus ferment, behenyl alcohol, acrylic acid/vp crosspolymer, triacontanyl pvp, glycerin, c12-15 alkyl benzoate, linoleic acid, cholesterol, squalane, sodium pca, 1,2-hexanediol, urea, caprylic/capric triglyceride, dipropylene glycol dibenzoate, tocopheryl acetate, acrylamide/sodium acryloyldimethyltaurate copolymer, tetrahexyldecyl ascorbate, sodium hyaluronate, ergothioneine, isohexadecane, ppg-15 stearyl ether benzoate, glycyrrhetinic acid, trehalose, polyquaternium-51, polysorbate 80, lecithin, hydrogenated lecithin, fumaric acid, palmitoyl hydroxypropyltrimonium amylopectin/glycerin crosspolymer, caprylyl glycol, cyclodextrin, sodium hydroxide, nordihydroguaiaretic acid, sodium chloride, ascorbyl tocopheryl maleate, fragrance (parfum), citric acid, ethylbisiminomethylguaiacol manganese chloride, pentaerythrityl tetra-di-t-butyl hydroxyhydrocinnamate, disodium edta, bht, sodium dehydroacetate, phenoxyethanol, blue 1 (ci 42090), yellow 5 (ci 19140), chromium hydroxide green (ci 77289)",£40.50,['Dry'],"hydration, under-eye"
Embryolisse Lait-Crème Concentré (30ml),https://www.lookfantastic.com/embryolisse-lait-creme-concentre-30ml/11118732.html,Moisturiser,"aqua. paraffinum liquidum. stearic acid. glyceryl stearate. triethanolamine. cera alba. cetyl palmitate. butyrospermum parkii. steareth-10. polyacrylamide c13-14 isoparaffin, laureth-7. propylene glycol, hydrolyzed soy protein, aloe barbadensis. 1,2-hexanediol, caprylyl glycol. tropolone. parfum.",£13.00,['All'],general
The Chemistry Brand Intense Youth Complex Hand Cream 100ml,https://www.lookfantastic.com/the-chemistry-brand-intense-youth-complex-hand-cream-100ml/10985285.html,Moisturiser,"water (aqua), propanediol, caprylic/capric triglyceride, cetearyl alcohol, cetearyl glucoside, cyclopentasiloxane, cetyl alcohol, glycerin, tremella fuciformis sporocarp extract, cellulose, pseudoalteromonas ferment extract, calendula officinalis flower extract, alanine, proline, serine, tocopherol, glycine soja oil, dimethicone/vinyl dimethicone crosspolymer, sodium polyacrylate, menthol, betaine, xanthan gum, caprylyl glycol, potassium sorbate, acrylates/c12-22 alkyl methacrylate copolymer, ethyl menthane carboxamide, hydroxypropylcellulose, menthyl lactate, propylene glycol, methyl diisopropyl propionamide, ethylhexylglycerin, sodium phosphate, sodium hydroxide, chlorphenesin phenoxyethanol, fragrance (parfum), citral, coumarin, geraniol, limonene, linalool.",£18.99,"['Dry', 'Sensitive']","hydration, sensitivity"
Avène Tolérance Extrême Cream 50ml,https://www.lookfantastic.com/avene-tolerance-extreme-cream-50ml/11571258.html,Moisturiser,"avene thermal spring water (avene aqua), caprylic/capric triglyceride, glycerin, butyrospermum parkii (shea) butter (butyrospermum parkii butter), carthamus tinctorius (safflower) seed oil (carthamus tinctorius seed oil), behenyl alcohol, sodium acrylates/c10-30 alkyl acrylate crosspolymer, water (aqua).",£15.00,['Dry'],hydration
La Roche-Posay Toleriane Ultra Overnight Moisturiser 40ml,https://www.lookfantastic.com/la-roche-posay-toleriane-ultra-overnight-moisturiser-40ml/11259356.html,Moisturiser,"aqua / water, glycerin, squalane, propanediol, butylene glycol, butyrospermum parkii butter / shea butter, pentylene glycol, niacinamide, dimethicone, ammonium polyacryldimethyltauramide / ammonium polyacryloyldimethyl taurate, polymethylsilsesquioxane, polysorbate 20, allantoin, glyceryl acrylate/acrylic acid copolymer, dimethiconol, aluminum starch octenylsuccinate, carnosine, disodium edta, citric acid, acetyl dipeptide-1 cetyl ester, xanthan gum, t-butyl alcohol, toluene sulfonic acid, tocopherol.",£19.00,"['Dry', 'Oily', 'Sensitive', 'Normal']","acne, hydration, brightening, dark spots, oil control, under-eye"
First Aid Beauty Hello FAB Coconut Water Cream,https://www.lookfantastic.com/first-aid-beauty-hello-fab-coconut-water-cream/11659687.html,Moisturiser,"cocos nucifera (coconut) fruit juice, glucose, maltodextrin, aqua (water), dimethicone, cyclopentasiloxane, sodium acrylate/sodium acryloyldimethyl taurate copolymer, cocos nu-cifera (coconut) fruit extract, alteromonas ferment filtrate, pyrus malus (apple) fruit extract, prunus armeniaca (apricot) fruit extract, vanilla planifolia fruit extract, sodium hyaluronate, sea salt (maris sal), lycium barbarum fruit extract, glycyrrhiza glabra (licorice) root extract, chrysanthemum parthenium (feverfew) extract, camellia sinensis leaf extract, dip-teryx odorata seed extract, coffea arabica (coffee) seed extract, caprylyl glycol, caprylic/capric triglyceride, butylene glycol, hydrogenated polydecene, dimethicone cross-polymer, dipropylene glycol, cetyl diglyceryl tris (trimethylsiloxy)silylethyl dimethicone, phe-noxyethanol, laureth-8.",£30.00,['All'],"brightening, dark spots"
Elemis Pro-Collagen Marine Cream SPF30 50ml,https://www.lookfantastic.com/elemis-pro-collagen-marine-cream-spf30-50ml/11419327.html,Moisturiser,"aqua/water/eau, glycerin, caprylic/capric triglyceride, glyceryl stearate se, isononyl isononanoate, dicaprylyl carbonate, dimethicone, butyl methoxydibenzoylmethane, ethylhexyl methoxycinnamate, phenoxyethanol, polyacrylate-13, butylene glycol, cetyl alcohol, hydroxyacetophenone, octocrylene, stearic acid, tocopheryl acetate, coco-caprylate, xanthan gum, chlorphenesin, polyisobutene, fragrance (parfum), disodium edta, lecithin, tocopherol, butyrospermum parkii (shea) butter, citric acid, daucus carota sativa (carrot) root extract, triticum vulgare (wheat) germ oil, chlorella vulgaris extract, glyceryl polyacrylate, benzyl benzoate, glyceryl acrylate/acrylic acid copolymer, padina pavonica thallus extract, sodium dehydroacetate, polysorbate 20, sorbitan isostearate, ginkgo biloba leaf extract, porphyridium cruentum extract, dipropylene glycol, citronellol, geraniol, hydroxycitronellal, citrus limon (lemon) peel oil, limonene, potassium sorbate, sodium benzoate, citrus aurantium amara (bitter orange) peel oil.",£87.00,['Dry'],"hydration, sun protection"
Avène Aqua Gel 50ml,https://www.lookfantastic.com/avene-aqua-gel-50ml/12312809.html,Moisturiser,"avene thermal spring water (avene aqua). glycerin. pentylene glycol. 1,2-hexanediol. dimethicone. isocetyl stearoyl stearate. triethylhexanoin. caprylic/capric triglyceride. betaine. methyl gluceth-20. polyglyceryl-10 myristate. acrylates/c10-30 alkyl acrylate crosspolymer. bht. bis-peg-18 methyl ether dimethyl silane. c12-20 alkyl glucoside. c14-22 alcohols. carbomer. citric acid. cucurbita pepo (pumpkin) seed oil (cucurbita pepo seed oil). fragrance (parfum). phytosterols. potassium hydroxide. sodium citrate. sodium dextran sulfate. sodium hyaluronate. squalane. tocopheryl glucoside. water (aqua).",£20.00,['Dry'],hydration
La Roche-Posay Effaclar K(+) Anti-Blackhead Moisturiser 40ml,https://www.lookfantastic.com/la-roche-posay-effaclar-k-anti-blackhead-moisturiser-40ml/11134733.html,Moisturiser,"aqua / water, propylene glycol, octyldodecanol, dimethicone, peg-100 stearate, glyceryl stearate, salicylic acid, ammonium polyacryldimethyltauramide / ammonium polyacryloyldimethyl taurate, zinc pca, sarcosine, sodium hydroxide, silica, silica silylate, perlite, carnosine, disodium edta, capryloyl salicylic acid, xanthan gum, pentylene glycol, acrylates copolymer, cetyl alcohol, butylene glycol, tocopherol, parfum / fragrance.",£17.00,['Oily'],"acne, oil control, blackheads"
The INKEY List Snow Mushroom,https://www.lookfantastic.com/the-inkey-list-snow-mushroom/12211784.html,Moisturiser,"aqua (water/ eau), butylene glycol, glycerin, sodium acrylates copolymer, phenoxyethanol, sodium caproyl prolinate, lecithin, tremella fuciformis (mushroom) extract, carbomer, madecassoside, sodium hydroxide, ethylhexylglycerin, glyceryl polyacrylate, trisodium ethylenediamine disuccinate.",£9.99,['Dry'],hydration
Weleda Skin Food (30ml),https://www.lookfantastic.com/weleda-skin-food-30ml/10540679.html,Moisturiser,"water (aqua), helianthus annuus (sunflower) seed oil, lanolin, prunus amygdalus dulcis (sweet almond) oil, beeswax (cera alba), alcohol, polyglyceryl-3 polyricinoleate, glycerin, limonene, viola tricolor extract, fragrance (parfum), hydrolyzed beeswax, sobitan olivate, rosmarinus officinalis (rosemary) leaf extract, chamomilla recutita (matricaria) flower extract, calendula officinalis flower extract, arginine, zinc sulfate, linalool, geraniol, citral, coumarin.",£7.95,"['Dry', 'Oily', 'Sensitive']","hydration, sensitivity, oil control"
Egyptian Magic All Purpose Skin Cream 59ml/2oz,https://www.lookfantastic.com/egyptian-magic-all-purpose-skin-cream-59ml-2oz/11294204.html,Moisturiser,"olive oil, beeswax, honey, bee pollen, royal jelly, propolis extract.",£20.00,['Dry'],general
La Roche-Posay Nutritic Intense Rich 50ml,https://www.lookfantastic.com/la-roche-posay-nutritic-intense-rich-50ml/11091859.html,Moisturiser,"aqua, water, glycerin, cetearyl alcohol, caprylic/capric triglyceride, glyceryl stearate, alcohol denat., ethylhexyl palmitate, dimethicone, butyrospermum parkii butter / shea butter, myristyl myristate, niacinamide, peg-100 stearate, glycine soja oil / soybean oil, sodium polyacrylate, myristyl malate phosphonic acid, disodium edta, caprylyl glycol, citric acid, tocopherol, pentaerythrityl tetra-di-t-butyl hydroxyhydrocinnamate, phenoxyethanol, parfum / fragrance.",£18.00,"['Dry', 'Oily', 'Normal']","acne, hydration, brightening, dark spots, oil control, under-eye"
Origins GinZing™ Energy-Boosting Tinted Moisturiser SPF40 50ml,https://www.lookfantastic.com/origins-ginzing-energy-boosting-tinted-moisturizer-spf40-50ml/11396733.html,Moisturiser,"water\aqua\eau, ethylhexyl methoxycinnamate, butylene glycol, titanium dioxide, cetyl alcohol, zinc oxide (nano), neopentyl glycol diheptanoate, c12-15 alkyl benzoate, dimethicone, laureth-4, octocrylene, ethylhexyl salicylate, polyethylene, peg-100 stearate, hydrogenated lecithin, citrus limon (lemon) peel oil, citrus grandis(grapefruit) peel oil, menthaviridis (spearmint) leaf oil, citrus aurantium dulcis (orange) peel oil, limonene, linalool, citral, garcinia mangostana peel extract, panax ginseng (ginseng) root extract, citrus aurantium amara (bitter orange) flower wax, castanea sativa (chesnut) seed extract, psidium guajava (guava) fruit extract, citrus aurantium amara (bitter orange) flower water, luminaria, saccharina extract, triticum vulgare (wheat) germ extract, adenosine phosphate, pantethine, creatine, hordeum vulgare (barley) extract\extrait d’orge, folic acid, tourmaline, cordyceps sinensis extract, ethylhexylglycerin, acetyl carnitine hel, caffeine, rhodochrosite, sodium hyaluronate, isopropyl myristate, hydroxyethyl acrylate/sodium acryloyldimethyl taurate copolymer, trehalose, polyglyceryl-3 beeswax, pvp/hexadecane copolymer, squalance, capryly glycol, tocopheryl acetate, yeast extract\faex\extrait de levure, isostearic acid, polymethyl methacrylate, dimethicone, silylate, polyhydroxystearic acid, magnesium ascorbyl phosphate, nylon-12, xanthan gum, hexylene, glycol, polysorbate 60, silica, bht, phenoxyethanol, ci 77491, ci 77492, ci 77499, titanium dioxide (ci 77891).",£32.00,"['Dry', 'Oily']","hydration, sun protection, oil control, under-eye"
Estée Lauder DayWear Multi-Protection Anti-Oxidant Creme SPF 15 30ml,https://www.lookfantastic.com/estee-lauder-daywear-multi-protection-anti-oxidant-creme-spf-15-30ml/11413747.html,Moisturiser,"water\aqua\eau, ethylhexyl salicylate, dimethicone, butyloctyl salicylate, butylene glycol, butyl methoxydibenzoylmethane, polyester-8, cetyl ricinoleate, steareth-21, steareth-2, di-c12-15 alkyl fumarate, caprylic/capric/myristic/stearic triglyceride, polysilicone-11, psidium guajava (guava) fruit extract, gentiana lutea (gentian) root extract, polygonum cuspidatum root extract, stearyl alcohol, hordeum vulgare (barley) extract\extrait d'orge, laminaria ochroleuca extract, rosmarinus officinalis (rosemary) leaf extract, triticum vulgare (wheat) germ extract, artemia extract, fumaria officinalis flower/leaf/stem extract, caffeine, pentylene glycol, citrus medica limonum (lemon) fruit extract, hydrolyzed rice extract, vitis vinifera (grape) seed extract, hydrolyzed rice bran extract, lauryl peg-9 polydimethylsiloxyethyl dimethicone, thermus thermophillus ferment, behenyl alcohol, acrylic acid/vp crosspolymer, triacontanyl pvp, glycerin, c12-15 alkyl benzoate, linoleic acid, cholesterol, squalane, sodium pca, 1,2-hexanediol, urea, caprylic/capric triglyceride, dipropylene glycol dibenzoate, tocopheryl acetate, acrylamide/sodium acryloyldimethyltaurate copolymer, tetrahexyldecyl ascorbate, sodium hyaluronate, ergothioneine, isohexadecane, ppg-15 stearyl ether benzoate, glycyrrhetinic acid, trehalose, polyquaternium-51, polysorbate 80, lecithin, hydrogenated lecithin, fumaric acid, palmitoyl hydroxypropyltrimonium amylopectin/glycerin crosspolymer, caprylyl glycol, cyclodextrin, sodium hydroxide, nordihydroguaiaretic acid, sodium chloride, ascorbyl tocopheryl maleate, fragrance (parfum), citric acid, ethylbisiminomethylguaiacol manganese chloride, pentaerythrityl tetra-di-t-butyl hydroxyhydrocinnamate, disodium edta, bht, sodium dehydroacetate, phenoxyethanol, blue 1 (ci 42090), yellow 5 (ci 19140), chromium hydroxide green (ci 77289).",£25.20,['Dry'],"hydration, under-eye"
Elizabeth Arden Eight Hour Great 8 Daily Defense Moisturizer 45ml,https://www.lookfantastic.com/elizabeth-arden-eight-hour-great-8-daily-defense-moisturizer-45ml/12201758.html,Moisturiser,"aqua/water/eau, homosalate, ethylhexyl salicylate, dipropylene glycol, butyl methoxydibenzoylmethane, glycerin, thermus thermophillus ferment, butylene glycol, imperata cylindrica root extract, enantia chlorantha bark extract, marrubium vulgare extract, acrylates/c10-30 alkyl acrylate crosspolymer, ammonium acryloyldimethyltaurate/beheneth-25 methacrylate crosspolymer, caprylyl glycol, carbomer, dimethylmethoxy chromanol, disodium edta, hydroxyacetophenone, oleanolic acid, clareolide, triethanolamine, parfum (fragrance), geraniol, hexyl cinnamal, limonene, linalool, chlorphenesin.",£36.00,['Dry'],hydration
Skin Doctors Sd White & Bright (50ml),https://www.lookfantastic.com/skin-doctors-sd-white-and-bright-50ml/10307573.html,Moisturiser,"aqua(water), butylene glycol, ethylhexyl, methoxycinnamate, c12-15 alkyl benzoate, sorbitan stearate, dimethicone, hydroxyethyl acrylate/sodium acryloyldimethyl taurate copolymer, ceteareth-20, squalane, butyl methoxydibenzoylmethane, hydrogenated lecithin, oligopeptide-68, sodium oleate, disodium edta, cetyl alcohol, polysorbate 60, caprylyl glycol, tocopheryl acetate, cyclopentasiloxane, phenoxyethanol, sodium hydroxide, fragrance (parfum), citronellol, hexyl cinnamal, linalool, butlyphenyl, methylpropional.",£21.99,['Dry'],hydration
Origins GinZing Ultra Hydrating Energy-Boosting Cream Moisturiser 50ml,https://www.lookfantastic.com/origins-ginzing-ulta-hydrating-energy-boosting-cream-moisturiser-50ml/12193057.html,Moisturiser,"water\aqua\eau, glycerin, caprylic/capric triglyceride, c12-20 acid peg-8 ester, simmondsia chinensis (jojoba) seed oil, caprylic/capric/myristic/stearic triglyceride, hydroxyethyl urea, cetyl alcohol, niacinamide, dimethicone, butylene glycol, sodium polyaspartate, ammonium acryloyldimethyltaurate/vp copolymer, citrus limon (lemon) peel oil, citrus grandis (grapefruit) peel oil, mentha viridis (spearmint) leaf oil, citrus aurantium dulcis (orange) peel oil, limonene, linalool, citral, panax ginseng (ginseng) root extract, hordeum vulgare (barley) extract\extrait d'orge, salicylic acid, algae extract, linoleic acid, caffeine, sucrose, cucumis sativus (cucumber) fruit extract, trehalose, ophiopogon japonicus root extract, sorbitol, phospholipids, tocopheryl acetate, tocopherol, coffea arabica (coffee) seed oil, arginine, sodium hyaluronate, butyrospermum parkii (shea butter), helianthus annuus (sunflower) seedcake, squalane, ethylhexylglycerin, caprylyl glycol, peg-100 stearate, glyceryl stearate, potassium cetyl phosphate, acrylates/c10-30 alkyl acrylate crosspolymer, behenyl alcohol, xanthan gum, carbomer, sodium hydroxide, disodium edta, chlorphenesin, potassium sorbate, phenoxyethanol",£25.00,"['Dry', 'Oily', 'Normal']","acne, hydration, brightening, dark spots, oil control, blackheads, under-eye"
Elizabeth Arden Eight Hour Cream Skin Protectant (50ml),https://www.lookfantastic.com/elizabeth-arden-eight-hour-cream-skin-protectant-50ml/10026014.html,Moisturiser,"petrolatum (56.8%), lanolin, mineral oil, tocopherol, bht, salicylic acid, ricinus communis seed oil (castor), vegetable oil, zea mays oil (corn), fragrance, citral, citronellol, geraniol, limonene, linalool, propylparaben, iron oxides.",£28.00,"['Dry', 'Oily']","acne, blackheads"
PRAI AGELESS Throat & Decolletage Crème 50ml,https://www.lookfantastic.com/prai-ageless-throat-decolletage-creme-50ml/11362310.html,Moisturiser,"aqua/water/eau, glycerin, butyrospermum parkii (shea) butter, cyclopentasiloxane, isopropyl myristate, dimethicone, polysorbate 20, carbomer, aluminum starch octenylsuccinate, octyldodecyl stearate, dipalmitoyl hydroxyproline, cyclomethicone, dimethicone crosspolymer, sodium hyaluronate, squalane, aloe barbadensis leaf juice, vitis vinifera (grape) fruit extract, morus alba leaf extract, scutellaria galericulata extract, saxifraga sarmentosa extract, zingiber cassumunar root oil, tocopheryl acetate, nylon-6, ethylhexyl isononanoate, sodium hydroxide, propylene glycol, butylene glycol, trisodium edta, potassium sorbate, sodium benzoate, phenoxyethanol, fragrance (parfum), benzyl salicylate, hexyl cinnamal, butylphenyl methylpropional, limonene, alpha-isomethyl ionone, titanium dioxide (ci 77891).",£24.99,['Dry'],"hydration, sun protection"
La Roche-Posay Toleriane Sensitive Fluid Moisturiser 40ml,https://www.lookfantastic.com/la-roche-posay-toleriane-sensitive-fluid-moisturiser-40ml/11855110.html,Moisturiser,"aqua / water, caprylic/capric triglyceride, glycerin, propanediol, pentylene glycol, niacinamide, ammonium polyacryloyldimethyl taurate, caprylyl glycol, citric acid, xanthan gum.",£16.50,"['Dry', 'Oily', 'Normal']","acne, hydration, brightening, dark spots, oil control, under-eye"
La Roche-Posay Effaclar MAT+ 40ml,https://www.lookfantastic.com/la-roche-posay-effaclar-mat-40ml/11091826.html,Moisturiser,"aqua, water, cyclopentasiloxane, glycerin, isocetyl stearate, alcohol denat., dimethicone, dimethicone/vinyl dimethicone crosspolymer, acrylamide/sodium acryloyldimethyltaurate copolymer, methyl methacrylate crosspolymer, silica, cyclohexasiloxane, peg-100 sterate, cocamide mea, zinc pca, glyceryl stearate, triethanolamine, isohexadecane, sodium citrate, ascorbyl glucoside, nylon-12, capryloyl salicylic acid, tetrasodium edta, polysorbate 80, acrylates/c10-30 alyl acrylate crosspolymer, tocopherol, methylparaben, salicylic acid, parfum/fragrance.",£17.00,"['Dry', 'Oily']","acne, hydration, oil control, blackheads"
Mama Mio The Tummy Rub Butter 120ml - Fragrance Free,https://www.lookfantastic.com/mama-mio-the-tummy-rub-butter-120ml-fragrance-free/12078037.html,Moisturiser,"aloe barbadensis leaf juice, aqua/water/eau, ethylhexyl palmitate, coconut alkanes, butyrospermum parkii (shea) butter, cetyl alcohol, glycerin, prunus amygdalus dulcis (sweet almond) oil, cetearyl alcohol, caprylic/capric triglyceride, sodium acrylate/sodium acryloyldimethyl taurate copolymer, glyceryl stearate citrate, myristyl myristate, phenoxyethanol, isohexadecane, hydroxyacetophenone, sodium stearoyl glutamate, coco-caprylate/caprate, polysorbate 80, ethylhexylglycerin, tocopherol, argania spinosa kernel oil, cocos nucifera (coconut) oil, olea europaea (olive) fruit oil, persea gratissima (avocado) oil, rosa canina fruit oil, plukenetia volubilis seed oil, sorbitan oleate, glyceryl caprylate, 1,2-hexanediol, beta-glucan, caprylyl glycol, sodium benzoate, citric acid, sodium hydroxide.",£24.00,['Dry'],hydration
Clinique Moisture Surge 72 Hour Auto Replenishing Hydrator 50ml,https://www.lookfantastic.com/clinique-moisture-surge-72-hour-auto-replenishing-hydrator-50ml/11144741.html,Moisturiser,"water\aqua\eau, dimethicone, butylene glycol, glycerin, trisiloxane, trehalose, sucrose, ammonium acryloyldimethyltaurate/vp copolymer, hydroxyethyl urea, camellia sinensis (green tea) leaf extract, silybum marianum (lady's thistle) extract, betula alba (birch) bark extract, saccharomyces lysate extract, aloe barbadensis leaf water, thermus thermophillus ferment, caffeine, sorbitol, palmitoyl hexapeptide-12, sodium hyaluronate, caprylyl glycol, oleth-10, sodium polyaspartate, saccharide isomerate, hydrogenated lecithin, tocopheryl acetate, acrylates/c10-30 alkyl acrylate crosspolymer, glyceryl polymethacrylate, peg-8, hexylene glycol, magnesium ascorbyl phosphate, disodium edta, bht, phenoxyethanol, red 4 (ci 14700), yellow 5 (ci 19140).",£37.00,"['Dry', 'Sensitive', 'Normal']","hydration, sensitivity, under-eye"
Elemis Pro-Collagen Marine Cream 50ml,https://www.lookfantastic.com/elemis-pro-collagen-marine-cream-50ml/10364543.html,Moisturiser,"water (aqua), glyceryl stearate se, glycerin, glyceryl polyacrylate, glyceryl polymethacrylate, propylene glycol, dimethicone, isononyl isononanoate, triticum vulgare (wheat) germ oil, butyrospermum parkii (shea butter), simmondsia chinensis (jojoba) seed oil, chlorella vulgaris extract, padina pavonica extract, daucus carota sativa (carrot) seed extract, porphyridium cruentum extract, acacia decurrens absolute, rosa damascena flower absolute, lecithin, ginkgo biloba extract, phenoxyethanol, cetyl alcohol, stearic acid, polyacrylamide, xanthan gum, chlorphenesin, methylparaben, fragrance (parfum), laureth-7, disodium edta, butylparaben, ethylparaben, tocopheryl acetate, propylparaben, isobutylparaben, hydroxyisohexyl 3-cyclohexene carboxaldehyde, butylphenyl methylpropional, linalool, citronellol.",£87.00,['Dry'],hydration
La Roche-Posay Toleriane Ultra Fluid 40ml,https://www.lookfantastic.com/la-roche-posay-toleriane-ultra-fluid-40ml/11196312.html,Moisturiser,"aqua, glycerin, squalane, propanediol, butylene glycol, butyrospermum parkii butter, pentylene glycol, dimethicone, polymethysilsesquioxane, polysorbate 20, glyceryl acrylate/acrylic acide copolymer, dimethiconol, aluminum starch octenylsuccinate, ammonium polyacrydimethyltauramide, disodium edta, acetyl dipeptide-1 cetyl.",£18.50,['Dry'],hydration
Clinique Moisture Surge 72-Hour Auto-Replenishing Hydrator 15ml,https://www.lookfantastic.com/clinique-moisture-surge-72-hour-auto-replenishing-hydrator-15ml/12076053.html,Moisturiser,"water\aqua\eau, dimethicone, butylene glycol, glycerin, trisiloxane, trehalose, sucrose, ammonium acryloyldimethyltaurate/vp copolymer, hydroxyethyl urea, camellia sinensis (green tea) leaf extract, silybum marianum (lady's thistle) extract, betula alba (birch) bark extract, saccharomyces lysate extract, aloe barbadensis leaf water, thermus thermophillus ferment, caffeine, sorbitol, palmitoyl hexapeptide-12, sodium hyaluronate, caprylyl glycol, oleth-10, sodium polyaspartate, saccharide isomerate, hydrogenated lecithin, tocopheryl acetate, acrylates/c10-30 alkyl acrylate crosspolymer, glyceryl polymethacrylate, peg-8, hexylene glycol, magnesium ascorbyl phosphate, disodium edta, bht, phenoxyethanol, red 4 (ci 14700), yellow 5 (ci 19140).",£12.00,"['Dry', 'Sensitive', 'Normal']","hydration, sensitivity, under-eye"
Clinique for Men Moisturising Lotion 100ml,https://www.lookfantastic.com/clinique-for-men-moisturizing-lotion-100ml/10921700.html,Moisturiser,"water\aqua\eau, mineral oil\paraffinum liquidum\huile minerale, glycerin, petrolatum, stearic acid, glyceryl stearate, sesamum indicum (sesame) oil, urea, lanolin alcohol, triethanolamine, cucumis sativus (cucumber) fruit extract, hordeum vulgare (barley) extract\extrait d'orge, propylene glycol dicaprate, helianthus annuus (sunflower) seedcake, butylene glycol, sodium hyaluronate, pentylene glycol, trisodium edta, phenoxyethanol, red 33 (ci 17200), yellow 5 (ci 19140), yellow 6 (ci 15985).",£25.40,['Dry'],hydration
Bulldog Oil Control Moisturiser 100ml,https://www.lookfantastic.com/bulldog-oil-control-moisturiser-100ml/11393161.html,Moisturiser,"aqua (water), c12-15 alkyl benzoate, tapioca starch, glycerin, sorbitan stearate, hamamelis virginiana (witch hazel) water, sodium polyacrylate, pentaerythrityl distearate, phenoxyethanol, sodium stearoyl glutamate, alcohol, carbomer, benzoic acid, parfum (fragrance), tocopheryl acetate, dehydroacetic acid, sodium hydroxide, salix alba (willow) bark extract, limonene, linalool, juniperus communis fruit extract, potassium sorbate, sodium benzoate.",£4.50,"['Dry', 'Oily']",hydration
Bulldog Age Defence Moisturiser 100ml,https://www.lookfantastic.com/bulldog-age-defence-moisturiser-100ml/10599978.html,Moisturiser,"aqua (water), ethylhexyl palmitate, caprylic/capric triglyceride, glycerin, sorbitan stearate, pentaerythrityl distearate, phenoxyethanol, sodium polyacrylate, tocopherol (vitamin e), sodium stearoyl glutamate, helianthus annuus (sunflower) seed oil, parfum (fragrance), carbomer, benzoic acid, echinacea purpurea flower/leaf/stem extract, dehydroacetic acid, amorphophallus konjac root extract, limonene, sodium hydroxide, linalool, rosmarinus officinalis (rosemary) leaf extract, citric acid, sodium benzoate, potassium sorbate.",£6.75,"['Dry', 'Normal']",hydration
The INKEY List Multi-Biotic Moisturiser 30ml,https://www.lookfantastic.com/the-inkey-list-multi-biotic-moisturiser-30ml/12211785.html,Moisturiser,"aqua (water), inulin, glycerin, isoamyl laurate, propanediol, squalane, cetearyl olivate, sorbitan olivate, avena sativa (oat) kernel oil, phenoxyethanol, yogurt powder, sodium caproyl prolinate, carbomer, isoamyl cocoate, benzyl alcohol, sodium hyaluronate, sodium stearoyl glutamate, ethylhexylglycerin, diglucosyl gallic acid, trisodium ethylenediamine disuccinate, dehydroacetic acid polysorbate 60, dehydroacetic acid, citric acid, heptapeptide-7, lecithin, potassium sorbate, propanediol, sodium benzoate, xanthan gum, sorbitan isostearate.",£12.99,['Dry'],hydration
Caudalie Vinosource Moisturising Sorbet 40ml,https://www.lookfantastic.com/caudalie-vinosource-moisturising-sorbet-40ml/10594590.html,Moisturiser,"aqua (water), vitis vinifera (grape) fruit water, dicaprylyl ether, glycerin, butyrospermum parkii (shea) butter extract, hexyldecanol, hexyldecyl laurate, behenyl alcohol, glyceryl stearate, acrylates/c10-30 alkyl acrylate crosspolymer, erythritol, parfum (fragrance), tocopherol, lecithin, caprylyl glycol, mannitol, sodium benzoate, xanthan gum, palmitoyl grape seed extract, vitis vinifera (grape) juice, glycine soja (soybean) sterols, butylene glycol, sodium hydroxide, sodium citrate, citric acid, chamomilla recutita (matricaria) flower extract, sodium carboxymethyl betaglucan, sodium phytate, potassium sorbate, biosaccharide gum-1, sodium hyaluronate, homarine hcl, glyceryl caprylate, acetyl tetrapeptide-15.",£23.00,['Dry'],hydration
Neutrogena Refreshingly Clear Oil-Free Moisturiser 50ml,https://www.lookfantastic.com/neutrogena-refreshingly-clear-oil-free-moisturiser-50ml/12309605.html,Moisturiser,"aqua, glycerin, propylene glycol, cetyl alcohol, c12-15 alkyl benzoate, glyceryl stearate, peg-100 stearate, stearyl alcohol, c12-15 alkyl lactate, salicylic acid, aloe barbadensis leaf extract, cetyl lactate, chamomilla recutita extract, cocamidopropyl pg-dimonium chloride phosphate, menthyl lactate, dimethicone, propylene glycol isostearate, sodium isostearoyl lactylate, acrylates/c10-30 alkyl acrylate crosspolymer, carbomer, sodium chloride, palmitic acid, stearic acid, disodium edta, sodium hydroxide, benzalkonium chloride, ethylparaben, methylparaben, propylparaben, phenoxyethanol, parfum, benzyl alcohol.",£5.24,"['Dry', 'Oily']","acne, hydration, blackheads"
The INKEY List Turmeric Moisturiser 30ml,https://www.lookfantastic.com/the-inkey-list-turmeric-moisturiser-30ml/12208017.html,Moisturiser,"aqua (water), squalane, cocos nucifera (coconut) oil, c12-16 alcohols, avena sativa (oat) kernel flour, curcuma longa root (turmeric) root extract, avena sativa (oat) kernel oil, palmitic acid, tocopheryl acetate, phenoxyethanol, lecithin, glycerin, xanthan gum, sodium levulinate, sodium anisate, ethylhexylglycerin, sodium stearoyl glutamate, trisodium ethylenediamine disuccinate, tocopherol.",£7.99,['Dry'],hydration
The Ordinary Vitamin C Suspension Cream 30% in Silicone 30ml,https://www.lookfantastic.com/the-ordinary-vitamin-c-suspension-cream-30-in-silicone-30ml/11638504.html,Moisturiser,"dimethicone, ascorbic acid, polysilicone-11, peg-10 dimethicone.",£6.10,['All'],general
La Roche-Posay Toleriane Sensitive Moisturiser 40ml,https://www.lookfantastic.com/la-roche-posay-toleriane-sensitive-moisturiser-40ml/11855111.html,Moisturiser,"aqua/water, caprylic/capric triglyceride, glycerin, propanediol, pentylene glycol, niacinamide, ammonium polyacryloyldimethyl taurate, caprylyl glycol, citric acid, xanthan gum.",£16.50,"['Dry', 'Oily', 'Normal']","acne, hydration, brightening, dark spots, oil control, under-eye"
Avene Hydrance Hydrating Cream 40ml,https://www.lookfantastic.com/avene-hydrance-hydrating-cream-40ml/11638678.html,Moisturiser,"avene thermal spring water (avene aqua), mineral oil (paraffinum liquidum), glycerin, isohexadecane, dimethicone, cetearyl alcohol, carthamus tinctorius (safflower) seed oil (carthamus tinctorius seed oil), isocetyl stearoyl stearate, triethylhexanoin, glyceryl stearate, peg-100 stearate, 1,2-hexanediol, butyrospermum parkii (shea) butter (butyrospermum parkii butter), cetearyl glucoside, benzoic acid, beta-sitosterol, bht, disodium edta, fragrance (parfum), polyacrylate-13, polyisobutene, polysorbate 20, sodium hydroxide, sorbitan isostearate, water (aqua), xanthan gum.",£15.50,['Dry'],hydration
Caudalie Vinoperfect Dark Spot Correcting Glycolic Night Cream 50ml,https://www.lookfantastic.com/caudalie-vinoperfect-dark-spot-correcting-glycolic-night-cream-50ml/11979372.html,Moisturiser,"aqua/water/eau, butylene glycol, glycerin, cetearyl alcohol, coco-caprylate/ caprate, glyceryl stearate se, butyrospermum parkii (shea) butter extract, caprylic/capric triglyceride, vitis vinifera (grape) seed oil, hydrogenated vegetable oil, triheptanoin, potassium cetyl phosphate, panthenol, squalane, glycolic acid, palmitoyl grapevine shoot extract, cetearyl glucoside, bisabolol, sodium hyaluronate, tocopheryl acetate, acacia senegal gum, xanthan gum, caprylyl glycol, cassia angustifolia seed polysaccharide, papain, tocopherol, arginine, benzyl alcohol, dehydroacetic acid, carbomer, 1,2-hexanediol, algin, sodium hydroxide, sodium phytate, parfum (fragrance), geraniol, limonene, linalool.",£34.00,"['Dry', 'Oily', 'Sensitive']","hydration, uneven texture"
L'Oréal Men Expert Pure & Matte Anti-Shine Moisturising Gel (50ml),https://www.lookfantastic.com/l-oreal-men-expert-pure-matte-anti-shine-moisturising-gel-50ml/10547030.html,Moisturiser,"aqua / water, glycerin, alcohol denat., dimethicone, silica, mentha piperita extract / peppermint leaf extract, c12-13 pareth-23, c12-13 pareth-3, peg/ppg-18/18, dimethicone, divinyldimethicone/dimethicone copolymer, ammonium polyacryldimethyltauramide / ammonium polyacryloyldimethyl taurate, caprylyl glycol, tocopheryl acetate, phenoxyethanol, ci 19140 / yellow 5, ci 42090 / blue 1, linalool, limonene, parfum / fragrance.",£4.99,['Dry'],hydration
Estée Lauder Revitalising Supreme + Global Anti-ageing Cell Power Crème 30ml,https://www.lookfantastic.com/estee-lauder-revitalizing-supreme-global-anti-aging-cell-power-creme-30ml/11432495.html,Moisturiser,"water\aqua\eau, dimethicone, glycerin, isohexadecane, butylene glycol, bis-peg-18 methyl ether dimethyl silane, peg-10 dimethicone, disteardimonium hectorite, pentylene glycol, cucumis sativus (cucumber) fruit extract, narcissus tazetta bulb extract, magnolia officinalis bark extract, hordeum vulgare (barley) extract\extrait d'orge, sigesbeckia orientalis (st paul's wort) extract, lens esculenta (lentil) fruit extract, pyrus malus (apple) fruit extract, whey protein\lactis protein\proteine du petit-lait, citrullus vulgaris (watermelon) fruit extract, moringa oleifera seed extract, laminaria digitata extract, triticum vulgare (wheat) germ extract, opuntia tuna extract, acetyl hexapeptide-8, sorbitol, helianthus annuus (sunflower) seedcake, caffeine, algae extract, sodium hyaluronate, sodium lactate, squalane, polysilicone-11, isododecane, tocopheryl acetate, sucrose, acetyl glucosamine, polyethylene, propylene carbonate, citric acid, peg-32, propylene glycol dicaprate, peg-6, isoceteth-20, sodium dehydroacetate, aminopropyl ascorbyl phosphate, fragrance (parfum), sodium pca, sodium citrate, disodium edta, bht, phenoxyethanol, iron oxides (ci 77491).",£44.10,['Dry'],"hydration, under-eye"
The Chemistry Brand Heel Hydration Complex 100ml,https://www.lookfantastic.com/the-chemistry-brand-heel-hydration-complex-100ml/10985287.html,Moisturiser,"water (aqua), propanediol, caprylic/capric triglyceride, cetearyl alcohol, cetearyl glucoside, cyclopentasiloxane, cetyl alcohol, glycerin, tremella fuciformis sporocarp extract, cellulose, pseudoalteromonas ferment extract, calendula officinalis flower extract, alanine, proline, serine, tocopherol, glycine soja oil, dimethicone/vinyl dimethicone crosspolymer, sodium polyacrylate, menthol, betaine, xanthan gum, caprylyl glycol, potassium sorbate, acrylates/c12-22 alkyl methacrylate copolymer, ethyl menthane carboxamide, hydroxypropylcellulose, menthyl lactate, propylene glycol, methyl diisopropyl propionamide, ethylhexylglycerin, sodium phosphate, sodium hydroxide, chlorphenesin, phenoxyethanol, fragrance (parfum), citral, coumarin, geraniol, limonene, linalool.",£14.99,"['Dry', 'Sensitive']","hydration, sensitivity"
Elizabeth Arden Visible Difference Refining Moisture Cream (75ml),https://www.lookfantastic.com/elizabeth-arden-visible-difference-refining-moisture-cream-75ml/11195549.html,Moisturiser,"water/aqua/eau, glycerin, squalane, cetearyl alcohol, polysorbate 60, isopropyl myristate, beeswax/cera alba/cire d'abeille, olea europaea (olive) fruit oil, retinyl palmitate, allantoin, panthenol, laureth-7, c13-14 isoparaffin, polyacrylamide, sodium hydroxide, disodium edta, parfum/fragrance, benzyl benzoate, geraniol, hexyl cinnamal, hydroxycitronellal, limonene, linalool, methylisothiazolinone, methylparaben.",£30.00,"['Dry', 'Sensitive']",hydration
Antipodes Baptise H20 Ultra-Hydrating Water Gel 60ml,https://www.lookfantastic.com/antipodes-baptise-h20-ultra-hydrating-water-gel-60ml/12432848.html,Moisturiser,"aqua (water), glycerine, sodium acrylates copolymer & lecithin, dehydroacetic acid, benzyl alcohol, glyceryl caprylate, polysorbate 20, hyaluronic acid ( plant based), glycerine & water & terminalia ferdinandiana (kakadu plum) fruit extract, sodium citrate, lysolecithin & sclerotium gum & xanthan gum & pullulan, phormium tenax (harakeke) flax extract, hibiscus sabdariffa (hibiscus) flower extract, leptospermum scoparium mel (manuka) honey, cyathea medullaris (mamaku black fern) extract, zingiber officinale (ginger) root extract, aloe barbadensis (aloe vera) leaf extract, mica, titanium dioxide, vegetone rich red t2/lycopene red w/s, rose anatolia: citral, citronellol, eugenol, geraniol, linalool.",£25.58,"['Dry', 'Sensitive']","hydration, sensitivity, sun protection, firmness"
L'Oréal Paris Dermo Expertise Triple Active Hydrating Night Moisturiser (50ml),https://www.lookfantastic.com/l-oreal-paris-dermo-expertise-triple-active-hydrating-night-moisturiser-50ml/10726524.html,Moisturiser,"aqua / water, hydrogenated polyisobutene, dimethicone, glycerin, paraffinum liquidum / mineral oil, cetyl alcohol, peg-100 stearate, glyceryl stearate, oryzasativa bran oil / rice bran oil, zea mays oil / corn oil, hydroxyethylpiperazine ethane sulfonic acid, cera microcristallina / microcrystalline wax, paraffin, sesamum indicum oil / sesame seed oil, sorbitan tristearate, isohexadecane, bifida ferment lysate, ascorbyl glucoside, hydroxypalmitoyl sphinganine, citric acid, triticum vulgare germ oil / wheat germ oil, panthenol, polysorbate 80, acrylamide/sodium acryloyldimethyltaurate copolymer, retinyl palmitate, pentaerythrityl tetra-di-t-butyl hydroxyhydrocinnamate, sodium benzoate, phenoxyethanol, chlorhexidine digluconate, ci 14700 / red 4, alpha-isomethyl ionone, limonene, hydroxyisohexyl 3-cyclohexene carboxaldehyde, butylphenyl methylpropional, benzyl alcohol, benzyl benzoate, benzyl salicylate, parfum / fragrance.",£7.49,['Dry'],hydration
Bulldog Sensitive Moisturiser 100ml,https://www.lookfantastic.com/bulldog-sensitive-moisturiser-100ml/10599977.html,Moisturiser,"aqua (water), ethylhexyl palmitate, caprylic/capric triglyceride, glycerin, sodium polyacrylate, sorbitan stearate, pentaerythrityl distearate, phenoxyethanol, tocopheryl acetate, sodium stearoyl glutamate, benzoic acid, carbomer, cedrus atlantica bark oil, dehydroacetic acid, mannan, camellia sinensis leaf extract, hydrolyzed algin, sodium hydroxide, ethylhexylglycerin, maris aqua (sea water), pogostemon cablin oil, polyaminopropyl biguanide, chlorella vulgaris extract.",£4.50,['Dry'],hydration
Dr.Jart+ Ceramidin Cream 50ml,https://www.lookfantastic.com/dr.jart-ceramidin-cream-50ml/12099664.html,Moisturiser,"water, glycerin, dipropylene glycol, cetearyl alcohol, caprylic/capric triglyceride, hydrogenated poly(c6-14 olefin), hydrogenated polydecene, methyl trimethicone, 1,2-hexanediol, bifida ferment lysate, phenyl trimethicone, vegetable oil, butyrospermum parkii (shea) butter, glyceryl stearate se, ceramide np, stearic acid, algae extract, eclipta prostrata leaf extract, cetearyl glucoside, hydrogenated lecithin, microcrystalline cellulose, butylene glycol, c12-16 alcohols, ammonium acryloyldimethyltaurate/vp copolymer, malt extract, beta vulgaris (beet) root extract, melia azadirachta flower extract, melia azadirachta leaf extract, throbroma caco (cocoa) seed extract, curuma longa (turmeric) root extract, ocimum sanctum leaf extract, amaranthus caudatus seed extract, ulmus davidiana root extract, avena sativa (oat) kernel extract, cynara scolymus (artichoke) leaf extract, pteris multifida extract, artemisia vulgaris extract, corallina officinalis extract, pyracantha fortuneana fruit extract, glycerly polymethacrylate, cholesterol, citrus aurantium bergamia (bergamot) fruit oil, hydrolyzed corn starch, sodium hyaluronate, pelargonium graveolens flower oil, fructooligosaccharides, beta-glucan, dextrin, disodium edta, panthenol, polyquaternium-51, raffinose, hydrolyzed hyaluronic acid, folic acid, salvia officinalis (sage) oil, pogostemon cablin oil, tromethamine, ceramide ap, ceramide as, ceramide ns, palmitoyl pentapeptide-4, ceramide eop.",£35.50,"['Dry', 'Normal']","hydration, firmness"
"
Erno Laszlo Phelityl Night Cream 50ml",https://www.lookfantastic.com/erno-laszlo-phelityl-night-cream-various-sizes/12204396.html,Moisturiser,"water (aqua/eau), glyceryl stearate, dimethicone, peg-8, cetearyl alcohol, paraffinum liquidum (mineral oil/huile minerale), c10-13 cholesterol/lanosterol esters, caprylic/capric triglyceride, ppg-10 cetyl ether, petrolatum, ceteareth-20, magnesium aluminum silicate, imidazolidinyl urea, carbomer, methylparaben, sodium hydroxide, propylparaben, parfum (fragrance), benzyl salicylate, citral, coumarin, eugenol, hexyl cinnamal, hydroxycitronellal, isoeugenol, limonene, linalool, caramel.",£135.00,['All'],hydration
Antipodes Avocado Pear Nourishing Night Cream 60ml,https://www.lookfantastic.com/antipodes-avocado-pear-nourishing-night-cream-60ml/10374561.html,Moisturiser,"aqua (water), squalane (olive) extract, butyrospermum parkii (shea) butter, glycerine, leptospermum scoparium (mel) manuka honey, macadamia integrifolia (macadamia) nut oil, persea gratissima (avocado pear) oil, cetearyl alcohol, calendula officinalis (calendula/marigold) flower oil, cocos nucifera (coconut) oil, lecithin, tocopherol (vitamin e), helianthus annuus (sunflower) seed oil, dehydroacetic acid, benzyl alcohol, bisabolol, vitis vinifera (vinanza grape) seed extract. fragrance of sandalwood, ylang ylang & patchouli: benzyl alcohol, benzyl benzoate, benzyl salicylate, citral, citronellol, limonene, eugenol, farnesol, geraniol, isoeugenol, linalool.",£34.99,"['Dry', 'Sensitive', 'Normal']","hydration, sensitivity"
Fade Out ADVANCED Even Skin Tone Night Cream 50ml,https://www.lookfantastic.com/fade-out-advanced-even-skin-tone-night-cream-50ml/11284055.html,Moisturiser,"aqua (water), sodium lactate, c12-15 alkyl benzoate, lactic acid, dimethicone, glyceryl stearate, peg-100 stearate, cetearyl alcohol, glycerin, stearyl alcohol, hexylene glycol, niacinamide, ceteareth 20, phenoxyethanol, inulin, rosa canina fruit oil, parfum (fragrance), sodium saccharin, panthenol, tocopheryl acetate, plukenetia volubilis seed oil, ethylhexylglycerin, alpha-glucan oligosaccharide, arbutin, morus nigra leaf extract, glycyrrhiza glabra (licorice) root extract, disodium edta, glyceryl oleate, tocopherol, ascorbyl palmitate, ascorbic acid polypeptide, citric acid, citronellol, linalool, hydroxyisohexyl 3-cyclohexene.",£9.99,"['Dry', 'Oily', 'Normal']","acne, hydration, brightening, dark spots, oil control, uneven texture, under-eye"
NIOD Hydration Vaccine Face Cream 50ml,https://www.lookfantastic.com/niod-hydration-vaccine-face-cream-50ml/11261665.html,Moisturiser,"caprylyl methicone, aqua (water), peg-12 dimethicone/ppg-20 crosspolymer, glycerin, propanediol, sodium polyacrylate, leontopodium alpinum callus culture extract, n-acetyl-d-glucosamine-6-phosphate disodium salt, proline, alanine, serine, glucose, xylitol, xylitylglucoside, anhydroxylitol, adansonia digitata fruit extract, polypodium vulgare rhizome extract, cetraria islandica thallus extract, sphagnum magellanicum extract, pseudoalteromonas ferment extract, tocopherol, tocopheryl acetate, mangifera indica seed butter, orbignya oleifera seed oil, squalane, lecithin, hexamethyldisiloxane, trimethylsiloxysilicate, cyclopentasiloxane, dimethicone, polysilicone-11, dimethicone/vinyl dimethicone crosspolymer, hydroxyethyl acrylate/sodium acryloyldimethyl taurate copolymer, xanthan gum, caprylyl glycol, sodium benzoate, potassium sorbate, citric acid, sodium phosphate, sodium hydroxide, ethylhexylglycerin, phenoxyethanol, chlorphenesin.",£35.00,['Dry'],hydration
The INKEY List Peptide Moisturizer 50ml,https://www.lookfantastic.com/the-inkey-list-peptide-moisturizer-50ml/12435692.html,Moisturiser,"aqua (water/eau), caprylic/capric triglyceride, glycerin, c12-15 alkyl benzoate, cetearyl alcohol, glyceryl stearate se, betaine, butylene glycol, phenoxyethanol, benzyl alcohol, carbomer, butyrospermum parkii (shea) butter, sodium stearoyl glutamate, sodium hydroxide, ethylhexylglycerin, sodium gluconate, tocopheryl acetate, dehydroacetic acid, hydrogenated lecithin, phenethyl alcohol, acetyl hexapeptide-37, maltodextrin, pentapeptide-48.",£14.99,['Dry'],hydration
Clinique Moisture Surge Intense Skin Fortifying Hydrator 50ml,https://www.lookfantastic.com/clinique-moisture-surge-intense-skin-fortifying-hydrator-50ml/11144742.html,Moisturiser,"water\aqua\eau, cyclopentasiloxane, glycerin, butylene glycol, dimethicone, cetyl ethylhexanoate, squalane, disteardimonium hectorite, peg/ppg-18/18 dimethicone, lauryl peg-9 polydimethylsiloxyethyl dimethicone, ahnfeltia concinna extract, olea europaea (olive) fruit extract, caffeine, whey protein\lactis protein\protéine du petit-lait, cholesterol, sodium hyaluronate, petrolatum, peg-150, sucrose, pyridoxine dipalmitate, linoleic acid, tocopheryl acetate, citric acid, polysilicone-11, propylene carbonate, glyceryl polymethacrylate, peg-8, aloe barbadensis leaf extract, triticum vulgare (wheat) bran extract, pentaerythrityl tetra-di-t-butyl hydroxyhydrocinnamate, palmitoyl hexapeptide-12, sodium citrate, sodium hexametaphosphate, chlorphenesin, phenoxyethanol.",£37.00,['Dry'],"hydration, under-eye"
Clinique Moisture Surge 72-Hour Auto Replenishing Hydrator 30ml,https://www.lookfantastic.com/clinique-moisture-surge-72-hour-auto-replenishing-hydrator-30ml/11668593.html,Moisturiser,"water, dimethicone, butylene glycol, glycerin, trisiloxane, trehalose, sucrose, ammonium acryloyldimethyltaurate/vp copolymer, hydroxyethyl urea, camellia sinensis (green tea) leaf extract, silybum marianum (lady’s thistle) extract, betula alba (birch) bark extract, saccharomyces lysate extract, aloe barbadensis leaf water, thermus thermophillus ferment, caffeine, sorbitol, palmitoyl hexapeptide-12, sodium hyaluronate, caprylyl glycol, oleth-10, sodium polyasparate, saccharide isomerate, hydrogenated lecithin, tocopheryl acetate, acrylates/c10-30 alkyl acrylate crosspolymer, glyceryl polymethacrylate, tromethamine, peg-8, hexylene glycol, magnesium ascorbyl phosphate, disodium edta, bht, phenoxyethanol, red 4, yellow 5.",£25.00,"['Dry', 'Sensitive', 'Normal']","hydration, sensitivity, under-eye"
L'Oréal Paris Hydra Genius Liquid Care Moisturiser for Normal Combination Skin 70ml 2 Pack Exclusive,https://www.lookfantastic.com/l-oreal-paris-hydra-genius-liquid-care-moisturiser-for-normal-combination-skin-70ml-2-pack-exclusive/12313627.html,Moisturiser,"aqua / water, glycerin, alcohol denat., dimethicone, isononyl isononanoate, silanetriol, carbomer, triethanolamine, dimethiconol, aloe barbadensis leaf juice, sodium hyaluronate, silica dimethyl silylate [nano] / silica dimethyl silylate, hyaluronic acid, phyllostachys bambusoides extract, caprylyl glycol, tetrasodium edta, citric acid, biosaccharide gum-1, xanthan gum, panthenol, menthoxypropanediol, ethylhexyl palmitate, butylene glycol, hexylene glycol, tocopherol, potassium sorbate, sorbic acid, methylparaben, sodium benzoate, phenoxyethanol, chlorphenesin, ci 42090 / blue 1, linalool, limonene, parfum / fragrance.",£13.99,['Dry'],"hydration, firmness"
Murad Hydro-Dynamic™ Ultimate Moisture (50ml),https://www.lookfantastic.com/murad-hydro-dynamic-ultimate-moisture-50ml/10475423.html,Moisturiser,"water (aqua), c12-15 alkyl benzoate, caprylic/capric triglyceride, glycerin, helianthus annuus (sunflower) seed oil, butylene glycol, glyceryl stearate, glyceryl behenate/eicosadioate, dicaprylyl carbonate, butyrospermum parkii (shea butter), cetearyl alcohol, myristyl myristate, cetyl alcohol, ethoxydiglycol, phenyl trimethicone, stearic acid, avena sativa (oat) kernel extract, yeast extract (faex), algae extract, glycine soja (soybean) sterols, zea mays (corn) starch, olea europaea (olive) fruit oil, persea gratissima (avocado) oil, sodium hyaluronate, dipotassium glycyrrhizate, tetrahexyldecyl ascorbate, tocopheryl acetate, linoleic acid, phospholipids, polysorbate 60, acrylamide/sodium acryloyldimethyltaurate copolymer, isohexadecane, glyceryl polymethacrylate, panthenol, jojoba alcohol, potassium jojobate, polysorbate 80, urea, glucosamine hcl, peg-8, bisabolol, sorbitan oleate, cetearyl methicone, dimethicone, palmitoyl oligopeptide, retinyl palmitate, allantoin, xanthan gum, disodium edta, bht, ethylhexylglycerin, chlorphenesin, phenoxyethanol.",£60.00,"['Dry', 'Sensitive']",hydration
Clinique Redness Solutions Daily Relief Cream 50ml,https://www.lookfantastic.com/clinique-redness-solutions-daily-relief-cream-50ml/11144771.html,Moisturiser,"water\aqua\eau, dimethicone, butyrospermum parkii (shea butter), cetearyl alcohol, hydrogenated polyisobutene, trisiloxane, butylene glycol, glycerin, sucrose, isostearyl palmitate, peg-100 stearate, camellia sinensis (green tea) leaf extract, polygonum cuspidatum root extract, hordeum vulgare (barley) extract\extrait d'orge, triticum vulgare (wheat) germ extract, cetearyl glucoside, camellia sinensis (yellow tea) leaf extract, aspalathus linearis (red tea) leaf extract, saccharomyces lysate extract, ascophyllum nodosum extract, asparagopsis armata extract, camellia sinensis (white tea) leaf extract, algae extract, caffeine, lactobacillus ferment, sodium lauroyl oat amino acids, hydrogenated lecithin, polyethylene, glyceryl stearate, salicylic acid, sorbitol, methyl glucose sesquistearate, cholesterol, linoleic acid, glycine, inulin, tromethamine, decarboxy carnosine hcl, phytosphingosine, cetyl alcohol, tocopheryl acetate, bisabolol, squalane, hdi/trimethylol hexyllactone crosspolymer, behenyl alcohol, sodium hyaluronate, carbomer, silica, disodium edta, potassium sorbate, phenoxyethanol, blue 1 (ci 42090), yellow 5 (ci 19140), chromium hydroxide green (ci 77289), titanium dioxide (ci 77891), mica.",£42.00,"['Dry', 'Oily', 'Sensitive', 'Normal']","acne, hydration, sensitivity, sun protection, blackheads, under-eye"
DECLÉOR Hydra Floral Anti-Pollution Hydrating Rich Cream,https://www.lookfantastic.com/decleor-hydra-floral-anti-pollution-hydrating-rich-cream/11740989.html,Moisturiser,"aqua/water, ethylhexyl hydroxystearate, caprylic/capric triglyceride, glycerin, persea gratissima oil/avocado oil, pentylene glycol, cetearyl alcohol, sunflower seed oil, sorbitol esters, rosa rubiginosa seed oil, peg-32, peg-6, peg-100 stearate, glyceryl stearate, dimethicone, panthenol, sodium polyacrylate, cetearyl glucoside, pentaerythrityl distearate, cetyl palmitate, 1-2-hexanediol, caprylyl glycol, glyceryl acrylate/acrylic acid copolymer, phenoxyethanol, butylphenyl methylpropional, polyquaternium-39, glycine soja/soybean oil, viola tricolor extract, tocopherol, disodium edta, hexyl cinnamal, moringa oleifera seed extract, maltodextrin, crithmum maritimum extract, citrus aurantium amara flower oil/bitter orange flower oil, citronellol, helianthus annuus seed extract/sunflower seed extract, alpha-isomethyl ionone, citric acid, linalool, ethylhexylglycerin, benzyl alcohol, sodium benzoate, limonene, geraniol, farnesol, ascorbyl palmitate, parfum/fragrance.",£32.20,['Dry'],hydration
Elemis Pro-Collagen Oxygenating Night Cream 50ml,https://www.lookfantastic.com/elemis-pro-collagen-oxygenating-night-cream-50ml/10366589.html,Moisturiser,"water (aqua), glycerin, glyceryl stearate se, butyrospermum parkii (shea butter), isononyl isononanoate, lauryl laurate, ethyl macadamiate, simmondsia chinensis (jojoba) seed oil, oryza sativa (rice) hull powder, laminaria digitata extract, persea gratissima (avocado) oil, sesamum indicum (sesame) oil unsaponifiables, triticum vulgare (wheat) germ oil unsaponifiables, persea gratissima (avocado) oil unsaponifiables, padina pavonica extract, corallina officinalis extract, acacia decurrens absolute, rosa damascena flower oil, hexapeptide-9, phenoxyethanol, cetyl alcohol, potassium cetyl phosphate, sodium polyacrylate, butylene glycol, fragrance (parfum), methylparaben, o-cymen-5-ol, glyceryl acrylate/acrylic acid copolymer, ethylparaben, disodium edta, tocopheryl linoleate, propylene glycol, glyceryl polyacrylate, propylparaben, hydroxyisohexyl 3-cyclohexene carboxaldehyde, butylphenyl methylpropional, linalool, tocopherol, citronellol, malic acid.",£99.00,['Dry'],hydration
Weleda Skin Food 75ml - Light,https://www.lookfantastic.com/weleda-skin-food-75ml-light/12147428.html,Moisturiser,"water(aqua), helianthus annuus(sunflower) seed oil, glycerin, alcohol, glyceryl stearate citrate, beeswax(cera alba), theobroma cacao(cocoa) seed butter, cetearyl alcohol, butyrospermum parkii(shea) butter, limonene, viola tricolor extract, rosmarinus officinalis(rosemary) leaf extract, chamomilla recutita (matricaria) flower extract, calendula officinalis flower extract, lanolin, carrageenan, xanthan gum, lactic acid, glyceryl caprylate, fragrance(parfum), linalool, geraniol, citral.",£12.95,"['Dry', 'Oily', 'Sensitive']","hydration, sensitivity, uneven texture"
Clinique Moisture Surge SPF25 Sheertint Hydrator - Universal Light Medium 40ml,https://www.lookfantastic.com/clinique-moisture-surge-spf25-sheertint-hydrator-universal-light-medium-40ml/12075753.html,Moisturiser,"water\aqua\eau, ethylhexyl methoxycinnamate, c12-15 alkyl benzoate, ethylhexyl salicylate, titanium dioxide, zinc oxide, caprylyl methicone, neopentyl glycol diheptanoate, butylene glycol, pentylene glycol, glycerin, polyglyceryl-10 pentastearate, hydrogenated lecithin, behenyl alcohol, peg-100 stearate, sucrose, laminaria saccharina extract, cucumis sativus (cucumber) fruit extract, aloe barbadensis leaf water, hordeum vulgare (barley) extract\extrait d'orge, caffeine, tocopheryl acetate, isohexadecane, lecithin, sodium stearoyl lactylate, propylene glycol dicaprate, sodium hyaluronate, helianthus annuus (sunflower) seedcake, trehalose, isostearic acid, polyhydroxystearic acid, polysorbate 80, dimethicone, xanthan gum, polyethylene, acrylamide/sodium acryloyldimethyltaurate copolymer, silica, disodium edta, tetrasodium edta, bht, phenoxyethanol, [+/- iron oxides (ci 77491), iron oxides (ci 77492), iron oxides (ci 77499), titanium dioxide (ci 77891)].",£30.00,"['Dry', 'Oily']","hydration, sun protection, oil control, under-eye"
The INKEY List Bakuchiol Moisturiser 30ml,https://www.lookfantastic.com/the-inkey-list-bakuchiol-moisturiser-30ml/12211783.html,Moisturiser,"aqua (water/ eau), squalane, glycerin, propanediol, plukenetia volubilis seed oil (sacha inchi oil), dicaprylyl carbonate, bakuchiol, phenoxyethanol, sodium caproyl prolinate, hydroxyethyl acrylate/sodium acryloyldimethyl taurate copolymer, carbomer, sodium hydroxide, ethylhexylglycerin, sodium stearoyl glutamate, polysorbate 60, phytic acid, glyceryl polyacrylate, sorbitan isostearate, tocopherol.",£9.99,['Dry'],"hydration, anti-aging"
COSRX Advanced Snail 92 All in One Cream 100ml,https://www.lookfantastic.com/cosrx-advanced-snail-92-all-in-one-cream-100ml/11401173.html,Moisturiser,"snail secretion filtrate, betaine, caprylic/capric triglyceride, cetearyl olivate, sorbitan olivate, sodium hyaluronate, cetearyl alcohol, stearic acid, arginine, dimethicone, carbomer, panthenol, allantoin, sodium polyacrylate, xanthan gum, ethyl hexanediol, adenosine, phenoxyethanol.",£27.00,"['Dry', 'Sensitive']",hydration
bareMinerals Butter Drench Intense Moisurising Day Cream,https://www.lookfantastic.com/bareminerals-butter-drench-intense-moisurising-day-cream/11262518.html,Moisturiser,"water (aqua/eau), glycerin, butylene glycol, dimethicone, pentaerythrityl tetraethylhexanoate, propanediol, tricaprylin, glyceryl stearate se, cetyl alcohol, silica, myristyl myristate, peg-100 stearate, butyrospermum parkii (shea) butter, copernicia cerifera (carnauba) wax (cera carnauba/cire de carnauba), hydrogenated polyisobutene, hydrogenated polydecene, behenyl alcohol, dimethylacrylamide/sodium acryloyldimethyltaurate crosspolymer, isostearic acid, stearyl alcohol, urea, glucosamine hcl, algae extract, saccharomyces cerevisiae extract, sodium pca, allantoin, ethylhexylglycerin, lauryl betaine, sodium citrate, disodium edta, sorbitan tristearate, phytosteryl/octyldodecyl lauroyl glutamate, alcohol, citric acid, carbomer, polysorbate 20, sodium hyaluronate, hypericum erectum extract, palmitoyl tetrapeptide-7, palmitoyl tripeptide-1, ceramide np, tocopherol, fragrance (parfum), geraniol, limonene, linalool, citral, sodium benzoate, phenoxyethanol.",£32.00,"['Dry', 'Sensitive', 'Normal']",hydration
Eucerin Anti-Pigment SPF30 Day Cream 50ml,https://www.lookfantastic.com/eucerin-anti-pigment-spf30-day-cream-50ml/12034025.html,Moisturiser,"aqua, homosalate, alcohol denat, butyl methoxydibenzoylmethane, ethylhexyl salicylate, ethylhexyl triazone, bis-ethylhexyloxyphenol methoxyphenyl triazine, butylene glycol, dicaprylate/dicaprate, tapioca starch, distarch phosphate, c12-15 alkyl benzoate, phenylbenzimidazole sulfonic acid, isobutylamido thiazolyl resorcinol, glycyrrhiza inflata root extract, tocopherol, glucosylrutin, isoquercitrin, glycerin, cetyl alcohol, stearyl alcohol, sodium chloride, xanthan gum, carbomer, sodium hydroxide, glyceryl stearate, sodium stearoyl glutamate, dimethicone, phenoxyethanol, trisodium edta, parfum.",£25.00,['Dry'],hydration
Clinique for Men Oil-Control Moisturiser 100ml,https://www.lookfantastic.com/clinique-for-men-oil-control-moisturiser-100ml/10921699.html,Moisturiser,"water\aqua\eau, isododecane, butylene glycol, polypropylene, dimethicone, bis-peg-18 methyl ether dimethyl silane, glycerin, ammonium acryloyldimethyltaurate/vp copolymer, polygonum cuspidatum root extract, cucumis sativus (cucumber) fruit extract, laminaria saccharina extract, hordeum vulgare (barley) extract\extrait d'orge, saccharomyces lysate extract, lactobacillus ferment, helianthus annuus (sunflower) seedcake, caffeine, sodium hyaluronate, trehalose, oleth-10, caprylyl glycol, polysilicone-11, tocopheryl acetate, propylene glycol dicaprate, hexylene glycol, laureth-23, laureth-4, acrylates/c10-30 alkyl acrylate crosspolymer, silica, disodium edta, phenoxyethanol, yellow 6 (ci 15985), red 4 (ci 14700), yellow 5 (ci 19140).",£25.50,['Dry'],"hydration, under-eye"
Sukin Sensitive Facial Moisturiser (125ml),https://www.lookfantastic.com/sukin-sensitive-facial-moisturiser-125ml/10961577.html,Moisturiser,"aqua, aloe barbadensis leaf juice, sesamum indicum (sesame) seed oil, cetearyl alcohol, glycerin, cetyl alcohol, ceteareth-20, rosa canina fruit oil (rose hip), theobroma cacao (cocoa) seed butter, butyrospermum parkii (shea butter), simmondsia chinensis (jojoba) seed oil, persea gratissima (avocado) oil, triticum vulgare (wheat) germ oil, tocopherol (vitamin e), cucumis sativus (cucumber) fruit extract, chamomilla recutita (matricaria) flower extract (chamomile), vanillin, vanilla planifolia fruit extract, phenoxyethanol, benzyl alcohol.",£7.95,"['Dry', 'Sensitive', 'Normal']","hydration, sensitivity"
Fade Out ADVANCED Even Skin Tone Day Cream SPF 25 50ml,https://www.lookfantastic.com/fade-out-advanced-even-skin-tone-day-cream-spf-25-50ml/11284054.html,Moisturiser,"aqua (water), ethylhexyl methoxycinnamate, sodium lactate, homosalate, lactic acid, cetearyl alcohol, glyceryl stearate, peg-100 stearate, dimethicone, glycerin, stearyl alcohol, hexylene glycol, niacinamide, titanium dioxide, ceteareth 20, phenoxyethanol, parfum (fragrance), sodium saccharin, tocopheryl acetate, panthenol, alumina, ethylhexylglycerin, glycyrrhiza glabra (licorice) root extract, morus nigra leaf extract, arbutin, disodium edta, simethicone, glyceryl oleate, ascorbyl palmitate, tocopherol, ascorbic acid polypeptide, citric acid, citronellol, linalool, hydroxyisohexyl 3-cyclohexene.",£9.99,"['Dry', 'Oily', 'Normal']","acne, hydration, brightening, dark spots, sun protection, oil control, uneven texture, under-eye"
First Aid Beauty Coconut Skin Smoothie Priming Moisturiser,https://www.lookfantastic.com/first-aid-beauty-coconut-skin-smoothie-priming-moisturizer/11393476.html,Moisturiser,"cocos nucifera (coconut) fruit juice, glucose, c12-15 alkyl benzoate, maltodextrin, aqua (water), cyclopentasiloxane, butylene glycol, glycerin, caprylic/capric triglyceride, mica, sodium acrylate/sodium acryloyldimethyl taurate copolymer, cocos nucifera (coconut) fruit extract, selaginella lepidophylla extract, prunus armeniaca (apricot) fruit extract, pyrus malus (apple) fruit extract, vanilla planifolia fruit extract, hydrolyzed quinoa, coffea arabica (coffee) seed extract, dipteryx odorata seed extract, saccharomyces/copper ferment, saccharomyces/iron ferment, saccharomyces/magnesium ferment, saccharomyces/silicon ferment, saccharomyces/zinc ferment, camellia sinensis leaf extract, chrysanthemum parthenium (feverfew) extract, glycyrrhiza glabra (licorice) root extract, ethylhexylglycerin, sorbitan oleate, dimethicone crosspolymer, isohexadecane, acrylates/c10-30 alkyl acrylate crosspolymer, polysorbate 80, lactobacillus ferment, leuconostoc/radish root ferment filtrate, phenoxyethanol, disodium edta, tin oxide, benzyl alcohol, potassium sorbate, sodium benzoate, sodium hydroxide, ci 77891 (titanium dioxide), ci 77491 (iron oxides).",£20.50,"['Dry', 'Oily']","hydration, brightening, dark spots, sun protection, oil control"
Avène Rich Revitalizing Nourishing Cream 50ml,https://www.lookfantastic.com/avene-rich-revitalizing-nourishing-cream-50ml/12312816.html,Moisturiser,avene thermal spring water (avene aqua). butyrospermum parkii (shea) butter (butyrospermum parkii butter). glycerin. octyldodecanol. mineral oil (paraffinum liquidum). cetearyl alcohol. dimethicone. isododecane. methyl gluceth-20. pentylene glycol. water (aqua). silica. cetyl esters. cetearyl glucoside. glyceryl stearate. peg-100 stearate. benzoic acid. caprylic/capric triglyceride. ethylhexylglycerin. fragrance (parfum). hydrogenated starch hydrolysate. polyacrylate-13. polyisobutene. polysorbate 20. ribes rubrum (currant) fruit extract (ribes rubrum fruit extract). rubus idaeus (raspberry) fruit extract (rubus idaeus fruit extract). sodium benzoate. sodium hydroxide. sorbitan isostearate. tocopherol. tocopheryl glucoside. vaccinium myrtillus fruit extract. xanthan gum.,£17.50,['Dry'],hydration
REN Clean Skincare Evercalm Global Protection Day Cream,https://www.lookfantastic.com/ren-clean-skincare-evercalm-global-protection-day-cream/10872940.html,Moisturiser,"anthemis nobilis (chamomile) flower extract, camellia oleifera seed oil, cetearyl ethylhexanoate, myristyl myristate, cetearyl alcohol, sesamum indicum (sesame) seed oil, butyrospermum parkii (shea butter), cetearyl glucoside, glycerin, caprylic/capric triglyceride, triheptanoin, oryzanol, helianthus annuus (sunflower) seed oil, phenoxyethanol, vaccinium macrocarpon (cranberry) seed oil, ribes nigrum (black currant) seed oil, bisabolol, calendula officinalis flower extract, laminaria ochroleuca extract, cassia alata leaf extract, pueraria lobata (kudzu) symbiozome extract, carbomer, sodium hydroxymethylglycinate, hippophae rhamnoides fruit extract, citrus nobilis (mandarin orange) peel oil, pelargonium graveolens flower oil, cinnamomum camphora linalloliferum (ho wood) leaf oil, anthemis nobilis (chamomile) flower oil, limonene, citronellol, geraniol, linalool, tocopherol.",£34.00,"['Dry', 'Sensitive']","hydration, sensitivity"
Fade Out ADVANCED + Age Protection Even Skin Tone Day Cream SPF 25 50ml,https://www.lookfantastic.com/fade-out-advanced-age-protection-even-skin-tone-day-cream-spf-25-50ml/11490811.html,Moisturiser,"aqua (water), ethylhexyl methoxycinnamate, sodium lactate, homosalate, lactic acid, cetearyl alcohol, glyceryl stearate, peg-100 stearate, dimethicone, glycerin, stearyl alcohol, hexylene glycol, niacinamide, titanium dioxide (nano), ceteareth-20, phenoxyethanol, sucrose palmitate, tocopheryl acetate, parfum (fragrance), sodium saccharin, panthenol, glyceryl linoleate, alumina, ethylhexylglycerin, glycyrrhiza glabra (licorice) root extract, morus nigra leaf extract, disodium edta, simethicone, glyceryl oleate, sodium hyaluronate, potassium sorbate, ascorbyl palmitate, tocopherol, citric acid, citronellol, linalool, hydroxyisohexyl 3-cyclohexene carboxaldehyde.",£12.99,"['Dry', 'Oily', 'Normal']","acne, hydration, brightening, dark spots, sun protection, oil control, uneven texture, under-eye"
Bulldog Protective Moisturiser 100ml,https://www.lookfantastic.com/bulldog-protective-moisturiser-100ml/11120094.html,Moisturiser,"aqua (water), aloe barbadensis (aloe vera) leaf juice, octocrylene, ethylhexyl salicylate, ethylhexyl palmitate, caprylic/capric triglyceride, butyl methoxydibenzoylmethane, glycerin, sodium polyacrylate, sorbitan stearate, pentaerythrityl distearate, phenoxyethanol, sodium stearoyl glutamate, benzoic acid, carbomer, tocopherol, mannan, dehydroacetic acid, camellia sinensis (green tea) leaf extract, sodium hydroxide, citrus aurantium bergamia (bergamot) peel oil, citrus limon (lemon) peel oil, potassium sorbate, artemesia vulgaris oil, juniperus virginiana oil, pelargonium graveolens oil, pogostemon cablin leaf oil, pogostemon cablin oil, citric acid, citrus aurantifolia (lime) oil, vetiveria zizanoides root oil, zingiber officinale (ginger) root oil, citronellol, limonene, linalool.",£6.75,"['Dry', 'Sensitive']","hydration, sensitivity, sun protection"
Alpha-H Daily Essential Moisturiser Spf50+ (50ml),https://www.lookfantastic.com/alpha-h-daily-essential-moisturiser-spf50-50ml/10243492.html,Moisturiser,"aqua (water), homosalate, octocrylene, cyclomethicone, c12-15 alkyl benzoate, butyl methoxydibenzoylmethane (avobenzone), ethylhexyl salicylate (octyl salicylate), isostearyl neopentanoate, ethylhexyl triazone, cyclohexasiloxane, ceteareth-20, cetearyl alcohol (cetostearyl alcohol), caprylyl glycol, glycerin, peg-40 stearate, silica, triethanolamine, ammonium acryloyldimethyltaurate/vp copolymer, xanthan gum, cetyl dimethicone, caprylhydroxamic acid, citric acid, disodium edta, panthenol (vitamin b), tocopherols (mixed tocopherols).",£29.00,['Dry'],"hydration, sun protection"
Pai Skincare Chamomile and Rosehip Calming Day Cream 50ml,https://www.lookfantastic.com/pai-skincare-chamomile-and-rosehip-calming-day-cream-50ml/10877640.html,Moisturiser,"aqua, prunus armeniaca kernel oil (apricot kernel oil), simmondsia chinensis seed oil (jojoba oil), carthamus tinctorius seed oil (thistle oil), cetearyl alcohol (coconut-derived emulsifier), glycerin (from vegetable source), rosa canina seed extract (co2 rosehip seed extract), butyrospermum parkii butter (shea butter), cetearyl glucoside (corn-derived emulsifier), leptospermum scoparium leaf oil (manuka oil), sodium levulinate (corn extract), mixed tocopherols (natural vitamin e), chamomilla recutita extract (co2 chamomile extract), lavandula officinalis flower oil (lavender oil), sodium anisate (basil extract), pelargonium graveolens oil (rose geranium oil), lactic acid (derived from sugar beet), glyceryl stearate citrate (from sustainable palm oil), sodium lauroyl lactylate (from coconut oil).",£38.00,"['Dry', 'Oily', 'Sensitive', 'Normal']","hydration, sensitivity, uneven texture"
Estée Lauder DayWear Anti-Oxidant 72H-Hydration Sorbet Creme SPF 15 50ml,https://www.lookfantastic.com/estee-lauder-daywear-anti-oxidant-72h-hydration-sorbet-creme-spf-15-50ml/12062040.html,Moisturiser,"water/aqua/eau, glycerin, alcohol denat., ethylhexyl salicylate, homosalate, butyl methoxydibenzoylmethane, octocrylene, pentylene glycol, caprylyl methicone, biosaccharide gum - 1, ammonium acryloyldimethyltaurate/vp copolymer, cucumis sativus (cucumber) fruit extract, sodium hyaluronate, thermus thermophillus ferment, ethylbisiminomethylguaiacol manganese chloride, ergothioneine, tocopheryl acetate, tetrahexyldecyl ascorbate, cyclodextrin, psidium guajava (guava) fruit extract, fumaria officinalis flower/leaf/stem extract, caffeine, narcissus tazetta bulb extract, polygonum cuspidatum root extract, algae extract, citrus limon (lemon) fruit extract, helianthus annuus (sunflower) seedcake, vitis vinifera (grape) seed extract, triticum vulgare (wheat) germ extract, hordeum vulgare (barley) extract\extrait d'orge, gentiana lutea (gentian) root extract, linoleic acid, cholesterol, glycyrrhetinic acid, saccharomyces lysate extract, palmitoyl hydroxypropyltrimonium amylopectin/glycerin crosspolymer, artemia extract, propylene glycol dicaprate, fumaric acid, ethylhexylglycerin, propanediol, squalane, acrylates/c10-30 alkyl acrylate crosspolymer, butylene glycol, citric acid, sodium hydroxide, fragrance (parfum), disodium edta, bht, phenoxyethanol, blue 1 (ci 42090)",£40.50,['Dry'],"hydration, sun protection, under-eye"
Liz Earle Skin Repair Light,https://www.lookfantastic.com/liz-earle-skin-repair-light/12528857.html,Moisturiser,"aqua (water), propanediol, diheptyl succinate, glycerin, cetearyl alcohol, borago officinalis seed oil, persea gratissima (avocado) oil, glyceryl stearate citrate, humulus lupulus (hops) extract, echinacea purpurea extract, phenoxyethanol, sodium polyacrylate, cetearyl glucoside, caprylyl glycol, parfum (fragrance), capryloyl glycerin/sebacic acid copolymer, tocopherol (vitamin e), xanthan gum, trisodium ethylenediamine disuccinate, hydrolyzed hyaluronic acid, citric acid, benzyl salicylate, limonene, linalool, citronellol, eugenol, benzoic acid, dehydroacetic acid, aspartic acid, sodium hydroxide, sodium chloride.",£23.00,"['Dry', 'Normal']","hydration, firmness"
Elemis Peptide4 Plumping Pillow Facial,https://www.lookfantastic.com/elemis-peptide4-plumping-pillow-facial/12091010.html,Moisturiser,"aqua/water/eau, peg-8, dicaprylyl carbonate, glycerin, diheptyl succinate, capryloyl glycerin/sebacic acid copolymer, sodium polyacrylate, phenoxyethanol, hydroxyacetophenone, fragrance (parfum), disodium edta, chondrus crispus extract, buglossoides arvensis (star avensistm) seed oil, benzyl benzoate, glyceryl acrylate/acrylic acid copolymer, benzyl alcohol, linalool, maltodextrin, limonene, lithothamnion calcareum extract, tocopherol, veronica officinalis (speedwell) flower/leaf/stem extract, hexyl cinnamal, dehydroacetic acid, nyctanthes arbor-tristis (indian night jasmine) flower extract, cananga odorata flower oil, citrus aurantium dulcis (orange) peel oil, myristica fragrans (nutmeg) kernel oil, gardenia florida fruit extract, hydrolyzed yeast protein, sodium benzoate, citric acid, citrus aurantium amara (bitter orange) leaf/twig oil, citrus aurantium amara (bitter orange) peel oil, coriandrum sativum (coriander) fruit oil, benzoic acid, ethylhexylglycerin.",£52.00,['Dry'],hydration
Murad Oil and Pore Control Mattifier SPF45 PA 50ml,https://www.lookfantastic.com/murad-oil-and-pore-control-mattifier-spf45-pa-50ml/12245716.html,Moisturiser,"water/aqua/eau, homosalate, tapioca starch, polysilicone-11, ethylhexyl salicylate, octocrylene, methyl methacrylate crosspolymer, butyl methoxydibenzoylmethane, propanediol dicaprylate, butylene glycol, coconut alkanes, cetearyl alcohol, c20-22 alkyl phosphate, enantia chlorantha bark extract, butyl avocadate, retinyl palmitate, tocopheryl acetate, ascorbyl palmitate, sodium hyaluronate, allantoin, zinc gluconate, glycerin, oleanolic acid, urea, yeast amino acids, trehalose, inositol, taurine, betaine, coco-caprylate/caprate, hydrogenated lecithin, coco-glucoside, c20-22 alcohols, laureth-12, polyacrylate crosspolymer-6, sodium hydroxide, disodium edta, ethylhexylglycerin, phenoxyethanol, fragrance (parfum), limonene, linalool, citral.",£35.00,"['Dry', 'Oily', 'Sensitive', 'Normal']","hydration, sun protection, oil control"
Clinique for Men Anti-Age Moisturiser 100ml,https://www.lookfantastic.com/clinique-for-men-anti-age-moisturiser-100ml/11144851.html,Moisturiser,"water\aqua\eau, squalane, glycerin, isostearyl neopentanoate, butyrospermum parkii (shea butter), butylene glycol, peg-100 stearate, cetyl alcohol, dimethicone, polyethylene, glyceryl stearate, cucumis sativus (cucumber) fruit extract, hordeum vulgare (barley) extract\extrait d'orge, sigesbeckia orientalis (st paul's wort) extract, whey protein\lactis protein\protéine du petit-lait, caffeine, acetyl hexapeptide-8, sucrose, petrolatum, sodium polyacrylate, acetyl glucosamine, caprylyl glycol, propylene glycol dicaprate, helianthus annuus (sunflower) seedcake, glyceryl polymethacrylate, palmitoyl oligopeptide, tocopheryl acetate, sodium hyaluronate, dimethicone crosspolymer-3, hexylene glycol, ptfe, peg-8, xanthan gum, disodium edta, phenoxyethanol.",£32.50,['Dry'],"hydration, under-eye"
AMELIORATE Transforming Body Cream 225ml,https://www.lookfantastic.com/ameliorate-transforming-body-cream-225ml/11865357.html,Moisturiser,"aqua/water/eau, ammonium lactate, octyldodecanol, cetearyl alcohol, c12-15 alkyl benzoate, squalane, theobroma cacao (cocoa) seed butter, butyrospermum parkii (shea) butter, glyceryl stearate, cetyl alcohol, camelina sativa (gold of pleasure) seed oil, peg-75 stearate, fragrance (parfum), sodium benzoate, xanthan gum, ceteth-20, steareth-20, glycerin, peg-100 stearate, disodium edta, potassium sorbate, pentylene glycol, hydrolyzed milk protein, lactic acid, serine, sodium lactate, sorbitol, urea, linalool, citronellol, citrus aurantium dulcis (orange) oil, limonene, coumarin, juniperus mexicana (cedarwood) oil, alpha-isomethyl ionone, sodium chloride, pelargonium graveolens (geranium) oil, geraniol, allantoin, sodium hydroxide, tocopherol.",£27.50,"['Dry', 'Oily', 'Sensitive']","hydration, uneven texture"
"JASON Age Renewal Vitamin E 25,000iu Cream (120g)",https://www.lookfantastic.com/jason-age-renewal-vitamin-e-25-000iu-cream-113g/10546498.html,Moisturiser,"aqua (water), glycerin, caprylic/capric triglyceride, tocopheryl acetate, helianthus annuus (sunflower) seed oil, stearic acid, cetyl alcohol, benzyl alcohol, glyceryl stearate se, persea gratissima (avocado) oil, prunus amygdalus dulcis (sweet almond) oil, triticum vulgare (wheat) germ oil, aloe barbadensis leaf juice, citrus grandis (grapefruit) fruit extract, ascorbic acid, carbomer, potassium cetyl phosphate, potassium hydroxide, sorbic acid, potassium sorbate, sodium benzoate.",£9.99,['Dry'],hydration
Clinique Smart SPF 15 Custom Repair Moisturiser - Dry to Combination Skin - 50ml,https://www.lookfantastic.com/clinique-smart-spf-15-custom-repair-moisturiser-dry-to-combination-skin-50ml/11179853.html,Moisturiser,"water\aqua\eau, ethylhexyl salicylate, butyloctyl salicylate, glycerin, butyl methoxydibenzoylmethane, polyester-8, polysorbate 60, cetyl alcohol, butylene glycol, sorbitan stearate, dimethicone, tridecyl stearate, peg-100 stearate, saccharomyces ferment filtrate, sodium hyaluronate, camellia sinensis leaf extract, astrocaryum murumuru seed butter, tridecyl trimellitate, dipentaerythrityl hexacaprylate/hexacaprate, algae extract, plankton extract, laminaria saccharina extract, tamarindus indica seed extract, whey protein\lactis protein\protéine du petit-lait, acetyl glucosamine, sigesbeckia orientalis (st paul's wort) extract, glycine soja (soybean) protein, centaurium erythraea (centaury) extract, styrene/acrylates copolymer, cetyl palmitate, polyethylene, acrylates/c10-30 alkyl acrylate crosspolymer, acetyl hexapeptide-8, biotin, aminopropyl ascorbyl phosphate, sorbitan palmitate, sorbitan olivate, caffeine, ethylhexylglycerin, tocopheryl acetate, sodium polyacrylate, peg-8 laurate, trehalose, ergothioneine, lecithin, calcium chloride, hydroxyethylcellulose, sodium benzoate, sodium hydroxide, pentylene glycol, disodium edta, phenoxyethanol, chlorphenesin, yellow 5 (ci 19140), red 4 (ci 14700).",£52.00,['Dry'],"hydration, under-eye"
Mama Mio The Tummy Rub Butter 120ml - Lavender and Mint,https://www.lookfantastic.com/mama-mio-the-tummy-rub-butter-120ml-lavender-and-mint/12078038.html,Moisturiser,"aloe barbadensis leaf juice, aqua/water/eau, ethylhexyl palmitate, coconut alkanes, butyrospermum parkii (shea) butter, cetyl alcohol, glycerin, prunus amygdalus dulcis (sweet almond) oil, cetearyl alcohol, caprylic/capric triglyceride, sodium acrylate/sodium acryloyldimethyl taurate copolymer, glyceryl stearate citrate, myristyl myristate, phenoxyethanol, isohexadecane, fragrance (parfum), hydroxyacetophenone, sodium stearoyl glutamate, coco-caprylate/caprate, linalool, mentha arvensis leaf oil, polysorbate 80, lavandula angustifolia (lavender) flower oil, citrus limon (lemon) peel oil, lavandula hybrida oil, ethylhexylglycerin, argania spinosa kernel oil, cocos nucifera (coconut) oil, olea europaea (olive) fruit oil, persea gratissima (avocado) oil, rosa canina fruit oil, plukenetia volubilis seed oil, limonene, sorbitan oleate, glyceryl caprylate, tocopherol, helianthus annuus (sunflower) seed oil, cistus ladaniferus oil, cupressus sempervirens oil, geraniol, citral, 1,2-hexanediol, beta-glucan, caprylyl glycol, coumarin, sodium benzoate, citric acid, sodium hydroxide.",£24.00,['Dry'],hydration
Neal's Yard Remedies Vitamin E and Avocado Night Cream 50g,https://www.lookfantastic.com/neal-s-yard-remedies-vitamin-e-and-avocado-night-cream-50g/11926863.html,Moisturiser,"aqua (water), glycerin, cetearyl alcohol, glyceryl stearate, triticum vulgare (wheat) germ oil, persea gratissima (avocado) oil, prunus amygdalus (almond) dulcis oil, polysorbate 60, alcohol denat., symphytum officinale (comfrey) leaf extract, althea officinalis (marshmallow) root extract, simmondsia chinensis (jojoba) seed oil, pelargonium graveolens (geranium) flower oil, citrus limon (lemon) peel oil, tocopheryl acetate, sorbitan stearate, phenoxyethanol, citral, citronellol, coumarin, geraniol, limonene, linalool.",£22.00,['Dry'],hydration
First Aid Beauty Ultra Repair Face Moisturiser (50ml),https://www.lookfantastic.com/first-aid-beauty-ultra-repair-face-moisturizer-50ml/11054500.html,Moisturiser,"water, glyceryl stearate se, glycerin, caprylic/capric triglyceride, colloidal oatmeal, urea, squalane, dimethicone, cetyl alcohol, cetearyl alcohol, caprylyl glycol, phenoxyethanol, allantoin, butyrospermum parkii (shea) butter, limnanthes alba (meadowfoam) seed oil, persea gratissima (avocado) oil, carbomer, sodium hydroxide, camellia sinensis (white tea) leaf extract, chrysanthemum parthenium (feverfew) extract, glycyrrhiza glabra (licorice) root extract, ceramide 3.",£20.00,"['Dry', 'Sensitive', 'Normal']","hydration, brightening, dark spots"
Bioderma Hydrabio Gel Cream 40ml,https://www.lookfantastic.com/bioderma-hydrabio-gel-cream-40ml/11688484.html,Moisturiser,"aqua/water/eau, glycerin, isododecane, cyclopentasiloxane, dipropylene glycol, niacinamide, squalane, polymethylsilsesquioxane, c14-22 alcohols, hdi/trimethylol hexyllactone crosspolymer, ammonium cryloyldimethyltaurate/vp copolymer, c30-45 alkyl cetearyl dimethicone crosspolymer, carbomer, pentylene glycol, tocopheryl acetate, c12-20 alkyl glucoside, steareth-21, disodium edta, salicylic acid, sodium hydroxide, mannitol, xylitol, hexyldecanol, peg/ppg-18/18 dimethicone, rhamnose, malachite extract, pyrus malus (apple) seed extract, brassica campestris (rapeseed) sterols, tocopherol, fragrance (parfum).",£15.20,"['Dry', 'Oily', 'Normal']","acne, hydration, brightening, dark spots, oil control, blackheads, under-eye"
Estée Lauder NightWear Plus Anti-Oxidant Night Detox Crème 50ml,https://www.lookfantastic.com/estee-lauder-nightwear-plus-anti-oxidant-night-detox-creme-50ml/11465641.html,Moisturiser,"water/aqua/eau, dimethicone, glycerin, polysorbate 60, butyrospermum parkii (shea butter), hydrogenated polydecene, propanediol, squalane, sorbitan stearate, cetyl palmitate, tridecyl stearate, laminaria saccharina extract, laminaria ochroleuca extract, gentiana lutea (gentian) root extract, hydrolyzed rice bran extract, citrus reticulata (tangerine) peel extract, psidium guajava (guava) fruit extract, hydrolyzed rice extract, citrus limon (lemon) fruit extract, fumaria officinalis flower/leaf/stem extract, triticum vulgare (wheat) germ extract, hordeum vulgare (barley) extract/extrait d'orge, polygonum cuspidatum root extract, thermus thermophillus ferment, coffea arabica (coffee) seed extract, vitis vinifera (grape) seed extract, saccharomyces lysate extract, limonium vulgare flower/leaf/stem extract, ethylbisiminomethylguaiacol manganese chloride, palmitoyl hydroxypropyltrimonium amylopectin/glycerin crosspolymer, artemia extract, cholesterol, algae extract, linoleic acid, dimethiconol, isohexadecane, sodium hyaluronate, lecithin, tridecyl trimellitate, lauryl alcohol, glycyrrhetinic acid, trehalose, sucrose, ergothioneine, acrylates/c10-30 alkyl acrylate crosspolymer, dipentaerythrityl hexacaprylate/hexacaprate, acetyl glucosamine, ethylhexylglycerin, butylene glycol, glyceryl stearate, behenyl alcohol, caffeine, palmitic acid, sodium pca, stearic acid, urea, caprylic/capric triglyceride, acrylamide/sodium acryloyldimethyltaurate copolymer, tocopheryl acetate, tetrahexyldecyl ascorbate, cetyl alcohol, myristyl alcohol, polyquaternium-51, citric acid, sodium hydroxide, polysorbate 80, sodium benzoate, fumaric acid, cyclodextrin, fragrance (parfum), disodium edta, bht, phenoxyethanol, chlorphenesin, linalool, butylphenyl methylpropional, hydroxyisohexyl 3-cyclohexene carboxaldehyde, benzyl salicylate, blue 1 (ci 42090), yellow 5 (ci 19140)",£44.10,['Dry'],"hydration, under-eye"
The Ordinary 10% Agireline Solution 30ml,https://www.lookfantastic.com/the-ordinary-10-agireline-solution-30ml/11416769.html,Serum,"aqua (water), propanediol, acetyl hexapeptide-8, trisodium ethylenediamine disuccinate, gellan gum, sodium chloride, isoceteth-20, dimethyl isosorbide, potassium sorbate, phenoxyethanol, chlorphenesin.",£5.80,['All'],general
The Ordinary Buffet Supersize Serum 60ml,https://www.lookfantastic.com/the-ordinary-buffet-supersize-serum-60ml/12243646.html,Serum,"aqua (water), glycerin, lactococcus ferment lysate, acetyl hexapeptide-8, pentapeptide-18, palmitoyl tripeptide-1, palmitoyl tetrapeptide-7, palmitoyl tripeptide-38, dipeptide diaminobutyroyl benzylamide diacetate, acetylarginyltryptophyl diphenylglycine, sodium hyaluronate crosspolymer, sodium hyaluronate, allantoin, glycine, alanine, serine, valine, isoleucine, proline, threonine, histidine, phenylalanine, arginine, aspartic acid, trehalose, fructose, glucose, maltose, urea, sodium pca, pca, sodium lactate, citric acid, hydroxypropyl cyclodextrin, sodium chloride, sodium hydroxide, butylene glycol, pentylene glycol, acacia senegal gum, xanthan gum, carbomer, polysorbate 20, ppg-26-buteth-26, peg-40 hydrogenated castor oil, trisodium ethylenediamine disuccinate, ethoxydiglycol, sodium benzoate, caprylyl glycol, ethylhexylglycerin, phenoxyethanol, chlorphenesin.",£24.40,"['Dry', 'Sensitive']",hydration
The Ordinary 100% Pycnogenol 5% 15ml,https://www.lookfantastic.com/the-ordinary-100-pycnogenol-5-15ml/12049287.html,Serum,"propanediol, pinus pinaster bark extract.",£8.90,['All'],general
Medik8 C-Tetra Serum 30ml,https://www.lookfantastic.com/medik8-c-tetra-serum-30ml/11795619.html,Serum,"simmondsia chinensis (jojoba) seed oil, cyclopentasiloxane, cyclohexasiloxane, tetrahexyldecyl ascorbate, tocopheryl acetate, ppg-12/smdi copolymer, citrus grandis (grapefruit) peel oil, limonene.",£35.00,['All'],general
Estée Lauder Advanced Night Repair Synchronized Recovery Complex II 30ml,https://www.lookfantastic.com/estee-lauder-advanced-night-repair-synchronized-recovery-complex-ii/11141115.html,Serum,"water\aqua\eau, bifida ferment lysate, methyl gluceth-20, peg-75, bis-peg-18 methyl ether dimethyl silane, butylene glycol, propanediol, cola acuminata (kola) seed extract, hydrolyzed algin, pantethine, caffeine, lecithin, tripeptide-32, ethylhexylglycerin, sodium rna, bisabolol, glycereth-26, squalane, sodium hyaluronate, oleth-3 phosphate, caprylyl glycol, lactobacillus ferment, oleth-3, oleth-5, anthemis nobilis (chamomile), yeast extract\faex\extrait de levure, choleth-24, hydrogenated lecithin, ceteth-24, tocopheryl acetate, ethylhexyl methoxycinnamate, hexylene glycol, carbomer, triethanolamine, trisodium edta, bht, xanthan gum, phenoxyethanol, red 4 (ci 14700), yellow 5 (ci 19140).",£52.20,"['Dry', 'Sensitive']","hydration, sensitivity, under-eye"
Estée Lauder Advanced Night Repair Synchronized Recovery Complex II 50ml,https://www.lookfantastic.com/estee-lauder-advanced-night-repair-synchronized-recovery-complex-ii/11141115.html,Serum,"water\aqua\eau, bifida ferment lysate, methyl gluceth-20, peg-75, bis-peg-18 methyl ether dimethyl silane, butylene glycol, propanediol, cola acuminata (kola) seed extract, hydrolyzed algin, pantethine, caffeine, lecithin, tripeptide-32, ethylhexylglycerin, sodium rna, bisabolol, glycereth-26, squalane, sodium hyaluronate, oleth-3 phosphate, caprylyl glycol, lactobacillus ferment, oleth-3, oleth-5, anthemis nobilis (chamomile), yeast extract\faex\extrait de levure, choleth-24, hydrogenated lecithin, ceteth-24, tocopheryl acetate, ethylhexyl methoxycinnamate, hexylene glycol, carbomer, triethanolamine, trisodium edta, bht, xanthan gum, phenoxyethanol, red 4 (ci 14700), yellow 5 (ci 19140).",£70.20,"['Dry', 'Sensitive']","hydration, sensitivity, under-eye"
The Ordinary Hyaluronic Acid 2% + B5 Supersize Serum 60ml,https://www.lookfantastic.com/the-ordinary-hyaluronic-acid-2-b5-supersize-serum-60ml/12243647.html,Serum,"aqua (water), sodium hyaluronate, sodium hyaluronate crosspolymer, panthenol, ahnfeltia concinna extract, glycerin, pentylene glycol, propanediol, polyacrylate crosspolymer-6, ppg-26-buteth-26, peg-40 hydrogenated castor oil, trisodium ethylenediamine disuccinate, citric acid, ethoxydiglycol, caprylyl glycol, hexylene glycol, ethylhexylglycerin, phenoxyethanol, chlorphenesin.",£11.00,['Dry'],hydration
The Ordinary Marine Hyaluronics 30ml,https://www.lookfantastic.com/the-ordinary-marine-hyaluronics-30ml/11751840.html,Serum,"aqua (water), glycerin, algae extract, pseudoalteromonas exopolysaccharides, pseudoalteromonas ferment extract, ahnfeltia concinna extract, arginine, glycine, alanine, serine, valine, isoleucine, proline, threonine, histidine, phenylalanine, aspartic acid, pca, sodium pca, sodium lactate, salicylic acid, citric acid, propanediol, dimethyl isosorbide, ethoxydiglycol, polysorbate 20, potassium sorbate, sodium salicylate, sodium benzoate, hexylene glycol, 1,2-hexanediol, phenoxyethanol, caprylyl glycol.",£6.20,"['Dry', 'Oily']","acne, hydration, blackheads"
Avene Hydrance Intense Serum 30ml,https://www.lookfantastic.com/avene-hydrance-intense-serum-30ml/11568827.html,Serum,"avene thermal spring water (avene aqua),  caprylic/capric triglyceride, isocetyl stearoyl stearate, triethylhexanoin, glycerin, 1,2-hexanediol, hydrogenated starch hydrolysate, methyl gluceth-20, benzoic acid, beta-sitosterol, c12-20 alkyl glucoside, c14-22 alcohols, carbomer, disodium edta, fragrance (parfum), polyglyceryl-10 myristate, sodium hydroxide, tocopheryl acetate, water (aqua).",£20.00,['Dry'],hydration
VICHY Minéral 89 Hyaluronic Acid Hydration Booster 50ml,https://www.lookfantastic.com/vichy-mineral-89-hyaluronic-acid-hydration-booster-50ml/11499284.html,Serum,"aqua / water / eau, peg/ppg/polybutylene glycol-8/5/3 glycerin, glycerin, butylene glycol, methyl gluceth-20, carbomer, sodium hyaluronate, phenoxyethanol, caprylyl glycol, citric acid, biosaccharide gum-1.",£25.00,['Dry'],hydration
La Roche-Posay Pure Vitamin C10 Serum 30ml,https://www.lookfantastic.com/la-roche-posay-pure-vitamin-c10-serum-30ml/12049143.html,Serum,"aqua / water, ascorbic acid, cyclohexasiloxane, glycerin, alcohol denat., potassium hydroxide, polymethylsilsesquioxane, polysilicone-11, dimethicone, propylene glycol, pentaerythrityl tetraethylhexanoate, c13-14 isoparaffin, peg-20 methyl glucose sesquistearate, sodium hyaluronate, adenosine, poloxamer 338, ammonium polyacryloyldimethyl taurate, disodium edta, hydrolyzed hyaluronic acid, caprylyl glycol, laureth-7, acetyl dipeptide-1 cetyl ester, xanthan gum, toluene sulfonic acid, polyacrylamide, tocopherol, salicylic acid, parfum / fragrance",£38.00,"['Dry', 'Oily']","acne, hydration, blackheads, firmness"
PIXI Overnight Glow Serum,https://www.lookfantastic.com/pixi-overnight-glow-serum/11200045.html,Serum,"water, glycerin, glycolic acid, polysorbate 20, hydroxyethylcellulose, ammonium hydroxide, phenoxyethanol, propylene glycol, ethylhexylglycerin, aloe barbadensis leaf extract, cucumis sativus (cucumber) fruit extract, arginine, disodium edta, tocopheryl acetate, retinyl palmitate, ascorbyl palmitate, lecithin, sucrose, hydrogenated lecithin, caprylic/capric triglyceride, cyclopentasiloxane, bht, cyclohexasiloxane, xanthan gum, ascorbic acid.",£26.00,"['Dry', 'Oily']","hydration, uneven texture"
Clinique Even Better Clinical Radical Dark Spot Corrector + Interrupter 50ml,https://www.lookfantastic.com/clinique-even-better-clinical-radical-dark-spot-corrector-interrupter-50ml/12483689.html,Serum,"water\aqua\eau, cyclopentasiloxane, dimethicone, polysilicone-11, isododecane, butylene glycol, ascorbyl glucoside, peg-10 dimethicone, peg-6, morus bombycis (mulberry) root extract, scutellaria baicalensis root extract, camellia sinensis leaf extract, cucumis sativus (cucumber) fruit extract, saccharomyces lysate extract, hordeum vulgare (barley) extract\extrait d'orge, salicylic acid, triticum vulgare (wheat) germ extract, cholesterol, oryza sativa (rice) bran extract, squalane, acetyl glucosamine, sodium hyaluronate, caffeine, isohexadecane, betula alba (birch) bark extract, trametes versicolor extract, sodium rna, glycyrrhetinic acid, dimethoxytolyl propylresorcinol, di-c12-18 alkyl dimonium chloride, helianthus annuus (sunflower) seedcake, yeast extract\faex\extrait de levure, caprylyl glycol, propylene glycol dicaprate, ammonium acryloyldimethyltaurate/vp copolymer, acrylamide/sodium acryloyldimethyltaurate copolymer, polysorbate 20, tocopheryl acetate, polysorbate 80, tromethamine, sodium hydroxide, hexylene glycol, disodium edta, sodium benzoate, sodium metabisulfite, sodium sulfite, phenoxyethanol, yellow 6 (ci 15985), yellow 5 (ci 19140).",£64.00,"['Dry', 'Oily']","acne, hydration, blackheads, under-eye"
Medik8 Hydr8 B5 Serum 30ml,https://www.lookfantastic.com/medik8-hydr8-b5-serum-30ml/11795629.html,Serum,"aqua (water), panthenol, sodium hyaluronate, calcium pantothenate, phenoxyethanol, ethylhexylglycerin, citric acid.",£40.00,['Dry'],hydration
NIP+FAB Dragons Blood Fix Serum 50ml,https://www.lookfantastic.com/nip-fab-dragons-blood-fix-serum-50ml/11457535.html,Serum,"aqua (water/ eau), alcohol denat. (sd alcohol 40-b), butylene glycol, polysilicone-11, glycerin, ethylhexylglycerin, phenoxyethanol, tapioca starch, carbomer, propylene glycol, benzyl alcohol, peg-40 hydrogenated castor oil, parfum (fragrance), sodium hyaluronate, disodium edta, sodium hydroxide, amaranthus caudatus (velvet flower) seed extract, linalool, dehydroacetic acid, croton lechleri resin extract, butylphenyl methylpropional (lilial), laureth-12, limonene, benzyl salicylate, citronellol, polymethylsilsequioxane, potassium sorbate, geraniol, sorbic acid.",£19.95,['Dry'],hydration
By Terry Cellularose CC Serum 30ml (Various Shades),https://www.lookfantastic.com/by-terry-cellularose-cc-serum-30ml-various-shades/11307081.html,Serum,"aqua, glycereth-7, bis-peg-18 methyl ether dimethyl silane, dimethicone, butylene glycol, peg 7 methyl ether, peg-32, nylon-12, boron nitride, cyclomethicone, dimethicone crosspolymer, glycerin, lecithin, tocopherol, acrylates/ palmeth-25 acrylate copolymer, phenoxyethanol, chlorphenesin, methylparaben, ethylparaben, parfum/ fragrance, polymethylsilsesquioxane, sodium styrene/acrylates copolymer, potassium hydroxide, benzophenone-4, cyclotetrasiloxane, helianthus annuus (sunflower) seed oil, potassium sorbate, xanthan gum, geraniol, papain, bht, citronellol, rosa alba flower extract, 1,2 hexanediol, caprylyl glycol, carbomer, rosmarinus officinalis (rosemary) leaf extract, eugenol, algin, may contain (+/-): mica (ci 77019), titanium dioxide/ci 77891, iron oxides ( ci 77491), bismuth oxychloride (ci 77163), iron oxides (ci 77492), iron oxides (ci 77499), tin oxide (ci 77861), carmine (ci 75470).",£61.00,['Dry'],"hydration, sun protection"
NIP+FAB Salicylic Fix Serum Extreme 2% 50ml,https://www.lookfantastic.com/nip-fab-salicylic-fix-serum-extreme-2-50ml/12137766.html,Serum,"aqua (water), propylene glycol, glycerin, ammonium acryloyldimethyltaurate/vp copolymer, salicylic acid, peg-40 hydrogenated castor oil, phenoxyethanol, propanediol, sodium hydroxide, parfum (fragrance), benzyl alcohol, disodium edta, ethylhexylglycerin, dehydroacetic acid, alcohol, polygonum bistorta root extract, nelumbo nucifera flower extract, nymphaea coerulea flower extract, aloe barbadensis leaf juice, ci 17200 (red 33).",£19.95,"['Dry', 'Oily']","acne, hydration, blackheads"
NIOD Multi-Molecular Hyaluronic Complex 15ml,https://www.lookfantastic.com/niod-multi-molecular-hyaluronic-complex-15ml/11457499.html,Serum,"aqua (water), glycerin, hydrolyzed yeast extract, sodium hyaluronate crosspolymer, dimethyl isosorbide, pentylene glycol, sodium hyaluronate, hydrolyzed sodium hyaluronate, sodium butyroyl hyaluronate, polyacrylate crosspolymer-6, n-acetyl-d-glucosamine-6- phosphate disodium salt, betaine, trisodium ethylenediamine disuccinate, yeast extract, cetyl hydroxyethylcellulose, tamarindus indica seed gum, tremella fuciformis sporocarp extract, lecithin, tetradecyl aminobutyroylvalylaminobutyric urea trifluoroacetate, myristoyl nonapeptide-3, magnesium chloride, sodium benzoate, potassium sorbate, ppg-26-buteth-26, peg-40 hydrogenated castor oil, ethylhexylglycerin, chlorphenesin, phenoxyethanol, polyglucuronic acid.",£25.00,['Dry'],hydration
Medik8 Crystal Retinal 6,https://www.lookfantastic.com/medik8-crystal-retinal-6/11899386.html,Serum,"aqua (water), caprylic/capric triglyceride, glycerin, isododecane, cyclodextrin, cetearyl alcohol, cetearyl olivate, sodium acrylate/sodium acryloyldimethyl taurate copolymer, sorbitan olivate, tocopheryl acetate, squalane, sodium hyaluronate, retinal, ethyl ascorbic acid, daucus carota sativa (carrot) seed oil, hydroxyethyl acrylate/sodium acryloyldimethyl taurate copolymer, ethylhexylglycerin, pentylene glycol, vanilla planifolia (vanilla) fruit extract, hydroxypropyl methylcellulose, rubus chamaemorus (cloudberry) seed oil, sodium polyaspartate, tetrahexyldecyl ascorbate, dipteryx odorata (tonka) bean extract, bht, polyhydroxystearic acid, disodium edta, titanium dioxide, phenoxyethanol, alumina, lonicera caprifolium (honeysuckle) flower extract, isostearic acid, lecithin, lonicera japonica (honeysuckle) flower extract, polyglyceryl-3 polyricinoleate, stearic acid, coumarin, ci 14700 (red 4).",£59.00,['Dry'],"hydration, sun protection"
PIXI Collagen and Retinol Serum 30ml,https://www.lookfantastic.com/pixi-collagen-and-retinol-serum-30ml/12040130.html,Serum,"aqua/water/eau, glycerin, acacia seyal gum extract, retinol, methyl methacrylate/glycol dimethacrylate crosspolymer, acetyl heptapeptide-4, niacinamide, rosmarinus officinalis (rosemary) extract, anthemis nobilis (chamomile) extract, ascorbic acid, tocopheryl acetate, citric acid, carbomer, potassium sorbate, hydroxyethyl cellulose, caprylyl glycol, disodium edta, propyl gallate, bht.",£26.00,"['Dry', 'Oily', 'Sensitive', 'Normal']","acne, hydration, anti-aging, brightening, sensitivity, dark spots, oil control, firmness, under-eye"
Elizabeth Arden Ceramide Capsules Advanced (90 Capsules),https://www.lookfantastic.com/elizabeth-arden-ceramide-capsules-advanced-90-capsules/11382385.html,Serum,"isononyl isononanoate, isodecyl neopentanoate, isododecane, isopropyl myristate, dimethicone, camellia japonica seed oil, divinyldimethicone/dimethicone crosspolymer, caprylic/capric triglyceride, cyclopentasiloxane, ceramide 1, ceramide 3, ceramide 6 ii, cholesterol, cocos nucifera (coconut) oil, crithmum maritimum extract, dimethiconol, lecithin, linoleic acid, linolenic acid, medicago sativa (alfalfa) extract, phytosphingosine, retinyl palmitate, squalene, tocopherol.",£84.00,"['Dry', 'Normal']",hydration
Elizabeth Arden Retinol Ceramide Capsules Line Erasing Night Serum - 30 Pieces (Sleeved Version),https://www.lookfantastic.com/elizabeth-arden-retinol-ceramide-capsules-line-erasing-night-serum-30-pieces-sleeved-version/11845677.html,Serum,"cyclopentasiloxane, dimethicone crosspolymer, c12-15 alkyl benzoate, bht, c18-36 acid triglyceride, camellia senensis leaf extract, ceramide np, ceamide ns, cyclohexasiloxane, dimethiconol, ethylhexyl cocoate, helianthus annuus (sunflower) seed oil, laurylmethacrylate/glycol dimethacrylate crosspolymer, lecithin, olea europaea (olive) fruit oil, palmitoyl tetrapeptide-7, palmitoyl tripeptide-1, persea gratissima (avocado) oil, phytosphingosine, phytosterols, polysorbate 20, propylene glycol dicaprylate/dicaprate, retinol, sorbitan laurate, tetrahydrodiferuloylmethane, phenoxyethanol.",£42.00,"['Dry', 'Oily', 'Normal']","hydration, anti-aging, firmness, under-eye"
Tan-Luxe Super Glow Body Hyaluronic Self-Tan Serum 150ml,https://www.lookfantastic.com/tan-luxe-super-glow-body-hyaluronic-self-tan-serum-150ml/12508660.html,Serum,"aqua (water), glycerin, dihydroxyacetone, hydrolyzed soybean fiber, hyaluronic acid, beta vulgaris (beet) root extract, brassica oleracea acephala (kale) leaf extract , sodium hyaluronate, rubus idaeus (raspberry) seed oil, cocos nucifera (coconut) oil, persea gratissima (avocado) oil, salvia hispanica (sage) seed oil, vaccinium myrtillus (myrtle) fruit extract, theobroma cacoa (cocoa) seed extract, aloe barbadensis (aloe vera) leaf juice, caffeine, palmitoyl carnitine, tocopheryl acetate, ascorbic acid, retinyl acetate, erythrulose, cyclopentasiloxane, polyacrylamide, c13-14 isoparaffin, glyceryl acrylate/acrylic acid copolymer, dimethicone crosspolymer, dimethicone, pvm/ma copolymer, laureth-7, laureth-23, laureth-4, butylene glycol, ethylhexylglycerin, parfum (fragrance), limonene, geraniol, hexyl cinnamal, benzyl salicylate, sodium metabisulfite, citric acid, tetrasodium edta, phenoxyethanol, sclerotium gum, lecithin, xanthan gum, triethylene glycol, potassium sorbate, ci 17200 (d&c red no.33).",£35.00,"['Dry', 'Sensitive']","hydration, sensitivity, firmness, under-eye"
La Roche-Posay Rosaliac AR Intense Serum 40ml,https://www.lookfantastic.com/la-roche-posay-rosaliac-ar-intense-serum-40ml/11091876.html,Serum,"aqua / water / eau, glycerin, isostearyl neopentanoate, butylene glycol, pentylene glycol, polysorbate 20, tambourissa trichophylla leaf extract, glyceryl acrylate/acrylic acid copolymer, dimethicone, dimethiconol, ammonium polyacryldimethyltauramide /ammonium polyacryloyldimethyl taurate, disodium edta, acetyl dipeptide-1 cetyl ester.",£19.50,['Dry'],hydration
La Roche-Posay Toleriane Ultra Cream,https://www.lookfantastic.com/la-roche-posay-toleriane-ultra-cream/11094703.html,Serum,"aqua / water, isocetyl stearate, squalane, butyrospermum parkii butter / shea butter, dimethicone, glycerin, aluminum starch octenylsuccinate, pentylene glycol, peg-100 stearate, glyceryl stearate, cetyl alcohol, dimethiconol, sodium hydroxide, acetyl dipeptide-1 cetyl ester, acrylates/c10-30 alkyl acrylate crosspolymer.",£18.50,['Dry'],hydration
Clinique Even Better Clinical Radical Dark Spot Corrector + Interrupter 30ml,https://www.lookfantastic.com/clinique-even-better-clinical-radical-dark-spot-corrector-interrupter-30ml/12483688.html,Serum,"water\aqua\eau, cyclopentasiloxane, dimethicone, polysilicone-11, isododecane, butylene glycol, ascorbyl glucoside, peg-10 dimethicone, peg-6, morus bombycis (mulberry) root extract, scutellaria baicalensis root extract, camellia sinensis leaf extract, cucumis sativus (cucumber) fruit extract, saccharomyces lysate extract, hordeum vulgare (barley) extract\extrait d'orge, salicylic acid, triticum vulgare (wheat) germ extract, cholesterol, oryza sativa (rice) bran extract, squalane, acetyl glucosamine, sodium hyaluronate, caffeine, isohexadecane, betula alba (birch) bark extract, trametes versicolor extract, sodium rna, glycyrrhetinic acid, dimethoxytolyl propylresorcinol, di-c12-18 alkyl dimonium chloride, helianthus annuus (sunflower) seedcake, yeast extract\faex\extrait de levure, caprylyl glycol, propylene glycol dicaprate, ammonium acryloyldimethyltaurate/vp copolymer, acrylamide/sodium acryloyldimethyltaurate copolymer, polysorbate 20, tocopheryl acetate, polysorbate 80, tromethamine, sodium hydroxide, hexylene glycol, disodium edta, sodium benzoate, sodium metabisulfite, sodium sulfite, phenoxyethanol, yellow 6 (ci 15985), yellow 5 (ci 19140).",£45.00,"['Dry', 'Oily']","acne, hydration, blackheads, under-eye"
Elizabeth Arden Retinol Ceramide Capsules Line Erasing Night Serum - 60 Pieces (Sleeved Version),https://www.lookfantastic.com/elizabeth-arden-retinol-ceramide-capsules-line-erasing-night-serum-60-pieces-sleeved-version/11845678.html,Serum,"cyclopentasiloxane, dimethicone crosspolymer, c12-15 alkyl benzoate, bht, c18-36 acid triglyceride, camellia senensis leaf extract, ceramide np, ceamide ns, cyclohexasiloxane, dimethiconol, ethylhexyl cocoate, helianthus annuus (sunflower) seed oil, laurylmethacrylate/glycol dimethacrylate crosspolymer, lecithin, olea europaea (olive) fruit oil, palmitoyl tetrapeptide-7, palmitoyl tripeptide-1, persea gratissima (avocado) oil, phytosphingosine, phytosterols, polysorbate 20, propylene glycol dicaprylate/dicaprate, retinol, sorbitan laurate, tetrahydrodiferuloylmethane, phenoxyethanol.",£72.00,"['Dry', 'Oily', 'Normal']","hydration, anti-aging, firmness, under-eye"
VICHY Minéral 89 Hyaluronic Acid Hydration Booster 75ml,https://www.lookfantastic.com/vichy-mineral-89-hyaluronic-acid-hydration-booster-75ml/12049147.html,Serum,"aqua / water, peg/ppg/polybutylene glycol-8/5/3 glycerin, glycerin, butylene glycol, methyl gluceth-20, carbomer, sodium hyaluronate, phenoxyethanol, caprylyl glycol, citric acid, biosaccharide gum-1.",£30.00,['Dry'],hydration
PIXI Glow Tonic Serum 30ml,https://www.lookfantastic.com/pixi-glow-tonic-serum-30ml/12040121.html,Serum,"aqua/water/eau, glycerin, glycolic acid, polysorbate 20, ammonium hydroxide, hydroxyethylcellulose, phenoxyethanol, ethylhexylglycerin, arginine, cucumis sativus (cucumber) fruit extract, aloe barbadensis leaf extract, panax ginseng root extract, parfum/fragrance, tocopheryl acetate, ascorbic acid, ascorbyl palmitate, retinyl palmitate, triethanolamine, cyclohexasiloxane, hydrogenated lecithin, lecithin, cyclopentasiloxane, caprylic/capric triglyceride, sucrose, xanthan gum, bht, disodium edta",£26.00,"['Dry', 'Oily']","hydration, uneven texture"
DECLÉOR Aromessence Neroli Amara Serum 15ml,https://www.lookfantastic.com/decleor-aromessence-neroli-amara-serum-15ml/10360106.html,Serum,"corylus avellana (hazel) seed oil, citrus aurantium amara (bitter orange) oil, citrus aurantium amara (bitter orange) neroli oil, santalum album (sandalwood) oil, juniperus communis fruit oil, salvia sclarea (clary) oil, carum petroselinum (parsley) oil, linalool, d-limonene, geraniol, farnesol.",£36.40,['All'],general
The Ordinary Amino Acids + B5,https://www.lookfantastic.com/the-ordinary-amino-acids-b5/11933182.html,Serum,"aqua (water), propanediol, betaine, sodium pca, panthenol, sodium lactate, arginine, pca, aspartic acid, glycine, alanine, serine, threonine, valine, proline, isoleucine, lysine hcl, histidine, phenylalanine, glutamic acid, citric acid, dimethyl isosorbide, polysorbate 20, trisodium ethylenediamine disuccinate, 1,2-hexanediol, caprylyl glycol.",£5.90,['Dry'],hydration
Lancôme Advanced Génifique Eye and Lash Serum - Light Pearl 20ml,https://www.lookfantastic.com/lancome-advanced-genifique-eye-and-lash-serum-light-pearl-20ml/12086252.html,Serum,"aqua/water, bifdia ferment lysate, propanediol, glycerin, alochol denat, dimethicone, c13-14 isoparaffin, escin, tocopheryl acetate, sodium benzoate, phenoxethanol, adenosine, caffeine, polyacrylamide, chlorphenesin, polymethylsilsesquioxane, chilorella vulgaris extract, salicyloyl phytosphingosine, dimethiconevinyl dimethicone crosspolymer, ammonium polyacryldimethyltauramide/ammonium polyacryloyldmethyl taurate, dimethiconol, pentaerythrityl etraethylhexanoate, xanthan gum, caprylic/capric triglyceride, bis-peg/ppg-16/16 dimethicone, bht, laureth-7.",£44.55,['Dry'],"hydration, under-eye"
REN Clean Skincare Radiance Perfection Serum,https://www.lookfantastic.com/ren-clean-skincare-radiance-perfection-serum/10460867.html,Serum,"aqua (water), glycerin, alcohol denat., cetearyl olivate, ascorbyl tetraisopalmitate, oryza sativa (rice) bran oil, oryza sativa (rice) germ oil, phospholipids, sorbitan olivate, mannitol, vaccinium vitis-idaea (lingonberry) seed oil, faex (yeast) extract, sodium hyaluronate, hippophae rhamnoides fruit extract, panax ginseng root extract, tocopherol, xanthan gum, lactic acid, glycyrrhiza glabra (licorice) root extract, glycogen, magnesium ascorbyl phosphate, rumex occidentalis extract, parfum (fragrance), citrus limon (lemon) fruit extract, gynostemma pentaphyllum leaf extract, ananas sativus (pineapple) fruit extract, passiflora edulis fruit extract, vitis vinifera (grape) fruit extract, citrus aurantium amara (bitter orange) flower water extract, phenoxyethanol, sodium hydroxymethylglycinate, helianthus annuus (sunflower) seed oil, rosmarinus officinalis (rosemary) leaf extract, potassium sorbate, sodium bisulfite, limonene, linalool.",£38.00,"['Dry', 'Oily']","hydration, brightening, dark spots, uneven texture"
Sanctuary Spa Hyaluronic Wonder Oil Serum 30ml,https://www.lookfantastic.com/sanctuary-spa-hyaluronic-wonder-oil-serum-30ml/11794101.html,Serum,"aqua (water), sodium laureth sulfate, acrylates copolymer, cocamidopropyl betaine, coco-glucoside, glyceryl oleate, phenoxyethanol, benzyl alcohol, sodium benzoate, peg-40 hydrogenated castor oil, trideceth-9, sodium chloride, citric acid, pelargonium graveolens flower oil, sodium gluconate, propylene glycol, quaternium-80, sodium hydroxide, benzophenone-4, pentylene glycol, agar, polyquaternium-11, 1,2-hexanediol, caprylyl glycol, simmondsia chinensis (jojoba) seed oil, prunus amygdalus dulcis (sweet almond) oil, ci 77019 (mica), tocopheryl acetate, tin oxide, ci 77891 (titanium dioxide), ci 73360 (red 30).",£20.00,['All'],sun protection
La Roche-Posay Hydraphase Intense Serum (30ml),https://www.lookfantastic.com/la-roche-posay-hydraphase-intense-serum-30ml/11091831.html,Serum,"aqua, butylene glycol, alcohol denat, glycerin, bis-peg-18 methyl ether dimethyl silane, paraffinum liquidum, carbomer, sodium hydroxide, arginine, pca, serine, ascorbyl glucoside, ammonium polyacryldimethyltauramide, hydrolyzed hyaluronic acid, xanthan gum, phenoxyethanol, parfum.",£22.00,['Dry'],"hydration, firmness"
L'Oréal Paris Hydra Genius Liquid Care Moisturiser Combination Skin 70ml,https://www.lookfantastic.com/l-oreal-paris-hydra-genius-liquid-care-moisturiser-combination-skin-70ml/11740133.html,Serum,"aqua / water, glycerin, alcohol denat., dimethicone, isononyl isononanoate, silanetriol, carbomer, triethanolamine, dimethiconol, aloe barbadensis leaf juice, sodium hyaluronate, silica dimethyl silylate [nano] / silica dimethyl silylate, hyaluronic acid, phyllostachys bambusoides extract, caprylyl glycol, tetrasodium edta, citric acid, biosaccharide gum-1, xanthan gum, panthenol, menthoxypropanediol, ethylhexyl palmitate, butylene glycol, hexylene glycol, tocopherol, potassium sorbate, sorbic acid, methylparaben, sodium benzoate, phenoxyethanol, chlorphenesin, ci 42090 / blue 1, linalool, limonene, parfum / fragrance.",£9.99,['Dry'],"hydration, firmness"
bareMinerals SkinLongevity Vital Power Infusion Serum 50ml,https://www.lookfantastic.com/bareminerals-skinlongevity-vital-power-infusion-serum-50ml/11262516.html,Serum,"water (aqua/eau), propanediol, peg-6, niacinamide, ascorbyl glucoside, glycerin, peg/ppg-17/4 dimethyl ether, isodecyl neopentanoate, squalane, butylene glycol, dimethicone, peg-400, potassium hydroxide, isostearic acid, carbomer, alcohol, ethylhexylglycerin, lauryl betaine, behenyl alcohol, stearamidopropyl dimethylamine, xanthan gum, sodium citrate, beheneth-20, acrylates/c10-30 alkyl acrylate crosspolymer, tocopherol, batyl alcohol, disodium edta, sodium metaphosphate, citric acid, polysorbate 20, sodium metabisulfite, peucedanum japonicum leaf/ stem extract, eschscholtzia californica leaf cell extract, saccharomyces ferment lysate filtrate, citrus unshiu peel extract, palmitoyl tetrapeptide-7, palmitoyl tripeptide-1, zingiber aromaticus extract, fragrance (parfum), limonene, linalool, geraniol, sodium benzoate, phenoxyethanol, iron oxides (ci 77491, ci77492).",£48.00,"['Dry', 'Oily', 'Normal']","acne, hydration, brightening, dark spots, oil control, under-eye"
REN Clean Skincare Evercalm Anti-Redness Serum,https://www.lookfantastic.com/ren-clean-skincare-evercalm-anti-redness-serum/10448750.html,Serum,"citrus aurantium dulcis (orange) flower water, glycerin, caprylic/capric triglyceride, alcohol, cetearyl olivate, phospholipids, glycine soja (soybean) oil, sorbitan olivate, vaccinium vitis-idaea (lingonberry) seed oil, phenoxyethanol, inulin, lactose, milk protein, alaria esculenta extract, aster maritima extract, laminaria ochroleuca extract, arnica montana flower extract, laminaria digitata extract, sodium hyaluronate, sodium carboxymethyl betaglucan, oryza sativa (rice) extract, alpha-glucan oligosaccharide, rumex occidentalis extract, tocopherol, xanthan gum, sodium hydroxymethylglycinate, lactic acid, sodium citrate.",£32.00,"['Dry', 'Oily']","hydration, uneven texture"
Elizabeth Arden Advanced Ceramide Capsules Daily Youth Restoring Eye Serum (60 Pack),https://www.lookfantastic.com/elizabeth-arden-advanced-ceramide-capsules-daily-youth-restoring-eye-serum-60-pack/11491115.html,Serum,"cyclopentasiloxane, isononyl, isononanoate, isododecane, isopropyl myristate, isopropyl palmitate, caprylic/capric triglyceride, camellia japonica seed oil, dimethicone, ceramide 1, ceramide 3, ceramide 6 ii, cholesterol, cocos nucifera (coconut) oil, crithmum maritimum extract, dimethiconol, dimethyl isosorbide, humulus lupulus (hops) strobile, lecithin, medicago sativa (alfalfa) extract, neoruscogenin, palmitoyl hexapeptide-14, phytosphingosine, polysilicone-11, retinyl palmitate, ruscogenin, squalene, tocopherol.",£52.00,"['Dry', 'Normal']",hydration
Estée Lauder Perfectionist Pro Multi-Defense Aqua UV Gel SPF 50 with 8 Anti-Oxidants,https://www.lookfantastic.com/perfectionist-pro-multi-defense-aqua-uv-gel-spf-50-with-8-anti-oxidants/12449352.html,Serum,"water\aqua\eau, homosalate, alcohol denat., ethylhexyl salicylate, butyl methoxydibenzoylmethane, benzophenone-3, octocrylene, butylene glycol, polymethylsilsesquioxane, camellia sinensis (green tea) leaf extract, thermus thermophillus ferment, alcaligenes polysaccharides, glycerin, anthemis nobilis (chamomile) flower extract, triticum vulgare (wheat) germ extract, polygonum cuspidatum root extract, opuntia tuna extract, lilium tigrinum extract, laminaria ochroleuca extract, hordeum vulgare (barley) extract\extrait d'orge, sucrose, caffeine, cholesterol, ergothioneine, squalane, dextrin palmitate, glyceryl stearate, algae extract, acrylates copolymer, caprylic/capric triglyceride, caprylyl glycol, tocopheryl acetate, sorbeth-30 tetraisostearate, acrylates/c10-30 alkyl acrylate crosspolymer, dipropylene glycol, dehydroxanthan gum, tetrahexyldecyl ascorbate, sorbitan sesquiisostearate, ethylbisiminomethylguaiacol manganese chloride, acrylates/beheneth-25 methacrylate copolymer, carbomer, sodium hyaluronate, ammonium acryloyldimethyltaurate/vp copolymer, ppg-8-ceteth-20, hexylene glycol, sodium hydroxide, cyclodextrin, disodium edta, bht, phenoxyethanol.",£32.40,"['Dry', 'Sensitive', 'Normal']","hydration, sensitivity, sun protection, under-eye"
NIP+FAB Retinol Fix Serum Extreme 50ml,https://www.lookfantastic.com/nip-fab-retinol-fix-serum-extreme-50ml/12192674.html,Serum,"aqua (water), glycerin, ammonium acryloyldimethyltaurate/vp copolymer, dimethicone, peg-40 hydrogenated castor oil, phenoxyethanol, butylene glycol, bisabolol, benzyl alcohol, retinyl palmitate, parfum (fragrance), disodium edta, ethylhexylglycerin, dehydroacetic acid, carbomer, sodium lactate, benzyl salicylate, sodium hydroxide, polysorbate 20, hexyl cinnamal, tocopherol, linalool, limonene, aloe barbadensis leaf juice, palmitoyl tripeptide-1, palmitoyl tetrapeptide-7.",£29.95,"['Dry', 'Sensitive']",hydration
Origins Plantscription Anti-Aging Power Serum 50ml,https://www.lookfantastic.com/origins-plantscription-anti-aging-power-serum-50ml/11699768.html,Serum,"water\aqua\eau, butylene glycol, dimethicone, jojoba esters, glycerin, rosa damascena flower oil, lavandula angustifolia (lavender) oil, pelargonium graveolens flower oil, illicium verum (anise) fruit/seed oil, citrus aurantium bergamia (bergamot) fruit oil, carthamus tinctorius (safflower) seed oil, myristica fragrans (nutmeg) kernel oil, citrus aurantium dulcis (orange) peel oil, citrus nobilis (mandarin orange) peel oil, citrus limon (lemon) peel oil, litsea cubeba fruit oil, hibiscus abelmoschus extract, limonene, linalool, geraniol, citronellol, sigesbeckia orientalis (st paul's wort) extract, prunus amygdalus dulcis (sweet almond) seed extract, anogeissus leiocarpus bark extract, pisum sativum (pea) extract, bambusa vulgaris (bamboo) extract, crithmum maritimum extract, centaurium erythraea (centaury) extract, laminaria digitata extract, coffea arabica (coffee) seed extract, rosmarinus officinalis (rosemary) leaf extract, rubus idaeus (raspberry) leaf extract, polymethylsilsesquioxane, cucumis sativus (cucumber) fruit extract, pyrus malus (apple) fruit extract, commiphora mukul resin extract, scutellaria baicalensis root extract, dicaprylyl carbonate, acetyl hexapeptide-8, caffeine, phytosphingosine, sodium hyaluronate, lecithin, methyl trimethicone, glucosamine hcl, hydrogenated vegetable oil, hydrolyzed algin, micrococcus lysate, carbomer, caprylic/capric triglyceride, ammonium acryloyldimethyltaurate/vp copolymer, caprylyl glycol, tetrahexyldecyl ascorbate, polysilicone-11, tromethamine, sodium phytate, hexylene glycol, silica, phenoxyethanol.",£65.00,['Dry'],"hydration, under-eye"
Estée Lauder Perfectionist Pro Rapid Brightening Treatment with Ferment2+ Vitamin C 50ml,https://www.lookfantastic.com/estee-lauder-perfectionist-pro-rapid-brightening-treatment-with-ferment2-vitamin-c-50ml/12449351.html,Serum,"water\aqua\eau, butylene glycol, glycerin, glycereth-26, isononyl isononanoate, dimethicone, propanediol, ascorbyl glucoside, algae extract, sucrose, acetyl glucosamine, hydroxyethyl urea, lens esculenta (lentil) fruit extract, citrullus lanatus (watermelon) fruit extract, pyrus malus (apple) fruit extract, molasses extract\saccharum officinarum\extrait de melasse, myrtus communis leaf extract, avena sativa (oat) kernel extract, triticum vulgare (wheat) germ extract, hordeum vulgare (barley) extract\extrait d'orge, cladosiphon okamuranus extract, salicylic acid, hydrolyzed prunus domestica, caffeine, sodium lactate, dipotassium glycyrrhizate, squalane, oryzanol, resveratrol, sodium hyaluronate, sodium pca, ethylhexylglycerin, bis-peg-18 methyl ether dimethyl silane, tocopheryl acetate, peg-75, oleth-3 phosphate, sorbitol, caprylyl glycol, oleth-3, sodium polyaspartate, oleth-5, acrylates/c10-30 alkyl acrylate crosspolymer, propylene glycol caprylate, dextrin, yeast extract\faex\extrait de levure, choleth-24, carbomer, sodium hydroxide, ceteth-24, xanthan gum, fragrance (parfum), glyceryl acrylate/acrylic acid copolymer, citric acid, sodium citrate, disodium edta, bht, potassium sorbate, sodium benzoate, phenoxyethanol.",£77.40,"['Dry', 'Oily']","acne, hydration, blackheads, under-eye"
Peter Thomas Roth Retinol Fusion PM 30ml,https://www.lookfantastic.com/peter-thomas-roth-retinol-fusion-pm-30ml/11289146.html,Serum,"cyclopentasiloxane, squalane, water/aqua/eau, retinol, tocopheryl acetate, ascorbyl palmitate, bisabolol, lecithin, potassium phosphate, pentylene glycol, polysorbate- 20, alcohol.",£55.50,"['Dry', 'Oily', 'Sensitive']","hydration, anti-aging, firmness, under-eye"
Elizabeth Arden Skin Illuminating Advanced Brightening Night Capsules (50 Capsules),https://www.lookfantastic.com/elizabeth-arden-skin-illuminating-advanced-brightening-night-capsules-50-capsules/11247489.html,Serum,"cyclopentasiloxane, cyclohexasiloxane, caprylic/capric triglyceride, dimethicone/vinyl dimethicone crosspolymer, neopentyl glycol diheptanoate, silica, tetrahexyldecyl ascorbate, brassica campestris (rapeseed) sterols, glycolic acid, glycyrrhiza glabra (licorice) root extract, humulus lupulus (hops) strobile, isoceteth-10, lactic acid, niacinamide, parfum/fragrance, phoenix dactylifera (date) seed, polyvinyl alcohol, sodium ascorbyl phosphate, spilanthes acmella flower extract, tocopherol, tocopheryl acetate, tryptophan, butylphenyl methylpropional, citronellol, geraniol, hexyl cinnamal, limonene, linalool.",£60.00,"['Oily', 'Normal']","acne, brightening, dark spots, oil control, uneven texture, under-eye"
Caudalie VineActiv Glow Activating Anti-Wrinkle Serum 30ml,https://www.lookfantastic.com/caudalie-vineactiv-glow-activating-anti-wrinkle-serum-30ml/11416698.html,Serum,"aqua/water/eau, squalane, butylene glycol, glycerin, c14-22 alcohols, ethylhexylglycerin, ascorbyl tetraisopalmitate, polyacrylate crosspolymer-6, parfum (fragrance), tocopherol, glyceryl stearate se, palmitoyl grape seed extract, c12-20 alkyl glucoside, hydrolyzed hyaluronic acid, phenylpropanol, picea abies extract, propanediol, acacia senegal gum, caprylyl glycol, xanthan gum, sodium phytate, citric acid.",£36.00,['Dry'],"hydration, firmness"
Sukin Super Greens Recovery Serum 30ml,https://www.lookfantastic.com/sukin-super-greens-recovery-serum-30ml/11142350.html,Serum,"water (aqua), caprylic/capric triglyceride, glycerin, glyceryl stearate, decyl oleate, theobroma cacao (cocoa) seed butter, vitis vinifera (grape) seed oil, persea gratissima (avocado) oil, tocopherol (vitamin e), xanthan gum, sodium stearoyl glutamate, daucus carota sativa (carrot) seed oil, euterpe oleracea fruit extract (acai), lycium barbarum fruit extract (goji), spirulina platensis extract, chlorella vulgaris extract, petroselinum crispum (parsley) extract, brassica oleracea acephala leaf extract (kale), fragrance (parfum), lactic acid, phenoxyethanol, benzyl alcohol.",£13.95,"['Dry', 'Oily', 'Normal']","hydration, uneven texture"
Pai Skincare Back to Life Hydration Serum 30ml,https://www.lookfantastic.com/pai-skincare-back-to-life-hydration-serum-30ml/11683816.html,Serum,"aqua, glycerin, lactobacillus ferment, cocos nucifera (coconut) fruit extract, simmondsia chinensis seed oil, hyaluronic acid, kunzea pomifera fruit extract, syzygium luehmannii fruit extract, tasmannia lanceolata fruit extract, sodium levulinate, lysolecithin, sclerotium gum, sodium anisate, xanthan gum, pullulan, helianthus annuus seed oil, jasminum grandiflorum flower extract, litsea cubeba fruit oil, pelargonium graveolens oil, lactic acid, tocopherol, silica.",£42.00,"['Dry', 'Oily']","hydration, uneven texture, firmness"
OSKIA Super 16 Serum (30ml),https://www.lookfantastic.com/oskia-super-16-serum-30ml/10983981.html,Serum,aqua; helianthus annuus seed oil; glycerin; caprylic/capric triglyceride; bakuchiol; butylene glycol; dimethyl sulfone; boerhavia diffusa root extract; lupinus albus seed extract; chondrus crispus extract; crithmum maritimum callus culture filtrate; crithmum maritimum extract; malus domestica fruit cell culture extract; sodium hyaluronate; opuntia ficus-indica stem dry matter; retinyl palmitate; rosa damascena flower oil; disodium edta; glucose; glyceryl linoleate; glyceryl linolenate; inulin lauryl carbamate; lecithin; sodium ascorbyl phosphate; sodium lactate; sodium pca; sorbitol; tocopherol; tocopheryl acetate; xanthan gum; caprylyl glycol; ethylhexylglycerin; phenethyl alcohol; phenoxyethanol; citronellol; geraniol; linalool.,£90.00,['Dry'],"hydration, anti-aging"
La Roche-Posay Pigmentclar Serum 30ml,https://www.lookfantastic.com/la-roche-posay-pigmentclar-serum-30ml/11091881.html,Serum,"aqua/water/eau, glycerin, dimethicone, alcohol denat, niacinamide, isopropyl lauroyl sarcosinate, octyldodecanol, peg-20 methyl glucose sesquistearate, dimethiconol, cetearyl ethylhexanoate, isohexadecane, sodium hyaluronate, ginkgo biloba extract/ ginkgo biloba leaf extract, phenylethyl resorcinol, poloxamer 338, ammonium polyacryldimethyltauramide/ammonium polyacryloyldimethyl taurate, disodium edta, isopropyl myristate, capryloyl, salicylic acid, xanthan gum, ferulic acid, polysorbate 80, acrylamide/sodium, acryloyldimethyl taurate copolymer, phenoxyethanol, ci 77891/titanium dioxide, mica, parfum/fragrance.",£30.00,"['Dry', 'Oily', 'Normal']","acne, hydration, brightening, dark spots, sun protection, oil control, blackheads, under-eye"
"Clinique Repairwear Laser Focus Smooths, Restores, Refines 50ml",https://www.lookfantastic.com/clinique-repairwear-laser-focus-smooths-restores-refines-50ml/11143974.html,Serum,"water\aqua\eau , dimethicone , butylene glycol , methyl trimethicone , vinyl dimethicone/methicone silsesquioxane crosspolymer , polysorbate 20 , bis-peg-18 methyl ether dimethyl silane , glycerin , silica , polymethylsilsesquioxane , lauryl peg-9 polydimethylsiloxyethyl dimethicone , methyl gluceth-20 , polysilicone-11 , sigesbeckia orientalis (st paul's wort) extract, salvia sclarea (clary) extract , acetyl glucosamine , plankton extract , whey protein\lactis protein\protéine du petit-lait, sea whip extract , arabidopsis thaliana extract , caffeine , acetyl hexapeptide-8 , glycine soja (soybean) protein, sodium hyaluronate , micrococcus lysate , palmitoyl oligopeptide , ergothioneine , aminopropyl ascorbyl phosphate, caprylyl glycol , ethylhexylglycerin , tocopheryl acetate , cholesterol, glyceryl polymethacrylate, sodium hydroxide, lecithin, carbomer , peg-8 , xanthan gum , citric acid , disodium edta , phenoxyethanol.",£47.00,['Dry'],"hydration, under-eye"
DECLÉOR Aromessence Green Mandarin Essential Oil Serum 15ml,https://www.lookfantastic.com/decleor-aromessence-green-mandarin-essential-oil-serum-15ml/12085504.html,Serum,"macadamia integrifolia seed oil, helianthus annuus seed oil / sunflower seed oil, prunus armeniaca kernel oil / apricot kernel oil, limonene, citrus nobilis peel oil / mandarin orange peel oil, sclerocarya birrea seed oil, citrus limon peel oil / lemon peel oil, citrus aurantium dulcis peel oil / orange peel oil, daucus carota sativa root extract / carrot root extract, tocopherol, fusanus spicatus wood oil, jasminum sambac flower extract / jasmine flower extract, citrus paradisi peel oil / grapefruit peel oil, citral, linalool, benzyl alcohol, farnesol, haematococcus pluvialis extract, caprylic/capric triglyceride, geraniol.",£38.50,['All'],general
DECLÉOR Organic Aromessence Rose d'Orient Soothing Comfort Oil Serum,https://www.lookfantastic.com/decleor-organic-aromessence-rose-d-orient-soothing-comfort-oil-serum/11884842.html,Serum,"prunus amygdalus dulcis oil / sweet almond oil, prunus armeniaca kernel oil / apricot kernel oil, tocopherol, pelargonium graveolens flower oil, anthemis nobilis flower oil, fusanus spicatus wood oil, citronellol, citrus aurantium bergamia peel oil / bergamot peel oil, geraniol, rosa damascena flower oil, helianthus annuus seed oil / sunflower seed oil, linalool, limonene, farnesol, citral.",£36.40,['All'],general
Lancôme Advanced Génifique Youth Activating Serum 30ml,https://www.lookfantastic.com/lancome-advanced-genifique-youth-activating-serum-various-sizes/12218773.html,Serum,"aqua / water, bifida ferment lysate, glycerin, alcohol denat, dimethicone, hydroxyethylpiperazine ethane sulfonic acid, ascorbyl glucoside, lactobacillus, tocopherol, sodium hyaluronate, sodium hydroxide, sodium benzoate, phenoxyethanol, adenosine, faex extract / yeast extract, peg-20 methyl glucose sesquistearate, peg-60 hydrogenated castor oil, polymnia sonchifolia root juice, maltodextrin, salicyloyl phytosphingosine, ammonium polyacryloyldimethyl taurate, limonene, mannose, xanthan gum, pentylene glycol, propylene glycol, caprylyl glycol, alpha-glucan oligosaccharide, sorbitol, disodium edta, rosa gallica flower extract, octyldodecanol, citronellol, parfum / fragrance.",£53.55,['Dry'],hydration
Lancôme Advanced Génifique Youth Activating Serum 50ml,https://www.lookfantastic.com/lancome-advanced-genifique-youth-activating-serum-various-sizes/12218773.html,Serum,"aqua / water, bifida ferment lysate, glycerin, alcohol denat, dimethicone, hydroxyethylpiperazine ethane sulfonic acid, ascorbyl glucoside, lactobacillus, tocopherol, sodium hyaluronate, sodium hydroxide, sodium benzoate, phenoxyethanol, adenosine, faex extract / yeast extract, peg-20 methyl glucose sesquistearate, peg-60 hydrogenated castor oil, polymnia sonchifolia root juice, maltodextrin, salicyloyl phytosphingosine, ammonium polyacryloyldimethyl taurate, limonene, mannose, xanthan gum, pentylene glycol, propylene glycol, caprylyl glycol, alpha-glucan oligosaccharide, sorbitol, disodium edta, rosa gallica flower extract, octyldodecanol, citronellol, parfum / fragrance.",£75.15,['Dry'],hydration
Lancôme Advanced Génifique Youth Activating Serum 75ml,https://www.lookfantastic.com/lancome-advanced-genifique-youth-activating-serum-various-sizes/12218773.html,Serum,"aqua / water, bifida ferment lysate, glycerin, alcohol denat, dimethicone, hydroxyethylpiperazine ethane sulfonic acid, ascorbyl glucoside, lactobacillus, tocopherol, sodium hyaluronate, sodium hydroxide, sodium benzoate, phenoxyethanol, adenosine, faex extract / yeast extract, peg-20 methyl glucose sesquistearate, peg-60 hydrogenated castor oil, polymnia sonchifolia root juice, maltodextrin, salicyloyl phytosphingosine, ammonium polyacryloyldimethyl taurate, limonene, mannose, xanthan gum, pentylene glycol, propylene glycol, caprylyl glycol, alpha-glucan oligosaccharide, sorbitol, disodium edta, rosa gallica flower extract, octyldodecanol, citronellol, parfum / fragrance.",£90.45,['Dry'],hydration
Lancôme Advanced Génifique Youth Activating Serum 115ml,https://www.lookfantastic.com/lancome-advanced-genifique-youth-activating-serum-various-sizes/12218773.html,Serum,"aqua / water, bifida ferment lysate, glycerin, alcohol denat, dimethicone, hydroxyethylpiperazine ethane sulfonic acid, ascorbyl glucoside, lactobacillus, tocopherol, sodium hyaluronate, sodium hydroxide, sodium benzoate, phenoxyethanol, adenosine, faex extract / yeast extract, peg-20 methyl glucose sesquistearate, peg-60 hydrogenated castor oil, polymnia sonchifolia root juice, maltodextrin, salicyloyl phytosphingosine, ammonium polyacryloyldimethyl taurate, limonene, mannose, xanthan gum, pentylene glycol, propylene glycol, caprylyl glycol, alpha-glucan oligosaccharide, sorbitol, disodium edta, rosa gallica flower extract, octyldodecanol, citronellol, parfum / fragrance.",£114.30,['Dry'],hydration
COSRX AC Collection Blemish Spot Clearing Serum 40ml,https://www.lookfantastic.com/cosrx-ac-collection-blemish-spot-clearing-serum-40ml/12269561.html,Serum,"propolis extract, butylene glycol, niacinamide, panthenol, 1,2-hexanediol, hydroxyethyl acrylate/sodium acryloyldimethyl taurate copolymer, ethylhexylglycerin, glycerin, polyglyceryl-10 laurate, polyglyceryl-10 myristate, allantoin, melaleuca alternifolia (tea tree) leaf oil, sodium hyaluronate, asiaticoside, asiatic acid, madecassic acid, helianthus annus (sunflower) seed oil, macadamia ternifolia seed oil, sucrose distearate, glyceryl strearate, hydrogenated lecithin, dipropylene glycol, ceramide np, rh-oligopeptide-1.",£27.00,"['Dry', 'Oily', 'Sensitive', 'Normal']","acne, hydration, brightening, dark spots, oil control, under-eye"
Holika Holika 3 Seconds Starter (Hyaluronic Acid),https://www.lookfantastic.com/holika-holika-3-seconds-starter-hyaluronic-acid/11693526.html,Serum,"water, disodium edta, bis-peg-18 methyl ether dimethyl silane, glyceryl acrylate/acrylic acid copolymer, propylene glycol, glycerin, butylene glycol, betaine, peucedanum ostruthium leaf extract, hydrolyzed viola tricolor extract, polysorbate 80, platinum powder, vaccinium myrtillus fruit/leaf extract, saccharum officinarum (sugar cane) extract, acer saccharum (sugar maple) extract, citrus aurantium dulcis (orange) fruit extract, citrus medica limonum (lemon) fruit extract, nelumbium nucifera flower extract, nelumbo nucifera leaf extract, nelumbo nucifera root extract, nelumbo nucifera seed extract, portulaca oleracea extract, glacier water, phospholipid, carbomer, xanthan gum, sodium hyaluronate, ammonium acryloyldimethyl taurate/vp copolymer, glycereth-26, triethanolamine, ethanol, peg-7 caprylic/capric glycerides, methylparaben, phenoxyethanol, peg-60 hydrogenated castor oil, fragrance.",£12.95,['Dry'],hydration
Dermalogica AGE Bright Clearing Serum 30ml,https://www.lookfantastic.com/dermalogica-age-bright-clearing-serum-30ml/12134833.html,Serum,"water/aqua/eau, niacinamide, butylene glycol, peg-40 hydrogenated castor oil, salicylic acid, lentinus edodes mycelium extract, glyceryl glucoside, salvia sclarea (clary) oil, phytic acid, terpineol, thymol, citrus aurantium dulcis (orange) peel oil, rosmarinus officinalis (rosemary) leaf oil, lavandula hybrida oil, pelargonium graveolens flower oil, lavandula angustifolia (lavender) oil, citrus limon (lemon) peel oi, polydextrose, glycerin, dextrin, amylopectin, caprylyl glycol, ethylhexylglycerin, xanthan gum, pentyleneglycol, sodium hydroxide, isoamyl laurate, limonene, linalool, geraniol, citronellol, phenoxyethanol.",£52.65,"['Dry', 'Oily', 'Normal']","acne, hydration, brightening, dark spots, oil control, blackheads, under-eye"
Dr. Hauschka Night Serum 20ml,https://www.lookfantastic.com/dr.-hauschka-night-serum-20ml/12076644.html,Serum,"aqua, alcohol, glycerin, pyrus malus fruit water, chondrus crispus extract, hamamelis virginiana bark/leaf extract, hectorite, pyrus malus flower extract, parfum, citronellol, limonene, linalool, geraniol, citral, sodium chloride, xanthan gum.",£29.50,['Dry'],hydration
Elizabeth Arden SuperStart Skin Renewal Booster 50ml,https://www.lookfantastic.com/elizabeth-arden-superstart-skin-renewal-booster-50ml/11282264.html,Serum,"water/aqua/eau, glycerin, pentylene glycol, butylene glycol, caprylic/capric triglyceride, cyclopentasiloxane, dimethicone, peg-11 methyl ether dimethicone, alpha-glucan oligosaccharide, ammonium acryloyldimethyltaurate/vp copolymer, amodimethicone, caprylyl glycol, carbomer, ceramide 1, ceramide 3, ceramide 6 ii, cholesterol, crithmum maritimum extract, dimethicone/vinyl dimethicone crosspolymer, disodium edta, ethylhexylglycerin, kefiran, lactobacillus, linum usitatissimum (linseed) seed extract, maltodextrin, parfum/fragrance, phytosphingosine, polymnia sonchifolia root juice, saccharide isomerate, salicornia herbacea extract, sodium hydroxide, sodium lauroyl lactylate, sodium polyacrylate starch, xanthan gum, chlorphenesin, phenoxyethanol, sodium benzoate.",£60.00,"['Dry', 'Normal']",hydration
Lancôme Génifique Double Drop Serum 20ml,https://www.lookfantastic.com/lancome-genifique-double-drop-serum-20ml/11541001.html,Serum,"aqua / water, bifida ferment lysate, glycerin, alcohol denat., dimethicone, hydroxyethylpiperazine ethane sulfonic acid, ascorbyl glucoside, sodium hyaluronate, sodium hydroxide, sodium benzoate, phenoxyethanol, adenosine, faex extract/yeast extract/extrait de levure, peg-2 methyl glucose sesquistearate, peg-6 hydrogenated castor oil, salicyloyl phytosphingosine, ammonium polyacryldimethyltauramide/ammonium polyacryloyldimethyl taurate, limonene, xanthan gum, caprylyl glycol, disodium edta, octyldodecanol, citronellol, fragrance.",£54.00,['Dry'],hydration
SkinCeuticals Discoloration Defense Corrective Serum 30ml,https://www.lookfantastic.com/skinceuticals-discoloration-defense-corrective-serum-30ml/12251638.html,Serum,"aqua / water, butylene glycol, niacinamide, hydroxyethylpiperazine ethane sulfonic acid, glycerin, hydroxyethyl urea, propylene glycol, tranexamic acid, phenoxyethanol, caprylyl glycol, allantoin, chlorphenesin, xanthan gum, disodium edta.",£85.00,"['Dry', 'Oily', 'Sensitive', 'Normal']","acne, hydration, brightening, dark spots, oil control, under-eye"
Aurelia Probiotic Skincare Revitalise & Glow Serum 30ml,https://www.lookfantastic.com/aurelia-probiotic-skincare-revitalise-glow-serum-30ml/11218937.html,Serum,"aqua/water (purified water), aloe barbadensis extract (aloe vera), bifida ferment lysate (probiotic culture), cocoglycerides (emollient from coconut oil), glycerin (vegetable glycerine), lactose (probiotic bifidoculture milk extract), lactis proteinum/milk protein (probiotic protein), coco-caprylate (coconut based emollient), cetearyl glucoside (corn sugar emulsifier), cetearyl alcohol ( vegetable based thickener), kigelia africana fruit extract (botanical kigelia africana), hibiscus sabdariffa flower extract ( hibiscus flower), adansonia digitata fruit extract (botanical baobab), tocopherol (vitamin e), citrus nobilis peel oil (mandarin essential oil), helianthus annuus seed oil (sunflower oil), jasminum officinale flower extract (jasmine essential oil), plumeria acutifolia flower extract (plumeria essential oil), polianthes tuberose flower extract (tuberose essential oil), xanthan gum (natural based stabiliser), sodium stearoyl glutamate (vegetable derived emulsifier), sodium magnesium fluorosilicate (nano) (naturally occurring mineral salts), sodium phytate (natural origin), glyceryl caprylate (coconut-derived emulsifier), benzyl alcohol (preservative), dehydroacetic acid (preservative) , citric acid (fruit derived ph regulator), limonene, linalool, benzyl benzoate.",£51.20,"['Dry', 'Sensitive', 'Normal']","hydration, sensitivity"
Estée Lauder Idealist Pore Minimizing Skin Refinisher 30ml,https://www.lookfantastic.com/estee-lauder-idealist-pore-minimizing-skin-refinisher/11141538.html,Serum,"water\aqua\eau, cyclopentasiloxane, dimethicone, polysilicone-11, acetyl glucosamine, sodium lactobionate, morus nigra (mulberry) root extract, yeast extract\faex\extrait de levure, serenoa serrulata (saw palmetto) fruit extract, triticum vulgare (wheat) germ extract, vitis vinifera (grape) fruit extract, scutellaria baicalensis extract, castanea sativa (chestnut) seed extract, camellia sinensis (green tea) leaf extract, hordeum vulgare (barley) extract\extrait d'orge, lavandula angustifolia (lavender), amorphophallus konjac root powder, caffeine, laminaria saccharina extract, tocopheryl acetate, salvia sclarea (clary) extract, sodium hyaluronate, coriandrum sativum (coriander), citrus grandis (grapefruit california), cholesterol, glycerin, ethylhexylglycerin, squalane, polyethylene, isopentyldiol, phenyl trimethicone, isohexadecane, polysorbate 20, pantethine, methyldihydrojasmonate, acrylamide/sodium acryloyldimethyltaurate copolymer, ammonium acryloyldimethyltaurate/vp copolymer, polysorbate 80, peg-8, ethyl 2,2-dimethylhydrocinnamal, phospholipids, palmitoyl oligopeptide, butylene glycol, magnesium ascorbyl phosphate, glyceryl polymethacrylate, sodium glycyrrhetinate, nordihydroguaiaretic acid, chlorphenesin, phenoxyethanol, limonene, linalool, iron oxides (ci 77491, ci 77492, ci 77499), mica, titanium dioxide (ci 77891).",£42.30,"['Dry', 'Sensitive', 'Normal']","hydration, sensitivity, sun protection, under-eye"
Estée Lauder Perfectionist [CP+R] Wrinkle Lifting/Firming Serum 30ml,https://www.lookfantastic.com/estee-lauder-perfectionist-cp-r-wrinkle-lifting-firming-serum/11141542.html,Serum,"dimethicone, water, polysilicone-11, hdi/trimethyl hexyllactone crosspolymer, silica, butylene glycol, caprylyl methicone, sigesbeckia orientalis (st pauls wort) extract, salvia sclarea (clary) extract, coleus forskohli rott extract, chamomilla recutita (matricaria) flower extract, peg-10 dimethicone, hydrolyzed fish (pisces) collage, palmaria palmata extract, glycyrrhiza glabra (licorice) root extract, silybum marianum (ladys thistle) extract, hordeum vulgare (barley) extract, padina pavonica thallus extract, artemia extract, pantethine, aglae extract, chlorella vulgaris extract, cholesterol, squalane, boswellia serrata extract, zea mays (corn) kernel extract, glycine soja (soybean) protein, caffeine, whey protein, linoleic acid, lecithin, fish (pisces) collagen, acetyl hexapeptide-8 palmitoyl oligopeptide, glycerin, yeast extract, polyquaternium-51, phytosphingosine, triticum vulgare (wheat) germ oil, decarboxy carnosine hcl, polysorbate-40, pentylene glycol, propanediol, lauryl peg-9, polydimethylsiloxethyl dimethicone, ethylhexylglycerin, ammonium acryloyldimethyl taurate/vp copolymer, sodium pca, propylene glycol dicaprate, sodium chondroitin sulfate, sodium hyaluronate, isohexadecane, peg-8, tocopheryl acetate, polysorbate-80, disodium distyrylbiphenyl disulfonate, laureth-12, acrylamide/sodium acryloyldimethyltaurate copolymer, caprylyl glycol, aminopropyl ascorbyl phosphate, xanthan gum, sodium beta-sitosteryl sulfate, sodium chloride, sodium hydroxide, fragrance, disodium edta, bht, phenoxyethanol, mica, titanium dioxide.",£55.80,['Dry'],"hydration, anti-aging, brightening, dark spots, sun protection, firmness, under-eye"
DECLÉOR Aromessence Magnolia Youthful Oil Serum 15ml 0.5oz,https://www.lookfantastic.com/decleor-aromessence-magnolia-youthful-oil-serum-15ml-0.5oz/11349234.html,Serum,"corylus avellana seed oil/hazelnut seed oil, simmondsia chinensis seed oil/jojoba seed oil, cocos nucifera oil/coconut oil, linalool, michelia alba leaf oil, cymbopogon martini oil, pelargonium graveolens flower oil, citrus limon peel oil/lemon peel oil, limonene, cananga odorata flower oil, tocopherol, citronellol, jasminum officinale oil/jasmine oil, geraniol, zingiber officinale root oil/ginger root oil, fusanus spicatus wood oil, benzyl benzoate, gardenia tahitensis flower extract, benzyl alcohol, citral, farnesol, rosa damascena flower oil, helianthus annuus seed oil/sunflower seed oil, mentha piperita oil/peppermint oil, benzyl salicylate, eugenol.",£49.00,['All'],general
Murad Retinol Youth Renewal Serum Travel Size,https://www.lookfantastic.com/murad-retinol-youth-renewal-serum-travel-size/11925166.html,Serum,"water/aqua/eau, cyclopentasiloxane, isopropyl palmitate, c14-22 alcohols, polymethylsilsesquioxane, dimethicone, propanediol, glyceryl stearate, peg-100 stearate, shea butter ethyl esters, retinol, hydroxypinacolone retinoate, ceramide np, sodium hyaluronate, solanum lycopersicum (tomato) fruit extract, swertia chirata extract, squalane, punica granatum extract, tocopheryl acetate, glycine soja (soybean) extract, urea, yeast amino acids, trehalose, inositol, taurine, betaine, glycerin, caprylic/capric triglyceride, dimethyl isosorbide, silica, ethylhexyl palmitate, silica dimethyl silylate, butylene glycol, lecithin, ammonium acryloyldimethyltaurate/vp copolymer, c12-20 alkyl glucoside, cetyl palmitate, laureth-23, polysorbate 20, trideceth-6 phosphate, synthetic fluorphlogopite, phenoxyethanol, ethylhexylglycerin, chlorphenesin, disodium edta, sodium hydroxide, tris (tetramethylhydroxypiperidinol) citrate, sodium benzotriazolyl butylphenol sulfonate, titanium dioxide (ci 77891), red 4 (ci 14700), alpha-isomethyl ionone, citronellol, fragrance (parfum).",£25.00,"['Dry', 'Oily', 'Normal']","hydration, anti-aging, sun protection, firmness, under-eye"
Caudalie Resvératrol Lift Firming Serum (30ml),https://www.lookfantastic.com/caudalie-resveratrol-lift-firming-serum-30ml/11173005.html,Serum,"water, glycerin, butylene glycol, glyceryl stearate citrate, hexyldecanol, hexyldecyl laurate, squalane, tocopheryl acetate, polyglyceryl-3 stearate, palmitoyl grapevine shoot extract, hydrogenated lecithin, polyacrylate crosspolymer-6, hydroxyethyl acrylate/sodium acryloyldimethyl taurate copolymer, caprylyl glycol, ethylhexylglycerin, sodium dehydroacetate, parfum (fragrance), sorbitan laurate, hydrolyzed hyaluronic acid , hyaluronic acid, hydroxyethylcellulose, acetyl dipeptide-1 cetyl ester, sodium phytate, tocopherol, linalool, limonene, coumarin, butylphenyl methylpropional.",£46.00,['Dry'],"hydration, firmness"
Pai Skincare Instant Calm Redness Serum Sea Aster and Wild Oat 30ml,https://www.lookfantastic.com/pai-skincare-instant-calm-redness-serum-sea-aster-and-wild-oat-30ml/11027650.html,Serum,"aqua, citrus aurantium dulcis fruit water, avena sativa kernel extract, glycerin, glyceryl stearate citrate, cetearyl alcohol, aster maritima / tripolium extract, sodium hyaluronate, carya ovata bark extract, litsea cubeba fruit oil, adesmia boronoides flower / leaf / stem oil, helianthus annuus seed oil, caprylic / capric triglyceride, acacia senegal gum, xantham gum, sodium levulinate, sodium anisate, glyceryl caprylate, tocopherol, lactic acid, rosmarinus officinalis leaf extract, citral, limonene.",£46.00,"['Dry', 'Oily']","hydration, uneven texture"
Gallinée Probiotic Youthful Serum 30ml,https://www.lookfantastic.com/gallinee-probiotic-youthful-serum-30ml/11791805.html,Serum,"aqua (water), propanediol, glycerin, lactococcus ferment lysate, lactic acid, alpha-glucan oligosaccharide, polyacrylate crosspolymer-6, pentylene glycol, inulin, polymnia sonchifolia root juice, cyathea cumingii leaf extract, maltodextrin, arginine, lactobacillus, sodium hydroxide,  sodium chloride, glyceryl caprylate, cinnamic acid, levulinic acid, xanthan gum, sodium levulinate, tetrasodium glutamate diacetate, ethylhexylglycerin, sodium benzoate, potassium sorbate.",£38.25,"['Dry', 'Oily']","hydration, uneven texture"
PIXI Hydrating Milky Serum 30ml,https://www.lookfantastic.com/pixi-hydrating-milky-serum-30ml/11200046.html,Serum,"water, glycerin, simmondsia chinensis (jojoba) seed oil, hydroxyethyl acrylate/sodium acryloyldimethyl taurate, squalane, hydroxyethylcellulose, lecithin, phenoxyethanol, rosa canina fruit oil, tocopheryl acetate, rosa damascena flower extract, aloe barbadensis leaf juice, ethylhexylglycerin, polysorbate 60, sorbitan isostearate, magnesium ascorbyl phosphate, caprylyl glycol, disodium edta, geranium maculatum oil, caprylhydroxamic acid, leuconostoc/radish root ferment filtrate.",£26.00,['Dry'],hydration
Darphin Intral Redness Relief Soothing Serum,https://www.lookfantastic.com/darphin-intral-redness-relief-soothing-serum/11089773.html,Serum,"aqua, butylene glycol, glycerin, chamomilla recutita (matricaria) flower extract, paeonia suffruticosa (peony) root extract, alteromonas ferment extract, crataegus monogina flower extract, panthenol, glycosaminoglycans, polygonum cuspidatum root extract, ascophyllum nodosum extract, saccharomyces lysate extract, asgarogopsis armata extract, yeast extract/faex, peg-40 hydrogenated castor oil, sorbitol, sodium hyaluronate, cellulose gum, glycereth-26, fragrance, citric acid, xanthan gum, disodium edta, chlorphenesin, sodium benzoate, phenoxyethanol, red 4 (ci 14700), ext.violet 2 (ci 17200), blue 1 (ci 42090).",£74.00,['Dry'],hydration
Zelens Z Hyaluron Hyaluronic Acid Complex Serum Drops 30ml,https://www.lookfantastic.com/zelens-z-hyaluron-hyaluronic-acid-complex-serum-drops-30ml/12465315.html,Serum,"aqua (water), glycerin, propanediol, hydrolyzed hyaluronic acid, kaempferol, succinic acid, pseudoalteromonas exopolysaccharides, calcium ketogluconate, phospholipids, glycosphingolipids, amorphophallus konjac root extract, beta-glucan, magnolol, algin, sorbic acid, apricot kernel oil polyglyceryl-6 esters, polyglyceryl-6 oleate, polyglyceryl-10 oleate, leuconostoc/radish root ferment filtrate, sodium salicylate, sorbitan palmitate, xanthan gum, benzoic acid, potassium sorbate, sodium benzoate, sodium hydroxide.",£55.00,['Dry'],"hydration, firmness"
Dr Dennis Gross Skincare C+Collagen Brighten and Firm Vitamin C Serum 30ml,https://www.lookfantastic.com/dr-dennis-gross-skincare-c-collagen-brighten-and-firm-vitamin-c-serum-30ml/11540506.html,Serum,"water/aqua/eau, glycerin, 3-o-ethyl ascorbic acid, niacinamide, glycereth-7 triacetate, lactic acid, sd alcohol 40-b, hydroxyethylcellulose, dimethyl isosorbide, ascorbic acid, collagen amino acids, superoxide dismutase, glycine, carnitine hcl, ubiquinone, hexylresorcinol, emblica officinalis fruit extract, hydrolyzed soy protein, tetrahexyldecyl ascorbate, isoquercetin, mandelic acid, pueraria lobata root extract, curcuma longa (turmeric) root extract, phytic acid, citric acid, tetrasodium edta, sodium citrate, butylene glycol, xanthan gum, polysorbate 20, t-butyl alcohol, sodium hydroxide, polysorbate 80, denatonium benzoate, benzyl alcohol, phenoxyethanol, sodium benzoate, potassium sorbate, caramel.",£79.00,"['Dry', 'Oily', 'Normal']","acne, hydration, anti-aging, brightening, dark spots, oil control, uneven texture, firmness, under-eye"
Estée Lauder Perfectionist Pro Rapid Firm + Lift Serum Hexapeptide-8 50ml,https://www.lookfantastic.com/estee-lauder-perfectionist-pro-rapid-firm-lift-serum-hexapeptide-8-50ml/11689234.html,Serum,"water\aqua\eau, dimethicone, butylene glycol, caprylic/capric triglyceride, glycerin, bis-peg-18 methyl ether dimethyl silane, polysorbate 20, lauryl peg-9 polydimethylsiloxyethyl dimethicone, polysilicone-11, mangifera indica (mango) seed butter, phoenix dactylifera (date) fruit extract, pisum sativum (pea) extract, cucumis sativus (cucumber) fruit extract, crithmum maritimum extract, laminaria ochroleuca extract, commiphora mukul resin extract, triticum vulgare (wheat) germ extract, bambusa vulgaris (bamboo) extract, chlorella vulgaris extract, laminaria saccharina extract, brassica campestris (rapeseed) sterols, helianthus annuus (sunflower) seed extract, algae extract, hypnea musciformis (algae) extract, sigesbeckia orientalis (st paul's wort) extract, nymphaea alba (water lily) extract, acetyl glucosamine, caffeine, gellidiella acerosa extract, coffea arabica (coffee) seed extract, sodium hyaluronate, lactic acid, propylene glycol dicaprate, saccharide isomerate, methyl gluceth-20, ethylhexylglycerin, acrylamide/sodium acryloyldimethyltaurate copolymer, helianthus annuus (sunflower) seedcake, caprylyl glycol, isohexadecane, tocopheryl acetate, acrylates/c10-30 alkyl acrylate crosspolymer, glyceryl polymethacrylate, sodium polyacrylate starch, squalane, sodium pca, urea, zea mays (corn) kernel extract, whey protein\lactis protein\proteine du petit-lait, palmaria palmata extract, polysorbate 80, acetyl hexapeptide-8, triolein, hydrolyzed rice extract, linoleic acid, trehalose, glycine soja (soybean) protein, glucosamine hcl, phospholipids, laminaria digitata extract, hordeum vulgare (barley) extract\extrait d'orge, polyquaternium-51, palmitoyl hexapeptide-12, ergothioneine, aminopropyl ascorbyl phosphate, peg-8, phytosteryl canola glycerides, pentylene glycol, oleic acid, palmitic acid, xanthan gum, fragrance (parfum), sodium hydroxide, citric acid, silica, calcium chloride, stearic acid, dipropylene glycol, sodium palmitoyl proline, disodium edta, bht, potassium sorbate, phenoxyethanol, mica, titanium dioxide (ci 77891), iron oxides (ci 77491, ci 77492, ci 77499).",£77.40,"['Dry', 'Oily']","hydration, sun protection, uneven texture, under-eye"
GLAMGLOW Superserum 30ml,https://www.lookfantastic.com/glamglow-superserum-30ml/12036336.html,Serum,"water/aqua/eau, peg-8, butylene glycol, propanediol, glycerin, bis-peg-18 methyl ether dimethyl, silane, glycolic acid, mandelic acid, sodium hydroxide, salicylic acid, lactic acid, pyruvic acid, tartaric acid, sodium hyaluronate, trehalose, eucalyptus globulus leaf powder, eucalyptus globulus leaf, charcoal powder, avena sativa (oat) kernel extract, algae extract, butyrospermum parkii (shea) butter extract, lecithin, tocopheryl acetate, acetyl glucosamine, dimethicone, silica, xanthan gum, hdi/trimethylol hexyllactone crosspolymer, polymethyl methacrylate, carbomer, polysorbate 20, ammonium acryloyldimethyltaurate/beheneth-25 methacrylate crosspolymer, urea, fragrance (parfum), linalool, bht, disodium edta, phenoxyethanol, sorbic acid, chlorphenesin, titanium dioxide (ci 77891), blue 1 (ci 42090), red 4 (ci 14700).",£48.00,"['Dry', 'Oily']","acne, hydration, sun protection, oil control, blackheads, uneven texture"
Too Faced Hangover Good in Bed Ultra-Hydrating Replenishing Serum 29ml,https://www.lookfantastic.com/too-faced-hangover-good-in-bed-ultra-hydrating-replenishing-serum/12147733.html,Serum,"water\aqua\eau, butylene glycol, peg/ppg/polybutylene glycol-8/5/3 glycerin, lactobacillus ferment, yogurt powder, sodium hyaluronate, hydrolyzed sodium hyaluronate, algae extract, hylocereus undatus fruit extract, cocos nucifera (coconut) liquid endosperm, cocos nucifera (coconut) fruit juice, acetyl hexapeptide-8, panthenol, glycerin, caffeine, dipeptide diaminobutyroyl benzylamide diacetate, ammonium acryloyldimethyltaurate/vp copolymer, caprylyl glycol, peg-40 hydrogenated castor oil, fragrance (parfum), phenoxyethanol, potassium sorbate, sodium metabisulfite, mica, titanium dioxide (ci 77891).",£32.00,['Dry'],"hydration, sun protection, under-eye"
Elizabeth Arden Prevage Face Advanced Anti-Aging Serum (50ml),https://www.lookfantastic.com/elizabeth-arden-prevage-advanced-anti-aging-serum-50ml/10359980.html,Serum,"water, cyclopentasiloxane, dimethicone/vinyl dimethicone crosspolymer, pentylene glycol, peg-8, glycerin, phospholipids, isopropyl lauroyl sarcosinate, algae extract, ammonium acryloyldimethyl taurate/vp copolymer, hydroxydecyl ubiquinone, camellia sinensis leaf extract, sodium hyaluronate, ppg-2 isoceteth-20 acetate, propylene glycol, sodium pca, trehalose, urea, polyphosphorylcholine glycol acrylate, tetrahydropyranyloxphenol, ammonium acryloyldimethyltaurate/beheneth-25 methacrylate crosspolymer, caprylyl/capryl glucoside, sodium acrylate/acryloyldimethyl taurate copolymer, polyquaternium-51, polyisobutene, butylene glycol, sodium hydroxide, dimethylmethoxy chromanol, mica, fragrance, benzoic acid, methylparaben, phenoxyethanol, propylparaben, sorbic acid, chlorphenesin, red 4, titanium dioxide.",£170.00,['Dry'],"hydration, sun protection"
Liz Earle Superskin Face Serum 30ml Pump,https://www.lookfantastic.com/liz-earle-superskin-face-serum-30ml-pump/12528852.html,Serum,"aqua (water), glycerin, heptyl undecylenate, caprylic/capric triglyceride, borago officinalis seed oil, albizia julibrissin bark extract, rosa rubiginosa seed oil, propanediol, vaccinium macrocarpon (cranberry) seed oil, sclerotium gum, olea europaea (olive) leaf extract, citrus aurantium amara (petitgrain) leaf/twig oil, lavandula hybrida (lavandin) oil, anthemis nobilis flower oil, rheum rhaponticum root extract, zizyphus jujuba seed extract, punica granatum flower extract, citrus aurantium amara (neroli) flower oil, maltodextrin, phenoxyethanol, sodium polyacrylate, glyceryl behenate, polyglyceryl-6 distearate, xanthan gum, tocopherol (vitamin e), levan, benzoic acid, hydrolyzed algin, linalool, jojoba esters, hydrolyzed hyaluronic acid, dehydroacetic acid, ethylhexylglycerin, cetyl alcohol, polyglyceryl-3 beeswax, decyl glucoside, alcohol, sodium ascorbyl phosphate, parfum (fragrance), citric acid, sodium benzoate, geraniol, limonene, ascorbic acid, phenethyl alcohol, citral.",£45.00,"['Dry', 'Normal']","hydration, firmness"
Sukin Purely Ageless Firming Serum 30ml,https://www.lookfantastic.com/sukin-purely-ageless-firming-serum-30ml/11806705.html,Serum,"rosa canina fruit oil (rosehip), lycium barbarum fruit extract (goji), euterpe oleracea fruit extract (acai), cetearyl olivate, sorbitan olivate, sodium stearoyl glutamate, xanthan gum, lecithin, sclerotium gum, pullulan, silica, tocopherol (vitamin e), citrus tangerina (tangerine) peel oil, citrus nobilis (mandarin orange) peel oil, lavandula angustifolia (lavender) oil, vanillin, vanilla planifolia fruit extract, lactic acid, phenoxyethanol, benzyl alcohol. linalool, limonene.",£19.95,"['Oily', 'Normal']",uneven texture
Bobbi Brown Extra Repair Serum 30ml,https://www.lookfantastic.com/bobbi-brown-extra-repair-serum-30ml/11511550.html,Serum,"water\aqua\eau, squalane, glycerin, butylene glycol, bis-diglyceryl polyacyladipate-2, caprylic/capric triglyceride, c12-15 alkyl benzoate, limnanthes alba (meadowfoam) seed oil, hydrogenated lecithin, olea europaea (olive) fruit oil, sucrose (organic brown sugar), olea europaea (olive) fruit extract, salvia sclarea (clary) extract, triticum vulgare (wheat bran) extract, citrus aurantium bergamia (bergamot), cananga odorata (ylang ylang), lavandula angustifolia (lavender), padina pavonica thallus extract, theobroma grandiflorum seed butter, fusanus spicatus wood oil, acetyl hexapeptide-8, caffeine, dimethicone, dipotassium glycyrrhizate, sodium hyaluronate, tetrahexyldecyl ascorbate, xanthan gum, limonene, benzyl benzoate, linalool, benzyl salicylate, phenoxyethanol, chlorphenesin, sorbic acid.",£68.50,['Dry'],"hydration, under-eye"
Indeed Labs Eysilix Serum 2 15ml,https://www.lookfantastic.com/indeed-labs-eysilix-serum-2-15ml/12188468.html,Serum,"water (aqua/eau), isononyl isononanoate, propanediol, dimethicone, arachidyl alcohol, phenyl trimethicone, c12-15 alkyl benzoate, behenyl alcohol, peg-100 stearate, palmitoyl glycine, butyrospermum parkii (shea) butter, hydrogenated olive oil, glyceryl stearate, arachidyl glucoside, phenoxyethanol, polysilicone-11, caprylyl glycol, olea europaea (olive) fruit oil, tribehenin, panthenol, sodium acrylate/sodium acryloyldimethyl taurate copolymer, glycerin, isohexadecane, xanthan gum, olea europaea (olive) oil unsaponifiables, camelia sinensis leaf extract, disodium edta, lactobacillus ferment lysate, punica granatum extract, polysorbate 80, ceramide ng, peg-10 rapeseed sterol, methylglucoside phosphate, dunaliella salina extract, glucose, lactobacillus ferment, copper lysinate/prolinate, caffeine, citric acid, ethylhexylglycerin, palmitoyl tripeptide-5, sodium hyaluronate, acetyl tetrapeptide-2, pantolactone, potassium sorbate, palmitoyl hexapeptide-12.",£19.99,"['Dry', 'Normal']","hydration, under-eye"
Natio Advanced Lifting and Firming Serum (30ml),https://www.lookfantastic.com/natio-advanced-lifting-and-firming-serum-30ml/10562428.html,Serum,"water (aqua), butylene glycol, glycerin, hexylene glycol, tapioca starch, peg-60 almond glycerides, triethanolamine, phenoxyethanol, caprylyl glycol, calendula officinalis flower extract, acrylates/ c10-30 alkyl acrylate crosspolymer, citrus nobilis (mandarin orange) peel oil, cedrus atlantica bark oil, fragrance (parfum), rosmarinus officinalis (rosemary) leaf oil, simmondsia chinensis (jojoba) seed oil, rosa canina fruit oil, tetrasodium edta.",£15.20,"['Dry', 'Sensitive']","hydration, sensitivity"
Holika Holika 3 Seconds Starter (Collagen),https://www.lookfantastic.com/holika-holika-3-seconds-starter-collagen/11693527.html,Serum,"water, ethanol, bis-peg-18 methyl ether dimethyl silane, butylene glycol, glycereth-26, portulaca oleracea extract, hydrolyzed collagen, peg-240/hdi copolymer bis-decyltetradeceth-20 ether, betaine, dipropylene glycol, carbomer, methylparaben, peg-60 hydrogenated castor oil, phenoxyethanol, trehalose, triethanolamine, sodium hyaluronate, xanthan gum, disodium edta, fragrance.",£12.95,['All'],"anti-aging, firmness"
REN Clean Skincare Keep Young and Beautiful Instant Firming Beauty Shot,https://www.lookfantastic.com/ren-clean-skincare-keep-young-and-beautiful-instant-firming-beauty-shot/11070825.html,Serum,"water, sodium hyaluronate, hydroxypropylmethylcellulose, phenoxyethanol, pullalan, carbomer, sodiumhydroxymethylglycinate, rosa damascena flower oil, sodium hydroxide, porphyridium cruentum extract, rosa damascena flower water, citronellol, geraniol.",£42.00,['All'],general
The Organic Pharmacy Four Acid Peel Serum 30ml,https://www.lookfantastic.com/the-organic-pharmacy-four-acid-peel-serum-30ml/12100161.html,Serum,"hamamelis virginiana water, aqua (water), citrus grandis peel oil, passiflora quadrangularis fruit extract, glycerin, sodium lactate, citrus medica limonum fruit extract, alcohol, algin, ananas sativas fruit extract, vitis vinifera fruit extract, dehydroacetic acid, benzyl alcohol, chondrus crispus (carrageenan), xanthan gum, potassium sorbate, sodium bisulfite, sorbic acid, limonene, citral, linalool, glycolic acid, lactic acid, citric acid, tartaric acid.",£30.00,"['Dry', 'Oily']","hydration, uneven texture"
Indeed Labs Snoxin Serum 2 30ml,https://www.lookfantastic.com/indeed-labs-snoxin-serum-2-30ml/12188467.html,Serum,"water (aqua/eau), glycerin, cyclopentasiloxane, sodium acrylate/sodium acryloyldimethyl taurate copolymer, dimethicone, cyclohexasiloxane, isohexadecane, phenoxyethanol, caprylyl glycol, polysorbate 80, lecithin, polysilicone-11, hydroxypropyl cyclodextrin, palmitoyl tripeptide-38, hexanoyl dipeptide-3 norleucine acetate, mu-conotoxin cniiic.",£24.99,['Dry'],hydration
Neal's Yard Remedies Beauty Sleep Concentrate 30ml,https://www.lookfantastic.com/neal-s-yard-remedies-beauty-sleep-concentrate-30ml/11926866.html,Serum,"aqua (water), glycine soja (soya) oil, glycerin, cetyl alcohol, cetearyl olivate, cetearyl glucoside, vitis vinifera (grape) seed oil, theobroma cacao (cocoa) seed butter, ricinus communis (castor) seed oil, narcissus tazetta (chinese sacred lily) bulb extract, aloe barbadensis (aloe vera) leaf juice powder, palmitoyl tripeptide-5, sodium hyaluronate, cananga odorata (ylang ylang) flower oil, citrus sinensis (orange) peel oil expressed, pogostemon cablin (patchouli) leaf oil, styrax tonkinensis (benzoin) resin extract, alcohol denat., cupressus sempervirens (cypress) leaf oil, salvia sclarea (clary sage) flower oil, sorbitan olivate, sodium levulinate, levulinic acid, tocopherol, helianthus annuus (sunflower) seed oil, xanthan gum, potassium sorbate, benzyl alcohol, benzyl benzoate, benzyl salicylate, citral, eugenol, farnesol, geraniol, isoeugenol, limonene, linalool.",£35.00,"['Dry', 'Sensitive']","hydration, sensitivity"
L'Oreal Paris Dermo Expertise Revitalift Laser Renew Anti-ageing Triple Action Super Serum (30ml),https://www.lookfantastic.com/l-oreal-paris-dermo-expertise-revitalift-laser-renew-anti-aging-triple-action-super-serum-30ml/10726513.html,Serum,"aqua, dipropylene glycol, dimethicone, glycerin, hydroxypropyl tetrahydropyrantriol, propylene glycol, c12-15 alkyl benzoate, alcohol denat, peg-100 stearate, stearic acid, potassium cetyl phosphate, potassium hydroxide, carbomer, glyceryl stearate, silica, 2-oleamido-1, 3-octadecanediol, palmitic acid, disodium edta, hydrolyzed hyaluronic acid, hydroxyethylcellulose, capryloyl salicylic acid, xanthan gum, cetyl alcohol, octyldodecanol, tocopheryl acetate, phenoxyethanol, ci 15985, ci 19140, ci 77891, mica, linalool, limonene, citronellol, benzyl alcohol, parfum.",£24.99,"['Dry', 'Oily']","acne, hydration, blackheads, firmness"
ELEMIS Pro-Collagen Definition Face and Neck Serum 30ml,https://www.lookfantastic.com/elemis-pro-collagen-definition-face-and-neck-serum-30ml/11984200.html,Serum,"aqua/water/eau, shea butter ethyl esters, glycerin, albizia julibrissin (persian silk tree) bark extract, propanediol, hydroxyethyl acrylate/sodium acryloyldimethyl taurate copolymer, phenoxyethanol, lactobacillus/dipteryx odorata seed ferment filtrate, leontopodium alpinum (edelweiss) callus culture extract, fragrance (parfum), benzoic acid, biosaccharide gum-1, dehydroacetic acid, hydrolyzed algin, eryngium maritimum extract, piperonyl glucoside, linalool, limonene, citronellol, leuconostoc/radish root ferment filtrate, citric acid, xanthan gum, caramel, sodium benzoate, caprylyl glycol, vinca minor leaf extract, sodium hydroxide, glyceryl caprylate, lactic acid/glycolic acid copolymer, phenylpropanol, boswellia carterii (frankincense) oil, cymbopogon martini (palmarosa) oil, polyvinyl alcohol, salvia sclarea (clary) oil, palmitoyl heptapeptide-27, palmitoyl oligopeptide-78, palmitoyl octapeptide-24, potassium sorbate.",£92.00,"['Dry', 'Oily']","hydration, uneven texture"
Lancôme Visionnaire Serum Plus 30ml,https://www.lookfantastic.com/lancome-visionnaire-serum-plus-various-sizes/11185398.html,Serum,"aqua / water, cyclohexasiloxane, glycerin, alcohol denat., sodium tetrahydrojasmonate, polysilicone-11, octyldodecanol, hdi/trimethylol hexyllactone crosspolymer, dipropylene glycol, bis-peg/ppg-16/16 peg/ppg-16/16 dimethicone, ci 77891 / titanium dioxide, mica, secale cereale extract / rye seed extract, sodium hyaluronate, hydroxyethylcellulose, phenoxyethanol, adenosine, poloxamer 338, ammonium polyacryldimethyltauramide / ammonium polyacryloyldimethyl taurate, dimethicone, dimethiconol, pentylene glycol, caprylic/capric triglyceride, disodium edta, methyldihydrojasmonate, citronellol, inulin lauryl carbamate, parfum / fragrance.",£57.60,['Dry'],"hydration, sun protection"
Aurelia Skincare Firm & Replenish Body Serum 250ml,https://www.lookfantastic.com/aurelia-skincare-firm-replenish-body-serum-250ml/11491745.html,Serum,"aqua/water/eau, coco-caprylate (coconut derived), glyceryl caprylate/caprate (vegetable derived), cetearyl alcohol (vegetable derived), prunus amygdalus dulcis (sweet almond) oil, glyceryl stearate (naturally derived), arachidyl alcohol (vegetable derived), butyrospermum parkii (shea) butter, cetearyl glucoside (derived from corn sugar), argania spinosa kernel (argan) oil, angelica archangelica root oil, anthemis nobilis (chamomile) flower oil, boswellia carterii (olibanum) oil, cananga odorata (ylang ylang) flower oil, citrus aurantium bergamia (bergamot) fruit oil, citrus grandis (grapefruit) peel oil, citrus nobilis (mandarin orange) peel oil, cymbopogon citratus (lemongrass) oil, juniperus virginiana wood oil (cedarwood), lavandula angustifolia (lavender) herb oil, tocopherol (vitamin e), salicylic acid (vegetable based), hibiscus sabdariffa flower extract, kigelia africana fruit extract, sodium phytate (rice based), adansonia digitata (baobab) fruit extract, glycerin (vegetable derived), sorbic acid (natural preservative), citric acid (derived from lemons), dehydroacetic acid (natural association approved preservative), behenyl alcohol (naturally derived), glyceryl caprylate (coconut derived), hydroxyacetophenone (preservative booster), benzyl alcohol, arachidyl glucoside (vegetable derived), dehydroxanthan gum (naturally derived), sodium hydroxide, limonene, linalool, citral, geraniol, benzyl benzoate, benzyl salicylate, farnesol, eugenol, isoeugenol.",£38.40,"['Dry', 'Oily', 'Sensitive', 'Normal']","acne, hydration, sensitivity, blackheads"
Chantecaille Vital Essence 50ml,https://www.lookfantastic.com/chantecaille-vital-essence/11219111.html,Serum,"water, glycerin, pentylene glycol, squalane, sodium hyaluronate, buxus chinensis (jojoba) oil, vitis vinifera (grape) seed oil, bifidus ferment filtrate, xanthan gum, natto gum, laminaria saccharina extract, glycin soja (soybean) extract, pueraria lobata extract, aloe barbadenis extract, chlorella vulgaris extract, alanine, bentonite, rose water concentrated, carbomer, stearic acid, polyglyceryl-2 isostearate, cetyl alcohol, glycol distearate, isostearate-20, glycereth-25 pca isostearate, potassium hydroxide, tocopherol, dimethicone, butylene glycol, ethanol, phenoxyethanol, methylparaben, butylparaben.",£96.00,"['Dry', 'Oily']",hydration
Indeed Labs Pepta-Bright 30ml,https://www.lookfantastic.com/indeed-labs-pepta-bright-30ml/12540164.html,Serum,"water, caprylic/capric triglyceride, dimethyl isosorbide, isodecyl neopentanoate, isononyl isononanoate, propanediol, arachidyl alcohol, undecylenoyl phenylalanine, sodium lactate, behenyl alcohol, glyceryl stearate, lactic acid, cetearyl alcohol, octadecenedioic acid, polyacrylate-13, peg-100 stearate, triethanolamine, arachidyl glucoside , phenylethyl resorcinol, phenoxyethanol , polyisobutene,  caprylyl glycol,  dimethylmethoxy chromanyl palmitate, xanthan gum, chlorphenesin, disodium edta, polysorbate 20, sodium hyaluronate, dextran, nonapeptide-1.",£24.99,['Oily'],uneven texture
Omorovicza Instant Perfection Serum (30ml),https://www.lookfantastic.com/omorovicza-instant-perfection-serum-30ml/11328114.html,Serum,"aqua (hungarian thermal water), polysorbate 20, xylitylglucoside, anhydroxylitol, saccharomyces ferment extract, phenoxyethanol, pullulan, sodium hyaluronan, narcissus poeticus callus extract, carbomer, xylitol, parfum (fragrance), sodium hydroxide, ethylhexylglycerin, disodium edta, glucose, phospholipids.",£87.00,['Dry'],hydration
Elizabeth Arden Skin Illuminating Advanced Brightening Day Serum (30ml),https://www.lookfantastic.com/elizabeth-arden-skin-illuminating-advanced-brightening-day-serum-30ml/11247488.html,Serum,"water/aqua/eau, butylene glycol, pentylene glycol, dimethicone, polysilicone-11, caprylic/capric triglyceride, niacinamide, ethylhexyl palmitate, glyceryl oleate citrate, sodium ascorbyl phosphate, nylon-12, panthenol, peg-11 methyl ether dimethicone, acrylates/c10-30 alkyl acrylate crosspolymer, adenosine, bisabolol, boron nitride, caprylyl glycol, cnidium officinale root extract, cyclopentasiloxane, dextran, diamond powder, dimethiconol, disodium edta, ethylhexylglycerin, glycolic acid, hydrogenated lecithin, lactic acid, laureth-12, mica, parfum/fragrance, peg/ppg-18/18 dimethicone, polymethylsilsesquioxane, polyvinyl alcohol, sodium hydroxide, sodium polyacrylate, trideceth-6, tripeptide-1, tryptophan, butylphenyl methylpropional, citronellol, geraniol, hexyl cinnamal, limonene, linalool, chlorphenesin, phenoxyethanol, titanium dioxide (ci 77891).",£55.00,"['Dry', 'Oily', 'Sensitive', 'Normal']","acne, hydration, brightening, dark spots, sun protection, oil control, uneven texture, under-eye"
FOREO 'Serum Serum Serum' Micro-Capsule Youth Preserve,https://www.lookfantastic.com/foreo-serum-serum-serum-micro-capsule-youth-preserve/12287761.html,Serum,"aqua/water/eau, glycerin, propanediol, cyclopentasiloxane, diglycerin, xylitol, pentylene glycol, butylene glycol, peg/ppg-17/6 copolymer, glyceryl polymethacrylate, glycereth-26, peg/ppg-14/7 dimethyl ether,  squalane, hyaluronic acid,  sodium hyaluronate, sodium hyaluronate crosspolymer, hydrolyzed hyaluronic acid,  betaine, octyldodeceth-16, glyceryl glucoside, propylene glycol, caprylyl glycol, carbomer, triethanolamine, acacia senegal gum, gelatin, panthenol, xanthan gum, trehalose, urea, ethylhexylglycerin, adenosine, 1,2-hexanediol, sodium pca, serine, glucose, algin, disodium phosphate, glyceryl polyacrylate, pullulan, hydrolyzed glycosaminoglycans, potassium phosphate, red 4 (ci 14700), benzyl glycol, raspberry keton.",£49.00,['Dry'],"hydration, firmness"
Aveda Hand Relief Night Renewal Serum 30ml,https://www.lookfantastic.com/aveda-hand-relief-night-renewal-serum-30ml/11032875.html,Serum,"water\aqua\eau , heptyl undecylenate , propanediol , theobroma grandiflorum seed butter , glycerin , carapa guaianensis seed oil , dimethicone , caprylic/capric triglyceride , limnanthes alba (meadowfoam) seed oil , ricinus communis (castor) seed oil , hydrogenated lecithin , polyglyceryl-10 pentastearate , oryza sativa (rice) bran oil , glycyrrhiza glabra (licorice) root extract , molasses extract\saccharum officinarum\extrait de mélasse , chlorella vulgaris extract , sodium hyaluronate , elaeis guineensis (palm) oil , helianthus annuus (sunflower) seed oil unsaponifiables , salicylic acid , caffeine , glyceryl stearate , sorbitol , cetyl alcohol , tocopherol , tocopheryl linoleate/oleate , linoleic acid , peg-100 stearate , lauroyl lysine , acetyl hexapeptide-8 , stearic acid , arginine , sodium pca , aminopropyl ascorbyl phosphate , behenyl alcohol , sodium stearoyl lactylate , xanthan gum , caprylyl glycol , fragrance (parfum) , linalool , citral , limonene , sodium citrate , phenoxyethanol",£27.00,"['Dry', 'Oily']","acne, hydration, brightening, dark spots, blackheads, under-eye"
Sukin Hydration Biomarine Facial Serum 30ml,https://www.lookfantastic.com/sukin-hydration-biomarine-facial-serum-30ml/12552300.html,Serum,"water (aqua), glycerin, hydroxyethylcellulose, saccharide isomerate (maize complex), sodium hyaluronate, ascophyllum nodosum extract (kelp), tocopherol (vitamin e), coco-caprylate, cetearyl olivate, sorbitan olivate, fragrance (parfum), citric acid, sodium citrate, ethylhexylglycerin, phenoxyethanol, benzyl alcohol, limonene, citral, linalool.",£19.95,"['Dry', 'Normal']",hydration
Dermalogica Multivitamin Power Serum (22ml),https://www.lookfantastic.com/dermalogica-multivitamin-power-serum-22ml/10804759.html,Serum,"cyclopentasiloxane, helianthus annuus (sunflower) seed oil, tricaprylin, tribehenin, ascorbyl glucoside, glyceryl dibehenate, boron nitride, nylon-12, silica, magnesium ascorbyl phosphate, palmitoyl hexapeptide-14, hydrogenated phosphatidyl choline, citrus grandis (grapefruit) peel oil, citrus aurantium dulcis (orange) peel oil, hydrogenated soybean oil, cera alba, tocopherol, retinyl palmitate, linoleic acid, beta-sitosterol, stearoxymethicone/dimethicone copolymer, hydroxypinacolone retinoate, dimethyl isosorbide, dimethicone, polysilicone-11, glyceryl stearate, tocopheryl acetate, glycerine, caprylic/capric triglyceride, lechtin, butylene glycol, ethoxydiglycol, water, limonene.",£57.15,['Dry'],hydration
Sarah Chapman Skinesis Skin Tone Perfecting Booster (30ml),https://www.lookfantastic.com/sarah-chapman-skinesis-skin-tone-perfecting-booster-30ml/10448979.html,Serum,"aqua (water), glycerin, cyclopentasiloxane, peg-8 dimethicone, sodium ascorbyl phosphate, cyclohexasiloxane, ergothioneine, dimethicone, polysorbate 20, xanthan gum, phenoxyethanol, caprylyl glycol, palmaria palmata extract, ethylhexylglycerin, hexylene glycol, arctostaphylos uva ursi leaf extract, allantoin, arbutin, alcohol, rosa damascena flower oil, malva sylvestris (mallow) extract, mentha piperita (peppermint) leaf extract, primula veris extract, alchemilla vulgaris extract, veronica officinalis extract, melissa officinalis leaf extract, achillea millefolium extract, citronellol, geraniol.",£64.00,"['Dry', 'Sensitive']",hydration
DECLÉOR Hydra Floral White Petal Skin Perfecting Concentrate 30ml,https://www.lookfantastic.com/decleor-hydra-floral-white-petal-skin-perfecting-concentrate/11423420.html,Serum,"rosa damascena flower water, aqua/water, alcohol denat., propanediol, glycerin, 3-o-ethyl ascorbic acid, arginine, citric acid, ppg-26-buteth-26, sodium citrate, sodium hyaluronate, salicylic acid, peg-40 hydrogenated castor oil, xanthan gum, maltodextrin, limonene, citrus aurantium dulcis (orange) peel oil, moringa oleifera seed extract, sucrose dilaurate, citrus aurantium amara flower oil / bitter orange flower oil, sodium cocoyl glutamate, linalool, pisum sativum extract / pea extract, citronellol, geraniol, parfum / fragrance.",£36.40,"['Dry', 'Oily']","acne, hydration, blackheads"
Darphin Dark Circle Relief and De-Puffing Eye Serum 15ml,https://www.lookfantastic.com/darphin-dark-circle-relief-and-de-puffing-eye-serum-15ml/10362571.html,Serum,"water\aqua\eau, dimethicone, isododecane,  cyclopentasiloxane, polysilicone-11, butylene glycol,  ascorbyl glucoside, peg-10 dimethicone, trametes versicolor extract, sodium rna, curcuma longa (turmeric) root extract,  saccharomyces lysate extract, gentiana lutea (gentian) root extract, betula alba (birch) bark extract, oryza sativa (rice) bran extract, citrus grandis (grapefruit) peel extract,  salicylic acid, dimethoxytolyl propylresorcinol, triticum vulgare (wheat) germ extract, scutellaria baicalensis root extract, hordeum vulgare (barley) extract\extrait d'orge,  cucumis sativus (cucumber) fruit extract, hydrolyzed rice bran extract, ammonium acryloyldimethyltaurate/vp copolymer,  morus bombycis (mulberry) root extract, cholesterol, caffeine [] yeast extract\faex\extrait de levure, glycyrrhetinic acid,  polysorbate 20, isohexadecane, propylene glycol dicaprate,  helianthus annuus (sunflower) seedcake, polysorbate 80, peg-6,  sodium hyaluronate, tromethamine, di-c12-18 alkyl dimonium chloride, acetyl glucosamine, squalane, tocopheryl acetate,  sodium sulfite, sodium metabisulfite, acrylamide/sodium acryloyldimethyltaurate copolymer, fragrance (parfum),  caprylyl glycol, hexylene glycol, sodium hydroxide,  disodium edta, phenoxyethanol, potassium sorbate, alphaisomethyl ionone, linalool, citral, limonene, yellow 6 (ci15985), yellow 5 (ci 19140).",£42.00,"['Dry', 'Oily']","acne, hydration, blackheads, under-eye"
Zelens Youth Concentrate Supreme Age-Defying Serum (30ml),https://www.lookfantastic.com/zelens-youth-concentrate-supreme-age-defying-serum-30ml/11097958.html,Serum,"water (aqua), caprylic/capric triglyceride, hydrogenated polydecene, methylsilanol mannuronate, phytosteryl canola glycerides, ethylhesyldodecanol, glycerin, methylepropanediol, phenoxyethanol, cetearyl alcohol, glyceryl stearate, peg-100 stearate, cetearyl glucoside, glycine soja (soybean) oil, fragrance (parfum), sodium hyaluronate, ammonium acryloyldimethyltaurate/vp copolymer, tocopherol, ethylhexylglycerin, disodium edta, triethanolamine, teprenone, xantham gum, carbomer, retinol, geranylgeranylisopropanol, hyaluronic acid, silanetriol, citric acid, hydrolyzed soy protein, sorbic acid, palmitoyl dipeptide-5 diaminobutyroyl hydroxythreonine, palmitoyl tripeptide-5, tetradecyl aminobutyroylvalylaminobutyric urea trifluoracetate, magnesium chloride, l-glutamylamideothyl imidazole, linalool, gryceryl caprylate, hydrolyzed yeast protein, sodium benzoate.",£160.00,"['Dry', 'Oily']","hydration, anti-aging, firmness, under-eye"
Darphin Hydraskin Serum 30ml,https://www.lookfantastic.com/darphin-hydraskin-serum-30ml/10363058.html,Serum,"water\aqua\eau, propanediol, glycerin, butylene, glycol methyl gluceth-20, peg-40, hydrogenated castor oil, imperata cylindrica root extract, punica granatum (pomegranate) extract, malachite extract, sodium hyaluronate, tocopherol ethylhexylglycerin, hyaluronic acid, trehalose, caprylyl glycol, sodium pca, sodium polyacrylate, 1,2-hexanediol, polyquaternium-51, urea, carbomer, sodium carbomer, fragrance (parfum), butylphenyl, methylpropional, hydroxyisohexyl 3-cyclohexene, carboxaldehyde, hexyl cinnamal, alpha-isomethyl ionone, limonene, linalool, hydroxycitronellal, tetrasodium edta, phenoxyethanol, chlorphenesin, potassium sorbate, blue 1 (ci 42090).",£48.00,['Dry'],"hydration, firmness"
L'Oréal Paris Revitalift Filler + Hyaluronic Acid Replumping Serum 16ml,https://www.lookfantastic.com/l-oreal-paris-revitalift-filler-hyaluronic-acid-replumping-serum-16ml/11205949.html,Serum,"aqua / water, glycerin, alcohol denat, dimethicon,  butylene glycol, dipropylene glycol, silica [nano] / silica, sodium hyaluronate, alpinia galanga leaf extract, carbomer, methylsilanol/silicate crosspolymer, sodium hydroxide, ammonium polyacryldimethyltauramide / ammonium polyacryloyldimethyl taurate, dipotassium glycyrrhizate, disodium edta, capryloyl salicylic acid, ci 77891 / titanium dioxide, mica, linalool, citronellol, benzyl alcohol, benzyl benzoate, benzyl salicylate.",£19.99,"['Dry', 'Oily']","acne, hydration, sun protection, blackheads"
Elizabeth Arden Prevage Advanced Daily Serum,https://www.lookfantastic.com/elizabeth-arden-prevage-advanced-daily-serum/10664989.html,Serum,"water/aqua/eau, cyclopentasiloxane, butylene glycol, pentylene glycol, dimethicone, methyl trimethicone, isododecane, dipropylene glycol, glycerin, peg-75, polysilicone-11, panthenyl triacetate, caprylyl methicone, propylene glycol, hydroxydecyl ubiquinoyl dipalmitoyl glycerate, glycereth-26, peg-10 dimethicone, ergothioneine, chondrus crispus extract, sodium hyaluronate, retinyl linoleate, tocopheryl acetate, glycine soja (soybean) oil, caprylyl glycol, coco-caprylate/caprate, isohexadecane, ppg-2 isoceteth-20 acetate, urea, acetyl farnesylcysteine, hydrogenated lecithin, lecithin, lysophosphatidic acid, naringenin, methylsilanol hydroxyproline aspartate, palmitoyl hexapeptide-19, quercus suber bark extract, caprooyl tetrapeptide-3, oligopeptide-68, acrylamide/sodium acryloyldimethyl taurate copolymer, ammonium acryloyldimethyltaurate/vp copolymer, decyl glucoside, lysolecithin, polysorbate 20, polysorbate 80, sodium oleate, polyimide-1, dextran, hexylene glycol, disodium edta, salicylic acid, mica, tin oxide, aminopropyl dimethicone, parfum/fragrance, alpha-isomethyl ionone, linalool, benzophenone-4, ethylparaben, methylparaben, phenoxyethanol, potassium sorbate, propylparaben, sodium dehydroacetate, sodium methylparaben, red 4 (ci 14700), titanium dioxide (ci 77891), yellow 5 (ci 19140).",£180.00,"['Dry', 'Oily']","acne, hydration, sun protection, blackheads"
L'Oréal Paris Age Perfect Nutrition Intense Supreme Repairing Serum,https://www.lookfantastic.com/l-oreal-paris-age-perfect-nutrition-intense-supreme-repairing-serum/11850172.html,Serum,"aqua / water, glycerin, alcohol denat., cyclohexasiloxane, hydrolyzed soy protein, isohexadecane, jasminum officinale extract / jasmine flower extract, mel / honey, calcium pantetheine sulfonate, cetearyl ethylhexanoate, caffeine, cholesterol, ammonium polyacryldimethyltauramide / ammonium polyacryloyldimethyl taurate, disodium edta, isopropyl myristate, hydrogenated polyisobutene, hydroxypalmitoyl sphinganine, caprylyl glycol, biosaccharide gum-1, pentylene glycol, phenoxyethanol, linalool, geraniol, eugenol, coumarin, limonene, citral, citronellol, benzyl alcohol, parfum / fragrance.",£14.99,['Dry'],"hydration, under-eye"
Green People Age Defy+ Line Eraser Lip & Eye Serum (10ml),https://www.lookfantastic.com/green-people-age-defy-line-eraser-lip-eye-serum-10ml/11199039.html,Serum,"aqua (spring water), simmondsia chinensis (jojoba) seed oil, glycerin (vegetable derived), hamamelis virginiana (witch hazel) water, propanediol (from corn starch), hibiscus sabdariffa (hibiscus) flower extract, baicalin (baical scullcap extract), punica granatum (pomegranate) seed oil, aloe barbadensis (aloe vera) leaf juice powder, vaccinium macrocarpon (cranberry) seed oil, rosmarinus officinalis (rosemary) leaf extract, eryngium maritimum (sea holly) callus culture filtrate, argania spinosa (argan) kernel extract, sodium cocoyl glutamate, sclerotium gum (natural gum), xanthan gum (corn starch gum), tocopherol (vitamin e), hydrolysed jojoba esters (from jojoba oil), lavandula angustifolia (lavender) herb oil, cinnamomum camphora (ho wood) bark oil, pelargonium graveolens (rose geranium) oil, cymbopogon martini (palmarosa) oil, cananga odorata (ylang ylang) flower oil, citrus limon (lemon) peel oil, chamomilla recutita (chamomile) oil, benzyl alcohol, salicylic acid, sorbic acid, citral, limonene, geraniol, linalool, farnesol, citronellol, benzyl salicylate, benzyl benzoate.",£27.60,"['Dry', 'Oily', 'Sensitive', 'Normal']","acne, hydration, sensitivity, blackheads"
The Organic Pharmacy Stabilised Vitamin C Serum 30ml,https://www.lookfantastic.com/the-organic-pharmacy-stabilised-vitamin-c-serum-30ml/12100163.html,Serum,"hamamelis virginiana water, glycerin, sodium lactate, water, citrus grandis peel oil, algin, ascorbyl glucoside, dehydroacetic acid, benzyl alcohol, chondrus crispus (carrageenan), xanthan gum, sorbic acid, limonene, citral, linalool, grapefruit oil, witch hazel.",£45.00,"['Dry', 'Oily']",hydration
Erno Laszlo AHA Resurfacing Sleep Serum,https://www.lookfantastic.com/erno-laszlo-aha-resurfacing-sleep-serum/12371670.html,Serum,"water (aqua), glycolic acid, lactic acid, sodium hydroxide, glycerin, ananas sativus (pineapple) fruit extract, chlorphenesin, citric acid, hexanoyl dipeptide-3 norleucine acetate, lecithin, lycium chinese fruit extract, malic acid, phenoxyethanol, phytic acid, pleiogynium timorienese fruit extract, podocarpus elatus fruit extract, pullulan, salicylic acid, salix alba (willow) bark extract, sclerotium gum, sea salt, sodium hyaluronate, sodium carrageenan, terminalia ferdinandiana fruit extract, xanthan gum, ethylhexylglycerin.",£95.00,"['Dry', 'Oily']","acne, hydration, blackheads, uneven texture"
DHC Deep Cleansing Oil 30ml,https://www.lookfantastic.com/dhc-deep-cleansing-oil/11207442.html,Oil,"olea europaea (olive) fruit oil, caprylic/capric triglyceride, sorbeth-30 tetraoleate, pentylene glycol, phenoxyethanol, tocopherol, stearyl glycyrrhetinate, rosmarinus officinalis (rosemary) leaf oil.",£5.00,['All'],general
DHC Deep Cleansing Oil 70ml,https://www.lookfantastic.com/dhc-deep-cleansing-oil/11207442.html,Oil,"olea europaea (olive) fruit oil, caprylic/capric triglyceride, sorbeth-30 tetraoleate, pentylene glycol, phenoxyethanol, tocopherol, stearyl glycyrrhetinate, rosmarinus officinalis (rosemary) leaf oil.",£12.50,['All'],general
DHC Deep Cleansing Oil 200ml,https://www.lookfantastic.com/dhc-deep-cleansing-oil/11207442.html,Oil,"olea europaea (olive) fruit oil, caprylic/capric triglyceride, sorbeth-30 tetraoleate, pentylene glycol, phenoxyethanol, tocopherol, stearyl glycyrrhetinate, rosmarinus officinalis (rosemary) leaf oil.",£24.00,['All'],general
Pai Skincare Rosehip BioRegenerate Oil 30ml,https://www.lookfantastic.com/pai-skincare-rosehip-bioregenerate-oil-30ml/10528440.html,Oil,"rosa canina seed extract, rosa canina fruit extract, tocopherol, rosmarinus officinalis leaf extract.",£24.00,['All'],general
Clinique Take The Day Off Cleansing Oil 200ml,https://www.lookfantastic.com/clinique-take-the-day-off-cleansing-oil-200ml/11144732.html,Oil,"cetyl ethylhexanoate, triethylhexanoin, peg-20 glyceryl triisostearate, polybutene, peg-8 diisostearate, peg-12 diisostearate, ppg-15 stearyl ether, water\aqua\eau, tocopheryl acetate, glycerin, caprylyl glycol, glyceryl laurate, bht.",£23.00,['Dry'],hydration
"The Ordinary ""B"" Oil 30ml",https://www.lookfantastic.com/the-ordinary-b-oil-30ml/11919043.html,Oil,"caprylic/capric triglyceride, squalane, crambe abyssinica seed oil, bisabolol, simmondsia chinensis seed oil, ethylhexyl stearate, isochrysis galbana extract, adansonia digitata seed oil, argania spinosa kernel oil, borago officinalis seed oil, rosa canina seed oil, sclerocarya birrea seed oil, oenocarpus bataua fruit oil, plukenetia volubilis seed oil, bertholletia excelsa seed oil, solanum lycopersicum (tomato) fruit extract, hydroxymethoxyphenyl decanone, rosmarinus officinalis (rosemary) leaf extract, tocopherol.",£9.00,"['Dry', 'Sensitive']",hydration
The Ordinary 100% Cold Pressed Virgin Marula Oil 30ml,https://www.lookfantastic.com/the-ordinary-100-cold-pressed-virgin-marula-oil-30ml/11416763.html,Oil,sclerocarya birrea seed oil.,£8.40,['All'],general
Caudalie Make-Up Removing Cleansing Oil 150ml,https://www.lookfantastic.com/caudalie-make-up-removing-cleansing-oil-150ml/11163390.html,Oil,"helianthus annuus (sunflower) seed oil, polyglyceryl-4 oleate, caprylic/capric triglyceride, ricinus communis (castor) seed oil, prunus amygdalus dulcis (sweet almond) oil, vitis vinifera (grape) seed oil, tocopherol, parfum (fragrance).",£18.00,['All'],general
NUXE Huile Prodigieuse Multi Usage Dry Oil 50ml,https://www.lookfantastic.com/nuxe-huile-prodigieuse-multi-usage-dry-oil-50ml/11401781.html,Oil,"coco-caprylate/caprate, macadamia integrifolia seed oil, dicaprylyl ether, caprylic/capric triglyceride, prunus amygdalus dulcis (sweet almond) oil, corylus avellana (hazel) seed oil, camellia oleifera seed oil, parfum/fragrance, camellia japonica seed oil, tocopherol, argania spinosa kernel oil, borago officinalis seed oil, tocopheryl acetate, helianthus annuus (sunflower) seed oil, rosmarinus officinalis (rosemary) leaf extract, polyglyceryl-3 diisostearate, ascorbic acid, solanum lycopersicum (tomato) fruit extract, benzyl salicylate, linalool, limonene, citronellol, geraniol, benzyl alcohol.",£18.50,['All'],general
NUXE Huile Prodigieuse Multi Usage Dry Oil 100ml,https://www.lookfantastic.com/nuxe-huile-prodigieuse-multi-usage-dry-oil-100ml/11401780.html,Oil,"coco-caprylate/caprate, macadamia integrifolia seed oil, dicaprylyl ether, caprylic/capric triglyceride, prunus amygdalus dulcis (sweet almond) oil, corylus avellana (hazel) seed oil, camellia oleifera seed oil, parfum/fragrance, camellia japonica seed oil, tocopherol, argania spinosa kernel oil, borago officinalis seed oil, tocopheryl acetate, helianthus annuus (sunflower) seed oil, rosmarinus officinalis (rosemary) leaf extract, polyglyceryl-3 diisostearate, ascorbic acid, solanum lycopersicum (tomato) fruit extract, benzyl salicylate, linalool, limonene, citronellol, geraniol, benzyl alcohol.",£29.50,['All'],general
Face by Skinny Tan Moisturising Oil Drops 30ml,https://www.lookfantastic.com/face-by-skinny-tan-moisturising-oil-drops-30ml/11781508.html,Oil,"aqua (water), dihydroxyacetone, peg-40 hydrogenated castor oil, glycerin, caramel, xanthan gum, sodium metabisulfite, ethylhexylglycerin, parfum (fragrance), aloe barbadensis (aloe vera) leaf juice, paullinia cupana (guarana) seed extract, citric acid, phenoxyethanol, sodium benzoate, potassium sorbate.",£14.99,"['Dry', 'Sensitive']","hydration, sensitivity"
The Ordinary 100% Organic Virgin Chia Seed Oil,https://www.lookfantastic.com/the-ordinary-100-organic-virgin-chia-seed-oil/11841279.html,Oil,salvia hispanica seed oil.,£6.00,['All'],general
Mama Mio The Tummy Rub Oil 120ml,https://www.lookfantastic.com/mama-mio-the-tummy-rub-oil-120ml/12078034.html,Oil,"prunus amygdalus dulcis (sweet almond) oil, fragrance (parfum), argania spinosa kernel oil, cocos nucifera (coconut) oil, persea gratissima (avocado) oil, limonene, olea europaea (olive) fruit oil, rosa canina (rosehip) fruit oil, plukenetia volubilis (sacha inchi) seed oil, tocopherol, tocopheryl acetate, helianthus annuus (sunflower) seed oil, linalool, citral, evernia furfuracea (treemoss) extract, citronellol, benzyl benzoate.",£27.00,['All'],general
NUXE Huile Prodigieuse Golden Shimmer Multi Usage Dry Oil 50ml,https://www.lookfantastic.com/nuxe-huile-prodigieuse-golden-shimmer-multi-usage-dry-oil-50ml/11401783.html,Oil,"coco-caprylate/caprate, macadamia integrifolia seed oil, dicaprylyl ether, caprylic/capric triglyceride, prunus amygdalus dulcis (sweet almond) oil, corylus avellana (hazel) seed oil, mica, camellia oleifera seed oil, parfum/fragrance, silica, camellia japonica seed oil, tocopherol, ci 77891/titanium dioxide, argania spinosa kernel oil, borago officinalis seed oil, ci 77491/iron oxides, tocopheryl acetate, helianthus annuus (sunflower) seed oil, rosmarinus officinalis (rosemary) leaf extract, polyglyceryl-3 diisostearate, ascorbic acid, solanum lycopersicum (tomato) fruit extract, benzyl salicylate, linalool, limonene, citronellol, geraniol, benzyl alcohol.",£22.50,['All'],sun protection
"JASON Vitamin E 5,000iu Oil - All Over Body Nourishment 118ml",https://www.lookfantastic.com/jason-vitamin-e-5-000iu-oil-all-over-body-nourishment-118ml/10546524.html,Oil,"helianthus annuus (sunflower) seed oil, carthamus tinctorius (safflower) seed oil, tocopheryl acetate, tocopherol, oryza sativa (rice) bran oil, prunus amygdalus dulcis (sweet almond) seed oil, prunus armeniaca (apricot) kernel oil, persea gratissima (avocado) oil, triticum vulgare (wheat) germ oil, lecithin.",£7.49,['All'],general
Elizabeth Arden Eight Hour All-Over Miracle Oil (100ml),https://www.lookfantastic.com/elizabeth-arden-eight-hour-all-over-miracle-oil-100ml/11189707.html,Oil,"oryza sativa (rice) bran oil, vitis vinifera (grape) seed oil, camellia japonica seed oil, isopropyl myristate, isopropyl palmitate, ethylhexyl palmitate, isononyl isononanoate, prunus armeniaca (apricot) kernel oil, olea europaea (olive) fruit oil, persea gratissima (avocado) oil, boswellia serrata resin extract, diethylhexyl syringylidenemalonate, helianthus annuus (sunflower) seed oil, parfum/fragrance, ricinus communis (castor) seed oil, rosmarinus officinalis (rosemary) leaf extract, tocopheryl acetate, zingiber officinale (ginger) root extract, butylphenyl methylpropional, linalool, benzophenone-3, butyl methoxydibenzoylmethane, ethylhexyl salicylate, beta-carotene (ci 75130).",£29.00,['All'],general
Elemis Superfood Facial Oil 15ml,https://www.lookfantastic.com/elemis-superfood-facial-oil-15ml/11259228.html,Oil,"prunus amygdalus dulcis (sweet almond) oil, caprylic/capric triglyceride, limnanthes alba (meadowfoam) seed oil, linum usitatissimum (flax) seed oil, macadamia ternifolia seed oil, oryza sativa (rice) bran oil, papaver somniferum (poppy) seed oil, rosa canina (rosehip) fruit oil, squalane, raphanus sativus (radish) seed extract, cucumis sativus (cucumber) oil, brassica oleracea italica (broccoli) seed oil, fragrance (parfum), limonene, citrus aurantium dulcis (sweet orange) peel oil, amyris balsamifera bark oil, cymbopogon martini (palmarosa) oil, geraniol, linalool, rosmarinus officinalis (rosemary) leaf oil, daucus carota sativa (carrot) seed oil, tocopherol, helianthus annuus (sunflower) seed oil, benzyl benzoate, farnesol, citral, benzyl salicylate, rosmarinus officinalis (rosemary) leaf extract.",£45.00,['Dry'],hydration
bareMinerals OIL OBSESSED Oil Cleanser,https://www.lookfantastic.com/bareminerals-oil-obsessed-oil-cleanser/11262515.html,Oil,"carthamus tinctorius (safflower) seed oil, coconut alkanes, pentaerythrityl tetraethylhexanoate, sorbeth-30 tetraisostearate, squalane, coco-caprylate/caprate, water (aqua/eau), tocopherol, borago officinalis seed oil, cucumis sativus (cucumber) seed oil, vaccinium myrtillus seed oil, helianthus annuus (sunflower) seed oil, sea salt (maris sal/sel marin), fragrance (parfum), limonene, linalool, phenoxyethanol.",£24.00,['Dry'],hydration
Bondi Sands Liquid Gold Self Tanning Oil 150ml,https://www.lookfantastic.com/bondi-sands-liquid-gold-self-tanning-oil-150ml/11568701.html,Oil,"water (aqua), glycerin, dihydroxyacetone, peg-40 hydrogenated castor oil, dimethyl isosorbide, erythrulose, pentylene glycol, sodium metabisulfite, peg-7 glyceryl cocoate , fragrance (parfum), 1,2-hexanediol, caprylyl glycol, phenoxyethanol, ammonium acryloyldimethyltaurate/vp, copolymer, hydrolyzed jojoba esters, cocos nucifera (coconut) oil, argania spinosa kernel oil, tocopheryl acetate, xanthan gum, coumarin, ci 14700, ci 19140, ci 42090.",£11.99,['Dry'],hydration
Indeed Labs Squalane Facial Oil 30ml,https://www.lookfantastic.com/indeed-labs-squalane-facial-oil-30ml/12188464.html,Oil,100% pure squalane oil.,£19.99,['Dry'],hydration
TanOrganic Self-Tanning Oil - Brown (100ml),https://www.lookfantastic.com/tanorganic-self-tanning-oil-brown-100ml/10997977.html,Oil,"propanediol, aqua, aloe barbadensis leaf juice, dihydroxyacetone, alcohol denat, borago officinalis (borage) seed oil, argania spinosa kernel oil, citrus sinesis (sweet orange) peel oil, gluconolactone & sodium benzoate, cellulose gum, decyl glucoside, caramel, d-limonene.",£18.74,['All'],general
Caudalie VineActiv Overnight Detox Oil 30ml,https://www.lookfantastic.com/caudalie-vineactiv-overnight-detox-oil-30ml/11416701.html,Oil,"caprylic/capric triglyceride, vitis vinifera (grape) seed oil, prunus amygdalus dulcis (sweet almond) oil, rosa canina fruit oil, citrus aurantium amara (bitter orange) leaf/twig oil, daucus carota sativa (carrot) seed oil, santalum album (sandalwood) oil, helianthus annuus (sunflower) seed oil, citrus aurantium amara (bitter orange) flower oil, lavandula angustifolia (lavender) oil, rosmarinus officinalis (rosemary) leaf extract, citral, limonene, geraniol, linalool, farnesol.",£30.00,['All'],general
Mama Mio The Tummy Rub Oil 200ml,https://www.lookfantastic.com/mama-mio-the-tummy-rub-oil-200ml-super-size/12078036.html,Oil,"prunus amygdalus dulcis (sweet almond) oil, fragrance (parfum), argania spinosa kernel oil, cocos nucifera (coconut) oil, persea gratissima (avocado) oil, limonene, olea europaea (olive) fruit oil, rosa canina (rosehip) fruit oil, plukenetia volubilis (sacha inchi) seed oil, tocopherol, tocopheryl acetate, helianthus annuus (sunflower) seed oil, linalool, citral, evernia furfuracea (treemoss) extract, citronellol, benzyl benzoate.",£35.00,['All'],general
NUXE Sun Tanning Oil Face and Body SPF 30 (150ml),https://www.lookfantastic.com/nuxe-sun-tanning-oil-face-and-body-spf-30-150ml/11111913.html,Oil,"coco-caprylate/caprate, c12-15 alkyl benzoate, dibutyl adipate, diethylamino hydroxybenzoyl hexyl benzoate, diethylhexyl succinate, ethylhexyl triazone, helianthus annuus (sunflower) seed oil, macadamia integrifolia seed oil, methylheptyl isostearate, bis-ethylhexyloxyphenol methoxyphenyl triazine, phenyl trimethicone, parfum/fragrance, butyrospermum parkii (shea) butter, tocopherol, tocopheryl acetate, eichhornia crassipes extract, ethyl ferulate, polyglyceryl-5 trioleate, aqua/water, fagraea berteroana flower extract, rosmarinus officinalis (rosemary) leaf extract, solanum lycopersicum (tomato) fruit extract, disodium uridine phosphate, citric acid, benzyl salicylate, limonene, linalool, geraniol, citronellol.",£19.50,['All'],general
Sarah Chapman Skinesis Supersize Overnight Facial Oil 30ml,https://www.lookfantastic.com/sarah-chapman-skinesis-supersize-overnight-facial-oil-30ml/12322524.html,Oil,"simmondsia chinensis (jojoba) seed oil, cetearyl ethylhexanoate, cyclopentasiloxane, cyclohexasiloxane, di-ppg-2 myreth-10 adipate, caprylic/capric triglyceride, tetrahexyldecyl ascorbate, ethylene/propylene/styrene copolymer, peg-4, phenyl trimethicone, limnanthes alba (meadowfoam) seed oil, crambe abyssinica seed oil, c12-15 alkyl benzoate, cannabis sativa seed oil, butylene/ethylene/styrene copolymer, tocopheryl linoleate/oleate, tocopheryl acetate, hydroxycinnamic acid, ubiquinone, tribehenin, teprenone, retinyl palmitate, ceramide 2, peg-10 phytosterol, thioctic acid, palmitoyl hexapeptide-12, adansonia digitata seed oil, cedrus atlantica bark oil, parfum, jasminum officinale flower extract, santalum spicata wood oil, citrus paradisi peel oil, pelargonium graveolens flower oil, cananga odorata flower oil, rosa damascena flower oil, dalbergia sissoo wood oil, anthemis nobilis flower oil, lavandula angustifolia oil, citrus aurantium bergamia fruit oil, linalool, limonene, benzyl benzoate, citronellol, geraniol, farnesol, benzyl cinnamate, benzyl salicylate, eugenol, benzyl alcohol, citral, hydroxycitronellal.",£84.00,"['Dry', 'Normal']",hydration
"JASON Vitamin E 32,000iu Oil - Scar & Stretch Mark Treatment 30ml",https://www.lookfantastic.com/jason-vitamin-e-32-000iu-oil-scar-stretch-mark-treatment-30ml/10546525.html,Oil,tocopheryl acetate,£9.49,['All'],general
Bondi Sands Everyday Liquid Gold Gradual Tanning Oil 270ml,https://www.lookfantastic.com/bondi-sands-everyday-liquid-gold-gradual-tanning-oil-270ml/11568692.html,Oil,"aqua (water), glycerin, dihydroxyacetone, peg-8, peg-40 hydrogenated castor oil, dimethyl isosorbide, pentylene glycol, sodium metabisulfite, peg-7 glyceryl cocoate, fragrance (parfum), phenoxyethanol, 1,2-hexanediol, caprylyl glycol, erythrulose, sodium acryloyldimethyltaurate/vp crosspolymer, hydrolysed jojoba esters, coumarin, xanthan gum, argania spinosa kernel oil, tocopheryl acetate, cocos nucifera (coconut) oil.",£11.19,['Dry'],hydration
Trilogy Certified Organic Rosehip Oil 20ml,https://www.lookfantastic.com/trilogy-certified-organic-rosehip-oil-20ml/10557481.html,Oil,rosehip oil.,£19.50,['All'],general
Elizabeth Arden Ceramide Cleansing Face Oil (195ml),https://www.lookfantastic.com/elizabeth-arden-ceramide-cleansing-face-oil-195ml/11158027.html,Oil,"prunus armeniaca (apricot) kernel oil, carthamus tinctorius (safflower) seed oil, olea europaea (olive) fruit oil, caprylic/capric triglyceride, peg-20 glyceryl triisostearate, parfum/fragrance, butylphenyl methylpropional, limonene, linalool.",£25.00,['All'],general
Trilogy Certified Organic Rosehip Oil 45ml,https://www.lookfantastic.com/trilogy-certified-organic-rosehip-oil-45ml/10557482.html,Oil,rosehip oil.,£34.50,['All'],general
BBB London Luscious Lash Oil 7.5ml,https://www.lookfantastic.com/bbb-london-luscious-lash-oil-7.5ml/11741077.html,Oil,"prunus armeniaca (apricot) kernel oil, olea europaea (olive) fruit oil, ricinus communis (castor) seed oil, peg-40 hydrogenated castor oil, fumed silica, glycerin, panthenol, simmondsia chinensis (jojoba) seed oil, cananga odorata (ylang ylang) flower oil, rosmarinus officinalis (rosemary) oil, jasmine officinale (jasmine) oil, bambusa arundinacea (bamboo) stem extract, limonene, linalool, benzyl benzoate, farnesol, benzyl salicylate.",£24.00,['Dry'],hydration
PIXI Rose Oil Blend 30ml,https://www.lookfantastic.com/pixi-rose-oil-blend-30ml/11200047.html,Oil,"prunus amygdalus dulcis (sweet almond) oil, rosa canina fruit oil, simmondsia chinensis (jojoba) seed oil, tocopherol, pelargonium graveolens flower oil, rosa damascena flower oil, punica granatum seed oil, citrus aurantium dulcis (orange) peel oil.",£26.00,['All'],general
Sanctuary Spa Calming CBD Oil 45ml,https://www.lookfantastic.com/sanctuary-spa-calming-cbd-oil-45ml/12509031.html,Oil,"paraffinum liquidum (mineral oil), helianthus annuus (sunflower) seed oil, glycine soja (soybean) oil, polysorbate 85, parfum (fragrance), cocos nucifera (coconut) oil, silica, camellia oleifera seed oil, linalool, hexyl cinnamal, tocopheryl acetate, lavandula angustifolia (lavender) oil, limonene, citronellol, tocopherol, coumarin, cannabidiol, boswellia carterii oil, rosmarinus officinalis (rosemary) extract, cinnamyl alcohol, benzyl salicylate, eugenol, hydroxycitronellal, alpha-isomethyl ionone, geraniol, benzyl alcohol.",£12.50,['All'],general
Sukin Rose Hip Oil (25ml),https://www.lookfantastic.com/sukin-rose-hip-oil-25ml/10961549.html,Oil,rosa eglantaria (rosehip) oil.,£13.95,['All'],general
Sanctuary Spa 10-in-1 Super Secret Facial Oil 30ml,https://www.lookfantastic.com/sanctuary-spa-10-in-1-super-secret-facial-oil-30ml/11794095.html,Oil,"glycine soja (soybean) oil, prunus persica (peach) kernel oil, simmondsia chinensis (jojoba) seed oil, triticum vulgare (wheat) germ oil, macadamia ternifolia seed oil, rosa canina fruit oil, plukenetia volubilis seed oil, tocopheryl acetate, caprylic/capric triglyceride, caryodendron orinocense seed oil, geraniol, citronellol, rosa centifolia flower extract, linalool, citral, rosa damascena flower oil, rosa hybrid flower extract.",£20.00,['All'],general
REN Clean Skincare Bio Retinoid Anti-Wrinkle Concentrate Oil,https://www.lookfantastic.com/ren-clean-skincare-bio-retinoid-anti-wrinkle-concentrate-oil/10590843.html,Oil,"rosa rubiginosa seed oil, glycine soja (soybean) oil, gossypium harbaceum (cotton) seed oil, bidens pilosa extract, bakuchiol, hippophae rhamnoides fruit extract, parfum (fragrance), linum usitatissimum (linseed) seed oil, tocopherol, linalool.",£47.00,['All'],anti-aging
BBB London Nourishing Brow Oil 11ml,https://www.lookfantastic.com/bbb-london-nourishing-brow-oil-11ml/11741078.html,Oil,"prunus amygdalus dulcis (sweet almond) oil, rosmarinus officinalis (rosemary) oil, lavandula angustifolia (lavender) oil, santalum album (sandalwood) oil, limonene, linalool.",£22.00,['All'],general
Sanctuary Spa Melt Away Cleansing Oil 150ml,https://www.lookfantastic.com/sanctuary-spa-melt-away-cleansing-oil-150ml/11975618.html,Oil,"paraffinum liquidum (mineral oil), polysorbate 85, isopropyl myristate, persea gratissima (avocado) oil, glycine soja (soybean) oil, argania spinosa kernel oil, simmondsia chinensis (jojoba) seed oil, tocopheryl acetate, linalool, lavandula angustifolia (lavender) oil, anthemis nobilis flower oil, citrus aurantium amara (bitter orange) flower oil, limonene, geraniol, farnesol, citric acid.",£12.00,['All'],general
DECLÉOR Aroma Nutrition Softening Dry Oil (100ml),https://www.lookfantastic.com/decleor-aroma-nutrition-softening-dry-oil-100ml/11092097.html,Oil,"frankincense essential oil, rose essential oil, sweet almond plant oil, japanese camellia plant oil, orange essential oil, coconut oil, palm plant oil, musk rose plant oil, avocado oil.",£28.00,['All'],general
Elemis Pro-Collagen Marine Oil 15ml,https://www.lookfantastic.com/elemis-pro-collagen-marine-oil-15ml/11509022.html,Oil,"coco-caprylate, isoamyl cocoate, simmondsia chinensis (jojoba) seed oil, papaver orientale (poppy) seed oil, oleic/linoleic/linolenic polyglycerides, crambe abyssinica (abyssinian) seed oil, caprylic/capric triglyceride, helianthus annuus (sunflower) seed oil, lavandula angustifolia (lavender) oil, linalool, lavandula hybrida oil, pelargonium graveolens (geranium) flower oil, geraniol, eucalyptus globulus leaf oil, laminaria digitata (kelp) extract, laminaria ochroleuca (golden seaweed) extract, tocopherol, anthemis nobilis (chamomile) flower oil, citronellol, cinnamomum camphora (camphor) wood oil, limonene, mentha arvensis (peppermint) leaf oil, citrus aurantium dulcis (orange) oil, fragrance (parfum), vitis vinifera (grape) seed oil, padina pavonica thallus extract, menthol, eugenia caryophyllus (clove) leaf oil, citral.",£67.00,['Sensitive'],sensitivity
DECLÉOR Aromessence Ylang Cananga Anti-Blemish Oil Serum,https://www.lookfantastic.com/decleor-aromessence-ylang-cananga-anti-blemish-oil-serum/11432387.html,Oil,"coryllus avellana seed oil/hazelnut seed oil, zea mays oil/corn oil, macadamia integrifolia seed oil, passiflora edulis seed oil, linalool, lavandula angustifolia oil/lavender oil, salvia sclarea oil/clary oil, cananga odorata flower oil, jasmimum officinale oil/jasmine oil, tocopherol, rosmarinus officinalis leaf oil/rosemary leaf oil, benzyl alcohol, citrus aurantium amara flower oil/bitter orange flower oil, benzyl benzoate, limonene, piper nigrum fruit oil/pepper fruit oil, geraniol, helianthus annuus seed oil/sunflower seed oil, benzyl salicylate, farnesol, origanum heracleoticum flower oil, eugenol, citral, isoeugenol, coumarin.",£33.60,['All'],general
The Chemistry Brand Glow Oil 100ml,https://www.lookfantastic.com/the-chemistry-brand-glow-oil-100ml/11241348.html,Oil,"aqua (water), glycerin, erythrulose, olive oil peg-7 esters, peg-10 sunflower glycerides, peg-16 macadamia glycerides, propanediol, pentylene glycol, titanium dioxide, mica, dimethyl isosorbide, ppg-26-buteth-26, acetyl hexapeptide-1, superoxide dismutase, polypodium vulgare rhizome extract, cetraria islandica thallus extract, sphagnum magellanicum extract, dextran, citric acid, phytic acid, peg-40 hydrogenated castor oil, ethoxydiglycol, tin oxide, caprylyl glycol, 1,2-hexanediol, parfum (fragrance), limonene, linalool.",£20.00,['Dry'],"hydration, sun protection"
Sanctuary Spa Overnight Replenishing Miracle Oil 30ml,https://www.lookfantastic.com/sanctuary-spa-overnight-replenishing-miracle-oil-30ml/11975619.html,Oil,"helianthus annuus (sunfower) seed oil, simmondsia chinensis (jojoba) seed oil, triticum vulgare (wheat) germ oil, rosa rubiginosa seed oil, caprilic/capric triglyceride, lavandula angustifolia (lavender) oil, linalool, punica granatum seed oil, geranylgenarylisopropanol, anthemis nobilis flower oil, citrus aurantium amara (bitter orange) flower oil, limonene, geraniol.",£20.00,['All'],general
DHC Pore Cleansing Oil (150ml),https://www.lookfantastic.com/dhc-pore-cleansing-oil-150ml/11207565.html,Oil,"ethylhexyl palmitate, glycerin, polyglyceryl-5 dioleate, triethylhexanoin, water/aqua/eau, polyglyceryl-6 caprylate, isostearyl alcohol, caprylic/capric triglyceride, isopropyl lauroyl sacronsinate, phenoxyethanol, citrus grandis (grapefruit) peel extract, cocos nucifera (coconut) oil, argania spinosa (argan) kernel oil, citrus reticulate (tangerine) peel extract, oenothera biennis (evening primrose) oil, olea europaea (olive) fruit oil, vitis vinifera (grape) seed oil, simmondsia chinensis (jojoba) seed oil, butyl avocadate, sesamum indicum (sesame) seed oil, calendula officinalis flower extract, tocopherol, oryza sativa (rice) bran oil, butylene glycol, punica granatum extract, 10-hydroxydecanoic acid, sebacic acid, 1,10-decanediol, ascorbyl palmitate, propyl gallate, limonene.",£25.00,"['Dry', 'Sensitive']","hydration, sensitivity"
L’Oréal Paris Extraordinary Oil Sleeping Oil Night Cream (50ml),https://www.lookfantastic.com/l-oreal-paris-extraordinary-oil-sleeping-oil-night-cream-50ml/11223508.html,Oil,"aqua / water, alcohol denat., glycerin, dimethicone, triethanolamine, carbomer, argania spinosa kernel oil, polyacrylamide, rosa caninafruit oil, imperata cylindrica root extract, rosmarinus officinalis leaf oil / rosemaryleaf oil, tin oxide, c13-14 isoparaffin, lavandula angustifolia oil / lavender oil, royaljelly extract, dimethiconol, sodium citrate, sodium hyaluronate, silica, propyleneglycol, caprylyl glycol, citric acid, laureth-7, synthetic fluorphlogopite, biotin, acrylates/c10-30 alkyl acrylate crosspolymer, tocopheryl acetate, propyl gallate, phenoxyethanol, ci 14700 / red 4, ci 19140 / yellow 5, ci 77891 / titanium dioxide, linalool, geraniol, eugenol, coumarin, limonene, citral, citronellol, benzyl alcohol, parfum /fragrance.",£14.99,['Dry'],"hydration, sun protection"
REN Clean Skincare Vita Mineral Omega 3 Optimum Skin Oil,https://www.lookfantastic.com/ren-clean-skincare-vita-mineral-omega-3-optimum-skin-oil/10832511.html,Oil,"caprylic/capric triglyceride, triticum vulgare (wheat) germ oil, camelina sativa oil, rosa canina fruit oil, phaeodactylum tricornotum extract, bisabolol, parfum (fragrance), linalool, limonene, tocopherol.",£28.00,['Sensitive'],general
Bondi Sands Sunscreen SPF15 Oil 150ml,https://www.lookfantastic.com/bondi-sands-sunscreen-spf15-oil-150ml/12016966.html,Oil,"cocoglycerides, ethylhexyl palmitate, isopropyl palmitate, caprylic/capric triglyceride, octocrylene, ethylhexyl salicylate, alcohol, ppg-15 stearyl ether, butl methoxydibenzoylmethane, ethylhexyl triazone, polyamide-8, parfum, tocopheryl acetate, bht, coumarin, limonene, hydroxycitronellal, butylphenyl methylpropional, alpha-isomethyl ionone.",£6.39,['All'],sun protection
PIXI Jasmine Oil Blend 30ml,https://www.lookfantastic.com/pixi-jasmine-oil-blend-30ml/11666134.html,Oil,"prunus dulcis (almond) oil, caprylic/capric triglyceride, simmondsia chinensis (jojoba) seed oil, helianthus annuus (sunflower) seed oil, persea gratissima (avocado) oil, vitis vinifera (grape) seed oil, rosmarin us officialis (rosemary) leaf extract, oryza sativa (rice) bran extract, helianthus annuus (sunflower) extract, cocos nucifera (coconut) oil, tocopherol, rosa damascena flower oil, punica granatum seed oil, anthemis nobilis flower oil, carthamus tinctorius (safflower) seed oil, chamomilla recutita (matricaria) flower extract, oenothera blennis (evening primrose) root extract, vaccinium macrocarpon (cranberry) seed oil, salvia hispanica seed oil, tanacetum annuum flower oil, jasminum officinale (jasmine) oil, jasminum officinale (jasmine) flower/leaf extract, lavandula angustifolia (lavender) flower/leaf/stem extract, eugenia caryophyllus (clove) flower extract, vitis vinifera (grape) fruit extract, boswellia carterii gum extract.",£26.00,['All'],general
Freezeframe Stretch Mark Eraser 80ml,https://www.lookfantastic.com/freezeframe-stretch-mark-eraser-80ml/11285616.html,Oil,"caprylic/caprictriglyceride, glycine soja (soybean) oil, c12-15, alkyl benzoate, cyclopentasiloxane, stearalkonium hectorite, undecane, tridecane, cetearyl ethylhexanoate, aqua, caprylyl/capryl glucoside, lecithin, glycerin, pseudoalteromonas ferment extract, acetyl tripeptide-30, isopropyl palmiate, theobroma cacao (cocoa) seed butter, dimethicone, phospholipids, swertia chirata extract, citrulline, tocopheryl acetate, pentapeptide-18, xanthan gum, caprylyl glycol, propylene carbonate, urea, potassium sorbate, phenoxyethanol.",£31.97,['Dry'],hydration
MONU Firming Fiji Facial Oil (180ml),https://www.lookfantastic.com/monu-firming-fiji-facial-oil-180ml/11085349.html,Oil,"vitis vinifera (grape) seed oil, prunus armeniaca (apricot) kernel oil, pogostemon cablin oil, linalool, corylus avellana (hazel) seed oil, tocopherol, aniba rosaeodora (rosewood) wood oil, geraniol, benzyl benzoate, limonene.",£26.95,['All'],general
Bondi Sands Sunscreen SPF30 Oil 150ml,https://www.lookfantastic.com/bondi-sands-sunscreen-spf30-oil-150ml/12016967.html,Oil,"cocoglycerides, ethylhexyl palmitate, isopropyl palmitate, caprylic/capric triglyceride, octocrylene, ethylhexyl salicylate, alcohol, ppg-15 stearyl ether, butl methoxydibenzoylmethane, ethylhexyl triazone, polyamide-8, parfum, tocopheryl acetate, bht, coumarin, limonene, hydroxycitronellal, butylphenyl methylpropional, alpha-isomethyl ionone.",£6.39,['All'],sun protection
L'Oréal Paris Extraordinary Oil Cream 50ml,https://www.lookfantastic.com/l-oreal-paris-extraordinary-oil-cream-50ml/11205948.html,Oil,"oregano, citronella, melissa, lemongrass, clove, rosemary, lavender, camomile.",£14.99,['All'],general
Darphin The Revitalising Oil (50ml),https://www.lookfantastic.com/darphin-the-revitalizing-oil-50ml/11031326.html,Oil,"prunus amygdalus dulcis (sweet almond) oil, prunus armeniaca (apricot) kernel oil, simmondsia chinensis (jojoba) seed oil, helianthus annuus (sunflower) seed oil, polysorbate 60, oenothera biennis (evening primrose) oil, argania spinosa kernel oil, cananga odorata flower oil, pelargonium graveolens (geranium) flower oil, aniba rosaeodorata (rosewood) wood oil, squalane, linoleic acid, calophyllum inophyllum (tamanu) seed oil, rubus idaeus (raspberry) seed oil, rosa canina (rose) fruit oil, cholesterol, lavandula angustifolia (lavender) oil, vanilla planifolia fruit extract, anogeissus leocarpus bark extract, jasminum officinale (jasmine) flower extract, triticum vulgare (wheat) germ extract, hordeum vulgare (barley) extract, coffea arabica (coffee) seed extract, tocopheryl acetate, tetrahexyldecyl ascorbate, water, citronellol, geraniol, benzyl salicylate, farnesol, linalool, limonene.",£25.00,['Dry'],hydration
Balance Me Radiance Face Oil 30ml,https://www.lookfantastic.com/balance-me-radiance-face-oil-30ml/11419254.html,Oil,"prunus amygdalus dulcis (sweet almond) oil, vitis vinifera (grape) seed oil, aleurites moluccana (kukui) seed oil, simmondsia chinensis (jojoba) seed oil, rosa canina (rosehip) fruit oil, mauritia flexuosa (buriti) nut oil, moringa oleifera (moringa) seed oil, camellia oleifera (camellia) seed oil, tocopherol (vitamin e), anthemis nobilis (roman chamomile) flower oil, achillea millefolium (yarrow) leaf oil, styrax benzoin (benzoin) resin, limonene, linalool, geraniol, citronellol.",£24.00,"['Sensitive', 'Normal']",sensitivity
AromaWorks Rejuvenate Face Serum Oil 30ml,https://www.lookfantastic.com/aromaworks-rejuvenate-face-serum-oil-30ml/11328802.html,Oil,"capric/carprylic triglyceride, moringa oleifera seed oil, simondsia chinesis (jojoba) seed oil, rosa centifolia flower oil, boswellia carteri (frankincense) oil, daucus carota sativa (carrott) seed oil, jasmin officinale (jasmine) oil, citrus aurantium (neroli) oil, bergamot (citrus bergamia) fruit oil, angustifolium flower oil, tocopherol, hippophae rhamnoides (seabuckturn) oil, limonene, gernaniol, citronellol, linalool",£14.99,['All'],general
Peter Thomas Roth Oiless Oil 100% Purified Squalane,https://www.lookfantastic.com/peter-thomas-roth-oiless-oil-100-purified-squalane/10831388.html,Oil,squalane.,£32.00,['Dry'],hydration
Rodial Vitamin C Deluxe Drops 10ml,https://www.lookfantastic.com/rodial-vitamin-c-deluxe-drops-10ml/12062177.html,Oil,"aqua (water), butylene glycol, babassu oil glycereth-8 esters, ascorbyl glucoside, olive oil peg-7 esters, almond oil peg-8 esters, peg-40 hydrogenated castor oil, phenoxyethanol, ammonium acryloyldimethyltaurate/vp copolymer, panthenol, benzyl alcohol, sodium hydroxide, helianthus annuus (sunflower) seed oil, disodium edta, ethylhexylglycerin, parfum (fragrance), limonene, dehydroacetic acid, geraniol, linalool, beta-carotene, daucus carota sativa (carrot) root extract, daucus carota sativa (carrot) seed oil, ascorbyl palmitate.",£27.00,['Dry'],hydration
Aurelia Probiotic Skincare Cell Repair Night Oil 50ml,https://www.lookfantastic.com/aurelia-probiotic-skincare-cell-repair-night-oil-50ml/11218927.html,Oil,"prunus amygdalus dulcis oil (sweet almond oil), cannabis sativa oil (hemp oil), triticum vulgare oil (wheat germ oil), olea europaea (olive) fruit oil, schinziophyton rautanenii kernel oil (mongongo oil), citrullus lanatus seed oil (kalahari melonseed oil), punica granatum seed oil (cold pressed pomegranate oil), adansonia digitata (baobab) seed oil, kigelia africana fruit extract, helianthus annus (sunflower) seed oil, hibiscus sabdariffa flower extract, citrus aurantium dulcis flower oil (sweet orange oil), citrus nobilis peel oil (mandarin oil), lavandula angustifolia oil (lavender oil), rosa damascena flower oil (rosa damascena oil), tocopherol (vitamin e), tocopheryl acetate (vitamin e), limonene, linalool, citronellol, geraniol, hydroxycitronellal, citral.",£49.60,['Normal'],uneven texture
Garnier Organic Lavandin Glow Oil 30ml,https://www.lookfantastic.com/garnier-organic-lavandin-glow-oil-30ml/12040260.html,Oil,"caprylic/capric triglyceride, olea europaea fruit oil / olive fruit oil, simmondsia chinensis seed oil / jojoba seed oil, argania spinosa kernel oil, lavandula hybrida oil, camelina sativa seed oil, helianthus annuus seed oil / sunflower seed oil, citric acid, tocopherol, linalool, geraniol, limonene, citronellol, parfum / fragrance.",£11.99,['All'],general
Moroccanoil Shimmering Body Oil 50ml,https://www.lookfantastic.com/moroccanoil-shimmering-body-oil/11220665.html,Oil,"caprylic/ capric triglyceride, sesamum indicum (sesame) seed oil, argania spinosa (argan) kernel oil, parfum/fragrance, trihydroxystearin, mica, ci 77491 (iron oxides), alpha-isomethyl ionone, butylphenyl methylpropional, linalool, eugenol, hydroxyisohexyl 3-cyclohexene carboxaldehyde.",£37.00,['All'],general
LIXIRSKIN Night Switch Essential Lipids 15ml,https://www.lookfantastic.com/lixirskin-night-switch-essential-lipids-15ml/12458668.html,Oil,"rubus idaeus (raspberry) seed oil, oenothera biennis (evening primrose) oil, glycine soya (soybean) oil, almond/borage/linseed/olive acids/glycerides, olive glycerides, cananga odorata flower oil, tocopherol, ceramide 3, pelargonium graveolens flower oil, rosa damascena flower extract, citronellol, linalool, benzyl benzoate, geraniol, benzyl salicylate, farnesol, eugenol, citral, isoeugenol, limonene.",£24.00,"['Dry', 'Normal']",hydration
Trilogy Rosehip Oil Antioxidant+ 30ml,https://www.lookfantastic.com/trilogy-organic-rosehip-oil-antioxidant-30ml/10621073.html,Oil,"certified organic rosehip oil , tomato seed oil , cranberry seed oil , acai fruit oil , oat kernel extract, rosa canina (rosehip) seed oil, solanum lycopersicum (tomato) seed oil, caprylic/capric triglyceride, vaccinium macrocarpon (cranberry) seed oil, helianthus annuus (sunflower) seed oil, euterpe oleracea (acai) fruit oil, avena sativa (oat) kernel extract.",£31.50,['All'],general
Erno Laszlo Detoxifying Cleansing Oil 195ml,https://www.lookfantastic.com/erno-laszlo-detoxifying-cleansing-oil/11314426.html,Oil,"water (aqua/eau), disodium laureth sulfosuccinate, butylene glycol, polysorbate 20, acrylates/c10-30 alkyl acrylate crosspolymer, butyrospermum parkii (shea) seedcake extract, sodium lauryl sulfoacetate, disodium cocoamphodiacetate, simmondsia chinensis (jojoba) seed oil, olea europaea (olive) fruit oil, vitis vinifera (grape) seed oil, sea water (maris aqua/eau de mer), tocopheryl acetate, charcoal powder, disodium edta, sodium hydroxide, hexylene glycol, caprylyl glycol, phenoxyethanol, chlorphenesin, parfum (fragrance).",£55.00,['Oily'],"oil control, blackheads"
Manuka Doctor 24K Gold & Manuka Honey Face Oil 12ml,https://www.lookfantastic.com/manuka-doctor-24k-gold-manuka-honey-face-oil-12ml/11465862.html,Oil,"helianthus annuus (sunflower) seed oil, prunus amygdalus dulcis (sweet almond) oil, simmondsia chinensis (jojoba) seed oil, adansonia digitata seed oil, silica, argania spinosa kernel oil, sclerocarya birrea seed oil, vaccinium macrocarpon (cranberry) seed oil, mica, tocopherol, tocopheryl acetate, parfum (fragrance), mel (honey) extract, limonene, linalool, citral, ci 77891 (titanium dioxide), ci 77491 (iron oxides), ci 77480.",£15.99,['Dry'],sun protection
Natio Ageless Rosehip Oil Cold Pressed 15ml,https://www.lookfantastic.com/natio-ageless-rosehip-oil-cold-pressed-15ml/10562420.html,Oil,"rosa canina seed (rosehip) oil, pelargonium graveolens leaf (geranium) oil, rosmarinus officinalis (rosemary) extract.",£13.60,['All'],general
Weleda Almond Soothing Facial Oil (50ml),https://www.lookfantastic.com/weleda-almond-soothing-facial-oil-50ml/10540623.html,Oil,"prunus amygdalus dulcis (sweet almond) oil, prunus domestica seed oil, prunus spinosa flower extract",£18.95,['All'],general
Trilogy CoQ10 Booster Oil 20ml,https://www.lookfantastic.com/trilogy-coq10-booster-oil-20ml/10557485.html,Oil,"macadamia ternifolia seed oil, simmondsia chinensis (jojoba) seed oil, helianthus annuus seed oil, salvia hispanica (chia) seed oil, nigella sativa, calophyllum tacamahaca (tamanu) seed oil, ubiquinone, euterpe oleracea fruit oil (and) tocopherol, vaccinium angustifolia (blueberry) seed oil, fragaria vesca (strawberry) seed oil, punica granatum (pomegranate) seed oil, parfum, citral, geraniol, citronellol, limonene, linalool.",£31.50,['All'],uneven texture
DHC Olive Virgin Oil (30ml),https://www.lookfantastic.com/dhc-olive-virgin-oil-30ml/11207559.html,Oil,olea europaea (olive) fruit oil.,£36.50,['All'],general
Manuka Doctor Replenishing Facial Oil 25ml,https://www.lookfantastic.com/manuka-doctor-replenishing-facial-oil-25ml/11321479.html,Oil,"corylus avellana (hazel) seed oil, prunus amygdalus dulcis (sweet almond) oil, persea gratissima (avocado) oil, vitis vinifera (grape) seed oil, triticum vulgare (wheat) germ oil, rosa eglentaria (rosehip) seed oil, parfum (fragrance), leptospermum scoparium branch/leaf oil, oenothera biennis (evening primrose) oil, vaccinium macrocarpon (cranberry) seed oil, helianthus annuus (sunflower) seed oil, argania spinosa kernel oil, borago officinalis (borage) seed oil, prunus domestica (plum) seed oil, prunus persica (peach) kernel oil, ribes nigrum (black currant) seed oil, rubus idaeus (raspberry) seed oil, tocopheryl acetate, beta-carotene, daucus carota sativa (carrot) root extract, daucus carota sativa (carrot) seed oil, ascorbyl palmitate, citronellol, coumarin, hydroxyisohexyl 3-cyclohexene carboxaldehyde, butylphenyl methylpropional, limonene, linalool, alpha-isomethyl ionone.",£20.99,['All'],general
Elemis Pro-Definition Facial Oil 15ml,https://www.lookfantastic.com/elemis-pro-definition-facial-oil-15ml/11410836.html,Oil,"caprylic/capric triglyceride, simmondsia chinensis (jojoba) seed oil, prunus amygdalus dulcis (sweet almond) oil, sesamum indicum (sesame) seed oil, oenothera biennis (evening primrose) oil, phospholipids, glycine soja (soybean) oil, isopropyl palmitate, fragrance (parfum), perilla ocymoides seed oil, glycolipids, lecithin, glycine soja (soybean) sterols, opuntia ficus-indica (barbary fig) seed oil, linalool, limonene, citronellol, tocopherol, aqua/water/eau, helianthus annuus (sunflower) seed oil, swertia chirata (himalayan gentian) extract, citral, boswellia carterii (frankincense) oil, cymbopogon martini oil, salvia sclarea (clary) oil, rubus idaeus (raspberry) leaf cell culture.",£67.00,['All'],general
First Aid Beauty Ultra Repair Oat & Cannabis Sativa Seed Oil 30ml,https://www.lookfantastic.com/first-aid-beauty-ultra-repair-oat-cannabis-sativa-seed-oil-30ml/12190345.html,Oil,"simmondsia chinensis (jojoba) seed oil, isodecyl neopentanoate, colloidal oatmeal, cannabis sativa seed oil, borago officinalis seed oil, rosmarinus officinalis (rosemary) leaf oil, persea gratissima (avocado) oil, butyrospermum parkii (shea) oil, oryza sativa (rice) bran extract, camellia sinensis leaf extract, ribes nigrum (black currant) seed extract, chlorella vulgaris extract, panax ginseng root extract, chrysanthemum parthenium (feverfew) extract, glycyrrhiza glabra (licorice) root extract, arnica montana flower extract, glycerin, vitis vinifera (grape) seed oil, tocopheryl acetate, ricinoleth-40, butylene glycol, aqua (water), leuconostoc/radish root ferment filtrate, phenoxyethanol, edta, citric acid, limonene, linalool.",£30.00,"['Dry', 'Sensitive']","hydration, brightening, dark spots"
Estée Lauder Revitalizing Supreme+ Nourishing and Hydrating Dual Phase Treatment Oil 30ml,https://www.lookfantastic.com/estee-lauder-revitalizing-supreme-nourishing-and-hydrating-dual-phase-treatment-oil/11794035.html,Oil,"water\aqua\eau, neopentyl glycol diheptanoate, dicaprylyl carbonate, hydrogenated polyisobutene, glycerin, glycereth-26, propanediol, oenothera biennis (evening primrose) oil, limnanthes alba (meadowfoam) seed oil, camelina sativa seed oil, prunus armeniaca (apricot) kernel oil, mangifera indica (mango) seed oil, pyrus malus (apple) fruit extract, lens esculenta (lentil) fruit extract, sigesbeckia orientalis (st paul's wort) extract, sucrose, algae extract, moringa oleifera seed extract, peg-40 hydrogenated castor oil, peg-75, sorbitol, caprylyl glycol, sodium chloride, laminaria digitata extract, sodium hyaluronate, opuntia tuna extract, caffeine, tocopheryl acetate, simmondsia chinensis (jojoba) seed oil, citrullus vulgaris (watermelon) fruit extract, choleth-24, acetyl hexapeptide-8, isoceteth-20, ceteth-24, hexylene glycol, sodium lactate, sodium pca, butylene glycol, tetradecyl aminobutyroylvalylaminobutyric urea trifluoroacetate, sodium citrate, fragrance (parfum), citric acid, bht, potassium sorbate, phenoxyethanol, chlorphenesin, yellow 6 (ci 15985).",£44.10,['Dry'],"hydration, under-eye"
Bobbi Brown Extra Face Oil 30ml,https://www.lookfantastic.com/bobbi-brown-extra-face-oil-30ml/11511541.html,Oil,"olea europaea (olive) fruit oil, sesamum indicum (sesame) seed oil, prunus amygdalus dulcis (sweet almond) oil, simmondsia chinensis (jojoba) seed oil, tocopherol, citrus aurantium amara (neroli), pogostemon cablin (patchouli), lavandula angustifolia (lavender), santalum album (sandalwood), linalool, limonene, benzyl cinnamate, geraniol, farnesol, phenoxyethanol.",£46.50,['All'],general
Manuka Doctor ApiRefine Shake and Roll Lip Oil 10ml,https://www.lookfantastic.com/manuka-doctor-apirefine-shake-and-roll-lip-oil-10ml/11678547.html,Oil,"ricinus communis (castor) seed oil, oleic/linoleic/linolenic polyglycerides, limnanthes alba (meadowfoam) seed oil, ethylhexyl palmitate, prunus amygdalus dulcis (sweet almond) oil, rubus idaeus (raspberry) seed oil, tocopherol, glycerin, cetearyl ethylhexanoate, limonene, parfum (fragrance), aqua (water), sorbitan isostearate, citric acid, trihydroxystearin, portulaca pilosa extract, benzyl alcohol, leptospermum scoparium (manuka) branch/leaf oil, linalool, combretum farinosum flower nectar, sucrose cocoate, sodium hyaluronate, palmitoyl tripeptide-38, glucomannan, ci 45410 (red 27).",£16.99,['Dry'],hydration
Darphin Rose Hydra-Nourishing Aromatic Care Oil 15ml,https://www.lookfantastic.com/darphin-rose-hydra-nourishing-aromatic-care-oil-15ml/12042469.html,Oil,"sesamumindicum (sesame) seed oil, helianthusannuus (sunflower) seed oil, macadamiaternifoliaseed oil, limnanthesalba (meadowfoam) seed oil, prunusamygdalusdulcis (sweetalmond) oil, jojobaalcohol, isopropyljojobate, jojobaesters, oenotherabiennis (eveningprimrose) oil, rosarubiginosa (rosehip) seed oil, rosadamascena (rose) floweroil, rosadamascenaflowerwax, caprylic/caprictriglyceride, rosacentifoliaflowerwax, daucuscarotasativa (carrot) root extract, rosmarinusofficinalis (rosemary) leaf extract, citrusaurantiumamara (bitterorange) floweroil, pogostemoncablin (patchouli) oil, ferulagalbaniflua (galbanum) resinoil, cymbopogonnardus (citronella) oil, dipteryxodorataseed extract, vacciniummyrtillusseed oil, zeamays (corn) oil, hydrogenatedvegetableoil, canangaodoratafloweroil, pelargoniumgraveolens (geranium) floweroil, rosadamascena extract, salicorniaherbacea extract, tocopherol, lavandulastoechas extract, hibiscusabelmoschus extract, coumarin, geraniol, citral, citronellol, benzylbenzoate, linalool, farnesol.",£42.00,['All'],general
Rodial Pink Diamond Oil 30ml,https://www.lookfantastic.com/rodial-pink-diamond-oil-30ml/12609066.html,Oil,"cyclopentasiloxane, c15-19 alkane, dimethiconol, ascorbyl tetraisopalmitate, caprylic/capric triglyceride, oryza sativa (rice) bran oil, prunus amygdalus dulcis (sweet almond) oil, tocopheryl acetate, brassica campestris seed oil, parfum (fragrance), glycyrrhiza glabra root extract, polyglyceryl-3 diisostearate, spilanthes acmella flower extract, citronellol, althaea officinalis root extract, oryza sativa bran extract, alpha-isomethyl ionone, limonene, geraniol, polymethylsilsesquioxane, diamond powder.",£75.00,['All'],general
La Roche-Posay Anthelios Anti-Shine Sun Protection Invisible SPF50+ Face Mist 75ml,https://www.lookfantastic.com/la-roche-posay-anthelios-anti-shine-sun-protection-invisible-spf50-face-mist-75ml/11393009.html,Mist,"butane, aqua/water, homosalate, octocrylene, glycerin, dimethicone, ethylhexyl salicylate, dicaprylyl carbonate, nylon-12, diisopropyl sebacate, butyl methoxydibenzoylmethane, styrene/acrylates copolymer, p-anisic acid, caprylyl glycol, carnosine, cyclohexasiloxane, disodium edta, drometrizole trisiloxanel, ethylhexyl triazone, methyl methacrylate crosspolymer, peg-32, peg-8 laurate, phenoxyethanol, poly c10-30 alkyl acrylate, polyglyceryl-6 polyricinoleate, sodium chloride, sodium hyaluronate, tocopherol, parfum/fragrance.",£14.00,['Dry'],"hydration, sun protection"
PIXI Glow Mist 80ml,https://www.lookfantastic.com/pixi-glow-mist-80ml/11105029.html,Mist,"water, olea europaea (olive) fruit oil, dipropylene glycol, butylene glycol, propolis extract, niacinamide, argania spinosa kernel oil, aloe barbadensis leaf extract, betaine, sodium hyaluronate, peg/ppg-17/6 copolymer, panthenol, carthamus tinctorius (safflower) seed oil, persea gratissima (avocado) oil, oenothera biennis (evening primrose) oil, rosa canina fruit oil, simmondsia chinensis (jojoba) seed oil, macadamia integrifolia seed oil, 1,2-hexanediol, caprylyl glycol, illicium verum (anise) fruit extract, adenosine, rose flower oil, tagetes minuta flower oil, mentha arvensis leaf oil, elettaria cardamomum seed oil, thymus vulgaris (thyme) oil, eugenia caryophyllus (clove) leaf oil, melaleuca alternifolia (tea tree) leaf oil, vetiveria zizanoides root oil, cymbopogon schoenanthus oil, pelargonium graveolens flower oil, lavandula angustifolia (lavender) oil, citrus limon (lemon) peel oil, citrus aurantium dulcis (orange) peel oil.",£16.00,"['Dry', 'Oily', 'Normal']","acne, hydration, brightening, dark spots, oil control, under-eye"
Garnier Ambre Solaire Sensitive Hydrating Hypoallergenic Face Sun Cream Mist SPF50 75ml,https://www.lookfantastic.com/ambre-solaire-sensitive-hydrating-hypoallergenic-face-sun-cream-mist-spf50-75ml/11469198.html,Mist,"butane, aqua / water, homosalate, octocrylene, glycerin, dimethicone, ethylhexyl salicylate, dicaprylyl carbonate, nylon-12, diisopropyl sebacate, butyl methoxydibenzoylmethane, styrene/acrylates, copolymer, p-anisic acid, cyclohexasiloxane, tocopherol, sodium chloride, sodium hyaluronate, phenoxyethanol, thermus thermophillus ferment, peg-32, peg-8 laurate, ethylhexyl triazone, triethanolamine, polyglyceryl-6, polyricinoleate, poly c10-30 alkyl acrylate, pentylene glycol, drometrizole trisiloxane, caprylyl glycol, disodium edta, methyl methacrylate crosspolymer, potassium sorbate, scutellaria baicalensis extract / scutellaria rootextract, parfum / fragrance.",£6.00,['Dry'],"hydration, sun protection"
La Roche-Posay Toleriane Ultra 8 Face Mist 100ml,https://www.lookfantastic.com/la-roche-posay-toleriane-ultra-8-face-mist-100ml/12021436.html,Mist,"aqua / water, glycerin, propanediol, pentylene glycol, allantoin, sodium chloride, carnosine, coco-betaine, citric acid.",£19.50,"['Dry', 'Sensitive']",hydration
Neutrogena Hydro Boost Express Hydrating Spray 200ml,https://www.lookfantastic.com/neutrogena-hydro-boost-express-hydrating-spray-200ml/11671615.html,Mist,"aqua, glycerin, isopropyl palmitate, petrolatum, dimethicone, sodium hyaluronate, polysorbate 60, cetearyl olivate, sorbitan olivate, c12-20 alkyl glucoside, c14-22 alcohols, isohexadecane, hydroxyethyl acrylate/sodium acryloyldimethyl taurate copolymer, sodium hydroxide, tocopherol, chlophenesin, parfum, benzyl alcohol.",£5.49,['Dry'],hydration
PIXI Hydrating Milky Mist 80ml,https://www.lookfantastic.com/pixi-hydrating-milky-mist-80ml/11200054.html,Mist,"water, glycerin, ethylhexyl palmitate, dipropylene glycol, cetyl ethylhexanoate, phenoxyethanol, polyglyceryl-10 oleate, ethylhexylglycerin, peg-60 hydrogenated castor oil, cetearyl isononanoate, allantoin, ceteareth-20, trideceth-10, hydrolyzed glycosaminoglycans, hydrogenated lecithin, glyceryl stearate, ceteareth-12, cetyl alcohol, stearyl alcohol, cetyl palmitate, disodium edta, fragrance, citric acid, benzoic acid, lecithin, avena strigosa seed extract.",£18.00,"['Dry', 'Sensitive']",hydration
Garnier Ambre Solaire Natural Bronzer Quick Drying Dark Self Tan Face Mist 75ml,https://www.lookfantastic.com/ambre-solaire-natural-bronzer-quick-drying-dark-self-tan-face-mist-75ml/10487829.html,Mist,"aqua/water, dimethyl ether, dihydroxyacetone, glycerin, propylene glycol, tocopherol, hydroxyisohexyl 3-cyclohexene carboxaldehyde, phenoxyethanol, peg-60 hydrogenated castor oil, limonene, linalool, benzyl salicylate, alpha-isomethyl ionone, geraniol, disodium edta, methylparaben, butylphenyl methylpropional, citronellol, citral, prunus armeniaca/apricot kernel oil, coumarin, parfum/fragrance.",£5.00,['Dry'],hydration
Garnier Ambre Solaire Dry Mist Fast Absorbing Sun Cream Spray SPF30 200ml,https://www.lookfantastic.com/ambre-solaire-dry-mist-fast-absorbing-sun-cream-spray-spf30-200ml/11469199.html,Mist,"butane, aqua / water, homosalate, dicaprylyl ether, octocrylene, ethylhexyl salicylate, dimethicone, styrene / acrylates copolymer, butyl methoxydibenzoylmethane, peg-30 dipolyhydroxystearate, nylon-12, methyl methacrylate crosspolymer, methacrylate crosspolymer, cyclohexasiloxane, drometrizole trisiloxane, polymethylsilsesquioxane, p-anisic acid, tocopherol, sodium chloride, dodecene, phenoxyethanol, peg-8 laurate, poly c10-30 alkyl acrylate, poloxamer 407, limonene, benzyl salicylate, benzyl alcohol, linalool, isododecane, drometrizole trisiloxane, propylene carbonate, caprylyl glycol, disteardimonium hectorite, disodium edta, citral, citronellol, lauryl peg / ppg-18/18 methicone, coumarin, parfum / fragrance.",£8.00,['All'],sun protection
ELEMIS Superfood Kefir-Tea Mist 100ml,https://www.lookfantastic.com/elemis-superfood-kefir-tea-mist-100ml/11984196.html,Mist,"aqua/water/eau, glycerin, aloe barbadensis leaf juice, phenoxyethanol, polysorbate 20, methyl gluceth-20, disodium edta, chlorphenesin, saponins, cocos nucifera (coconut) water, alpha-glucan oligosaccharide, sodium dehydroacetate, fragrance (parfum), limonene, citrus aurantium dulcis (orange) peel oil, amyris balsamifera bark oil, cymbopogon martini oil, geraniol, linalool, rosmarinus officinalis (rosemary) leaf oil, aspalathus linearis (rooibos) leaf extract, butylene glycol, daucus carota sativa (carrot) seed oil, sodium hydroxide, leuconostoc/radish root ferment filtrate, 1,2-hexanediol, lactobacillus/soybean (kefir) ferment extract, citric acid, sodium benzoate, potassium sorbate.",£26.00,['Dry'],hydration
PIXI Sun Mist 80ml,https://www.lookfantastic.com/pixi-sun-mist/11384922.html,Mist,"disiloxane, water/aqua/eau, alcohol, cyclopentasiloxane, c12-15 alkyl benzoate, diethylamino hydroxybenzoyl hexyl benzoate, cetyl peg/ppg-10/1 dimethicone, butylene glycol, dicaprylyl carbonate, phenoxyethanol, stearic acid, sodium chloride, aluminum hydroxide, polyhydroxystearic acid, aluminum stearate, dipropylene glycol, disodium edta, jasminum officinale (jasmine) oil, aloe barbadensis leaf extract, portulaca oleracea extract, anthemis nobilis flower extract, bambusa vulgaris extract, tocopherol.",£18.00,['All'],general
Omorovicza Queen Of Hungary Mist (100ml),https://www.lookfantastic.com/omorovicza-queen-of-hungary-mist-100ml/10448809.html,Mist,"aqua (hungarian thermal water), glycerin, polysorbate 20, phenoxyethanol, pyrus malus (apple) fruit extract, saccharomyces (hungarian thermal water) ferment extract, disodium edta, ethylhexylglycerin, mannitol, malpighia punicifolia (acerola) fruit extract, chlorella vulgaris/lupinus albus protein ferment, pectin, rosa damascena flower water, citrus aurantium dulcis (orange) flower water, salvia officinalis (sage) leaf water, phospholipids, yeast extract, linalool, geraniol, citronellol.",£59.00,['Dry'],hydration
Lumene Nordic Hydra Lähde Arctic Spring Water Enriched Facial Mist 50ml,https://www.lookfantastic.com/lumene-nordic-hydra-lahde-arctic-spring-water-enriched-facial-mist-50ml/11711469.html,Mist,"aqua (water), betula alba (birch) juice, propanediol, phenoxyethanol, peg-40 hydrogenated castor oil, glycerin, trehalose, urea, sodium pca, ethylhexylglycerin, disodium, edta, pentylene glycol, serine, algin, caprylyl glycol, disodium phosphate, glyceryl polyacrylate, pullulan, sodium hyaluronate, citric acid, sodium hydroxide, potassium phosphate, linalool, benzyl salicylate, alpha-isomethyl ionone, limonene, parfum (fragrance).",£6.50,['Dry'],hydration
Omorovicza Queen of Hungary Mist 30ml,https://www.lookfantastic.com/omorovicza-queen-of-hungary-mist-30ml/12134860.html,Mist,"aqua (hungarian thermal water), glycerin, polysorbate 20, phenoxyethanol, pyrus malus (apple) fruit extract, saccharomyces (hungarian thermal water) ferment extract, disodium edta, ethylhexylglycerin, mannitol, malpighia punicifolia (acerola) fruit extract, chlorella vulgaris/lupinus albus protein ferment, pectin, rosa damascena flower water, citrus aurantium dulcis (orange) flower water, salvia officinalis (sage) leaf water, phospholipids, yeast extract, linalool, geraniol, citronellol.",£20.00,['Dry'],hydration
Garnier Ambre Solaire Sensitive Hypoallergenic Dry Mist Sun Cream Spray SPF50 200ml,https://www.lookfantastic.com/ambre-solaire-sensitive-hypoallergenic-dry-mist-sun-cream-spray-spf50-200ml/11469200.html,Mist,"butane, aqua / water, homosalate, dicaprylyl ether, octocrylene, ethylhexyl salicylate, dimethicone, styrene/acrylates copolymer, butyl methoxydibenzoylmethane, drometrizole trisiloxane, peg-30 dipolyhydroxystearate, nylon-12, dicaprylyl carbonate, methyl methacrylate crosspolymer, cyclohexasiloxane, polymethylsilsesquioxane, p-anisic acid, tocopherol, sodium chloride, dodecene, phenoxyethanol, thermus thermophillus ferment, peg-8 laurate, ethylhexyl triazone, poly c10-30 alkyl acrylate, poloxamer 407, isododecane, isostearyl alcohol, propylene carbonate, caprylyl glycol, disteardimonium hectorite, disodium edta, potassium sorbate, lauryl peg/ppg-18/18 methicone, glycerin.",£7.00,['Dry'],"hydration, sun protection"
Revolution Skincare Hyaluronic Essence Spray 100ml,https://www.lookfantastic.com/revolution-skincare-hyaluronic-essence-spray-100ml/12589089.html,Mist,"aqua (water), bis-peg-18 methyl ether dimethyl silane, glycerin, phenoxyethanol, sodium hyaluronate, ethylhexylglycerin, parfum (fragrance), disodium edta, citrus paradisi (grapefruit) fruit extract, aloe barbadensis leaf juice, sodium benzoate, potassium sorbate, citral, linalool, limonene, ci 16035 (red 40), ci 19140 (yellow 5).",£6.00,['Dry'],hydration
NUXE Huile Prodigieuse Florale Mist 100ml,https://www.lookfantastic.com/nuxe-huile-prodigieuse-florale-mist-100ml/12126087.html,Mist,"coco-caprylate/caprate, macadamia integrifolia seed oil, dicaprylyl ether, caprylic/capric triglyceride, prunus amygdalus dulcis (sweet almond) oil, corylus avellana (hazel) seed oil, parfum/fragrance, camellia oleifera seed oil, camellia japonica seed oil, tocopherol, argania spinosa kernel oil, borago officinalis seed oil, tocopheryl acetate, helianthus annuus (sunflower) seed oil, rosmarinus officinalis (rosemary) leaf extract, polyglyceryl-3 diisostearate, ascorbic acid, limonene, linalool, citral, citronellol, hydroxycitronellal, geraniol.",£29.50,['All'],general
PIXI Vitamin Wakeup Mist 80ml,https://www.lookfantastic.com/pixi-vitamin-wakeup-mist-80ml/11384907.html,Mist,"water/aqua/eau, citrus aurantium dulcis (orange) flower water, glycerin, dipropylene glycol, butylene glycol, niacinamide, peg-60 hydrogenated castor oil, 1,2-hexanediol, caprylyl glycol, ethylhexylglycerin, allantoin, magnesium ascorbyl phosphate, citric acid, sodium citrate, citrus grandis (grapefruit) peel oil, adenosine, tropolone, disodium edta, arginine, lavandula angustifolia (lavendar) oil, citrus sinensis peel oil expressed, sodium hyaluronate, citrus aurantifolia (lime) oil, glycyrrhiza glabra (licorice) root extract, sodium starch octenylsuccinate, maltodextrin, calcium pantothenate, sodium ascorbyl phosphate, tocopheryl acetate, pryidoxine hci, silica.",£16.00,"['Dry', 'Oily', 'Sensitive', 'Normal']","acne, hydration, brightening, dark spots, oil control, under-eye"
Neal's Yard Remedies Goodnight Pillow Mist 45ml,https://www.lookfantastic.com/neal-s-yard-remedies-goodnight-pillow-mist-45ml/11926901.html,Mist,"aqua/water, polyglyceryl-4 caprate, anthemis nobilis flower oil, lavandula angustifolia (lavender) oil, copaifera officinalis (balsam copaiba) resin, citrus nobilis (mandarin orange) peel oil, pelargonium graveolens flower oil, vetiveria zizanoides root oil, glycerin, sodium levulinate, levulinic acid, linalool, limonene, citronellol, geraniol, citral.",£15.00,['Dry'],hydration
Lumene Nordic Hydra [Lähde] Arctic Spring Water Enriched Facial Mist 100ml,https://www.lookfantastic.com/lumene-nordic-hydra-lahde-arctic-spring-water-enriched-facial-mist-100ml/11697306.html,Mist,"aqua (water), betula alba (birch) juice, propanediol, phenoxyethanol, peg-40 hydrogenated castor oil, glycerin, trehalose, urea, sodium pca, ethylhexylglycerin, disodium edta, pentylene glycol, serine, algin, caprylyl glycol, disodium phosphate, glyceryl polyacrylate, pullulan, sodium hyaluronate, citric acid, sodium hydroxide, potassium phosphate, linalool, benzyl salicylate, alpha-isomethyl ionone, limonene, parfum (fragrance).",£12.00,['Dry'],hydration
Lumene Nordic C Valo Glow Refresh Hydrating Mist 50ml,https://www.lookfantastic.com/lumene-nordic-c-valo-glow-refresh-hydrating-mist-50ml/11711470.html,Mist,"aqua (water), rubus chamaemorus (cloudberry) fruit juice extract, rubus chamaemorus (cloudberry) fruit extract, rubus chamaemorus (cloudberry) seed extract, phenoxyethanol, peg-40 hydrogenated castor oil, propanediol, glycerin, ethylhexylglycerin, maltodextrin, ascorbyl glucoside, disodium edta, sodium hydroxide, sodium citrate, citric acid, limonene, linalool, parfum (fragrance).",£9.00,['Dry'],hydration
Elizabeth Arden Eight Hour Miracle Hydrating Mist 100ml,https://www.lookfantastic.com/elizabeth-arden-eight-hour-miracle-hydrating-mist-100ml/11423685.html,Mist,"water/aqua/eau, glycerin, polysorbate 20, aloe barbadensis leaf, camellia sinensis leaf extract, caprylyl glycol, citric acid, coffea arabica (coffee) seed extract, euterpe oleracea fruit extract, garcinia mangostana peel extract, lycium barbarum fruit extract, malus domestica fruit extract, morinda citrifolia fruit extract, parfum/fragrance, punica granatum fruit juice, saccharide isomerate, sodium citrate, sodium pca, chlorphenesin, phenoxyethanol, potassium sorbate, sodium benzoate.",£21.00,['Dry'],hydration
Garnier Natural Vegan Rose Soothing Hydrating Glow Mist 150ml,https://www.lookfantastic.com/garnier-natural-vegan-rose-soothing-hydrating-glow-mist-150ml/12298877.html,Mist,"aqua, glycerin, alcohol denat., arginine, caprylyl/capryl glucoside, citric acid, linalool, propanediol, rosa damascena flower water, salicylic acid, sodium hydroxide, sodium phytate, parfum.",£5.99,"['Dry', 'Oily']","acne, hydration, blackheads"
Dermalogica Age Smart Antioxidant Hydramist 150ml,https://www.lookfantastic.com/dermalogica-age-smart-antioxidant-hydramist-150ml/10366376.html,Mist,"water (aqua), butylene glycol, peg-40 hydrogenated castor oil, palmitoyl tripeptide-5, arginine/lysine polypeptide, magnesium ascorbyl phosphate, glucosamine hcl, sodium carboxymethyl beta-glucan, camellia sinensis leaf extract, bambusa vulgaris leaf/stem extract, pisum sativum (pea) extract, aloe barbadensis leaf juice, sodium lactate, sodium pca, sorbitol, proline, dipotassium glycyrrhizate, methyl gluceth-20, lecithin, tocopherol, glycerin, disodium edta, capric/caprylic triglyceride, phenoxyethanol, benzyl pca, citronellol, eugenol, geraniol, limonene, linalool, citrus medica limonum (lemon) peel extract, rosa damascena flower oil, eugenia caryophyllus (clove) flower oil, aniba rosaeodora (rosewood) wood oil, citrus medica limonum (lemon) peel oil, pelargonium graveolens oil, and helianthus annuus (sunflower) seed oil.",£36.00,['Dry'],hydration
Zelens Z Balance Prebiotic and Probiotic Facial Mist 50ml,https://www.lookfantastic.com/zelens-z-balance-prebiotic-and-probiotic-facial-mist-50ml/11566011.html,Mist,"aqua, butylene glycol, sodium lactate, lactobacillus ferment lysate filtrate, bifida ferment lysate, xylitylglucoside, lactobacillus, lactococcus ferment lysate, alpha-glucan oligosaccharide, polymnia sonchifolia root juice, perilla frutescens leaf extract, sodium pca, arginine, pca, proline, glycine, alanine, serine, valine, isoleucine, threonine, aspartic acid, histidine, phenylalanine, glycerin, anhydroxylitol, xylitol, glucose, maltodextrin, leuconostoc/radish root ferment filtrate, populus tremuloides bark extract, polysorbate 20, levulinic acid, potassium sorbate, sodium levulinate, phenoxyethanol, sodium benzoate, lactic acid, parfum, sodium chloride.",£48.00,"['Dry', 'Oily']","hydration, uneven texture"
Bondi Sands Self Tanning Mist 250ml - Light/Medium,https://www.lookfantastic.com/bondi-sands-self-tanning-mist-250ml-light-medium/11568693.html,Mist,"butane, water, alcohol, isobutane, propane, dihydroxyacetone, ethoxydiglycol, fragrance, tocopheryl acetate, peg-60 hydrogenated castor oil, ci 14700, ci 19140, ci 42090. propellant: hydrocarbon.",£11.99,['All'],general
Revolution Skincare CBD Essence Spray 100ml,https://www.lookfantastic.com/revolution-skincare-cbd-essence-spray-100ml/12589091.html,Mist,"aqua (water), peg-40 hydrogenated castor oil, polysorbate 20, bis-peg-18 methyl ether dimethyl silane, glycerin, phenoxyethanol, passiflora edulis seed oil, cannabis sativa seed oil, parfum (fragrance), ethylhexylglycerin, disodium edta, cannabidiol, calendula officinalis flower extract, potassium sorbate, sodium benzoate, caramel, ci 19140 (yellow 5), ci 42090 (blue 1).",£6.00,"['Dry', 'Sensitive']","hydration, sensitivity"
Peter Thomas Roth Water Drench Hydrating Toner Mist 150ml,https://www.lookfantastic.com/peter-thomas-roth-water-drench-hydrating-toner-mist-150ml/12226031.html,Mist,"water/aqua/eau, glycerin hamamelis virginiana (witch hazel), water sodium hyaluronate, pyrus malus (apple) fruit extract, aloe barbadensis leaf juice, sambucus nigra fruit extract, saccharide isomerate, sodium pca, wheat amino acids, pantheno,l citric acid, disodium, edta, hydroxyproline, sodium citrate, sodium hydroxide, biosaccharide, gum-4 sr-spider, polypeptide-1, benzoic acid 1,2-hexanediol, caprylyl glycol, potassium sorbate, sodium benzoate, phenoxyethanol.",£21.56,"['Dry', 'Oily', 'Normal']",hydration
Elemis Pro-Collagen Rose Hydro-Mist 50ml,https://www.lookfantastic.com/elemis-pro-collagen-rose-hydro-mist-50ml/12095040.html,Mist,"aqua/water/eau, rosa damascena flowerwater, rosa hybrid flower water, phenoxyethanol, glycerin, squalane,polyacrylate crosspolymer-6, hydroxyethyl acrylate/sodium acryloyldimethyltaurate copolymer, disodium edta, caprylic/capric triglyceride, fragrance(parfum), ammonium acryloyldimethyltaurate/vp copolymer, ethylhexylglycerin, maris aqua/sea water/eau de mer, pentylene glycol, lactic acid, serine, sodium lactate, sorbitol, urea, sodium hydroxide, padina pavonica thallus extract, citronellol, geraniol, polysorbate 60, sorbitan isostearate, aster tripolium extract, crithmum maritimum extract, suaeda maritima flower/leaf/stem extract, citric acid, sodium benzoate, pavlova lutheri extract, t-butyl alcohol, sodium chloride, chlorella vulgaris extract, potassium sorbate, benzyl salicylate, allantoin, pelargonium graveolens (geranium) oil, rosa damascena flower oil,rosa damascena extract.",£43.00,"['Dry', 'Oily', 'Sensitive']","hydration, uneven texture"
Chantecaille Pure Rosewater 100ml,https://www.lookfantastic.com/chantecaille-pure-rosewater/11219087.html,Mist,"rosa centifolia flower water, preservatives: butylene glycol, glycerin, chlorphenesin, methyl paraben.",£65.00,['Dry'],hydration
Neal's Yard Remedies Frankincense Hydrating Facial Mist 45ml,https://www.lookfantastic.com/neal-s-yard-remedies-frankincense-hydrating-facial-mist-45ml/11926843.html,Mist,"aqua/water, alcohol, glycerin, polyglyceryl-10 laurate, levulinic acid, abies alba leaf oil, cinnamomum zeylanicum leaf oil, aloe barbadensis leaf juice powder, calendula officinalis flower extract, sodium levulinate, boswellia sacra resin oil, berberis aquifolium extract, centella asiatica extract, citrus aurantium amara (bitter orange) flower oil, pogostemon cablin leaf oil, limonene, linalool, eugenol, farnesol, geraniol, benzyl benzoate, cinnamal.",£13.00,"['Dry', 'Sensitive']","hydration, sensitivity"
Crystal Clear Revitalising Tonic 200ml,https://www.lookfantastic.com/crystal-clear-revitalising-tonic-200ml/12027055.html,Mist,"aqua, glycerin, peg-400, phenoxyethanol, bis-peg-18 mathyl ether dimethyl silane, ppg-26-buteth-26, tetrasodium edta, parfum, peg-40 hydrogenated castor oil, methoxy peg-18, citric acid, dehydroacetic acid, tromethamine, benzophenone-4, cucumis satis (cucumber) fruit extract, polyglucuronic acid, potassium sorbate, algae (algae extract), bht, biotin, benzyl alcohol, limonene, hexyl cinnamal, linalool, benzyl benzoate, cital, alpha-isomethyl ionane, butylphenyl methypropional.",£20.99,['Dry'],hydration
Garnier Organic Argan Mist 150ml,https://www.lookfantastic.com/garnier-organic-argan-mist-150ml/12040263.html,Mist,"aqua / water, hordeum vulgare stem water, glycerin, alcohol denat, centaurea cyanus flower, water, argania spinosa kernel oil, sodium hydroxide, sodium phytate, arginine, coco-betaine, propanediol, caprylyl/capryl glucoside, citric acid, sodium benzoate, salicylic acid, linalool, limonene, benzyl alcohol, benzyl salicylate, parfum / fragrance.",£5.99,"['Dry', 'Oily']","acne, hydration, blackheads"
Institut Esthederm Cellular Water Mist 100ml,https://www.lookfantastic.com/institut-esthederm-cellular-water-mist-100ml/11688941.html,Mist,"aqua, propanediol, sodium citrate, sodium chloride, hydrolyzed hyaluronic acid, aminoethanesulfinic acid, carnosine, potassium chloride, sodium bicarbonate, disodium phosphate, magnesium sulfate, potassium phosphate, calcium chloride.",£18.00,['Dry'],"hydration, firmness"
Revolution Skincare x Jake Jamie Tropical Quench Essence Spray 100ml,https://www.lookfantastic.com/revolution-skincare-x-jake-jamie-tropical-quench-essence-spray-100ml/12589101.html,Mist,"aqua (water), bis-peg-18 methyl ether dimethyl silane, glycerin, peg-40 hydrogenated castor oil, polysorbate 20, phenoxyethanol, ethylhexylglycerin, parfum (frangrance), disodium edta, limonene, coumarin.",£6.00,['Dry'],hydration
Jurlique Rosewater Balancing Mist (100ml),https://www.lookfantastic.com/jurlique-rosewater-balancing-mist-100ml/10554516.html,Mist,aqua (water); alcohol; althaea officinalis (marshmallow) root extract; rosa gallica (rose) flower extract; peg-7 glyceryl cocoate; fragrance (parfum); sodium hydroxymethylglycinate; lactic acid; polysorbate-20; citrus grandis (grapefruit) seed extract; aloe barbadensis leaf extract; geraniol; linalool; citronellol; eugenol; benzyl benzoate.,£30.00,['Oily'],uneven texture
NUXE Refreshing Toning Mist 200ml,https://www.lookfantastic.com/nuxe-refreshing-toning-mist-200ml/12601908.html,Mist,"aqua/water, hexylene glycol, rosa damascena flower water, glycerin, parfum/fragrance, phenoxyethanol, allantoin, sodium gluconate, xylitylglucoside, coco-glucoside, anhydroxylitol, cetrimonium bromide, caprylyl/capryl glucoside, xylitol, citric acid, sodium hydroxide.",£15.50,"['Dry', 'Sensitive']",hydration
Bondi Sands Self Tanning Mist 250ml - Dark,https://www.lookfantastic.com/bondi-sands-self-tanning-mist-250ml-dark/11568694.html,Mist,"butane, water, alcohol, isobutane, propane, dihydroxyacetone, ethoxydiglycol, fragrance, tocopheryl acetate, peg-60 hydrogenatedcastor oil, ci 14700, ci 19140, ci 42090.",£11.99,['All'],general
A'kin Hydrating Mist Toner 150ml,https://www.lookfantastic.com/a-kin-hydrating-mist-toner-150ml/11421494.html,Mist,"water (aqua), cocos nucifera (coconut) water, glycerin, camellia sinensis leaf extract (green tea), cocos nucifera (coconut) fruit juice, chamomilla recutita (matricaria) flower extract, citric acid, sodium levulinate, sodium anisate, potassium sorbate, linalool, limonene, geraniol.",£12.50,"['Dry', 'Sensitive', 'Normal']","hydration, sensitivity"
Jurlique Rosewater Balancing Mist 100ml,https://www.lookfantastic.com/jurlique-rosewater-balancing-mist-100ml/12174272.html,Mist,"aqua (water), sd alcohol 40-a (alcohol denat.), polyglyceryl-10 laurate, rosa hybrid flower extract, althaea officinalis root extract, aloe barbadensis leaf extract, fragrance/parfum, glycerin, propanediol, potassium sorbate, phenoxyethanol, ethylhexylglycerin, citric acid, citronellol, geraniol, linalool, eugenol.",£32.00,['Dry'],hydration
Aveda Botanical Kinetics Toning Mist 150ml,https://www.lookfantastic.com/aveda-botanical-kinetics-toning-mist-150ml/10541412.html,Mist,"aqua, aloe barbadensis leaf juice, quercus alba, hamamelis virginiana, alcohol denatured, rosa damascena, sodium coco pg-dimonium chloride phosphate, maltodextrin, sodium gluconate, citric acid.",£19.00,['All'],general
Rodial Dragon's Blood Essence 100ml,https://www.lookfantastic.com/rodial-dragon-s-blood-essence-100ml/12062155.html,Mist,"aqua (water), bis-peg-18 methyl ether dimethyl silane, niacinamide, phenoxyethanol, zinc gluconate, sodium pca, diglycerin, urea, disodium edta, ethylhexylglycerin, glycerin, parfum (fragrance), hydrolyzed rice protein, sorbitol, lysine, pca, allantoin, lactic acid, croton lechleri resin extract, sodium hyaluronate, glutamylamidoethyl imidazole, geraniol, limonene, linalool.",£38.00,"['Dry', 'Oily', 'Sensitive', 'Normal']","acne, hydration, brightening, dark spots, oil control, uneven texture, under-eye"
Origins Ginzing™ Energy-Boosting Treatment Lotion Mist 150ml,https://www.lookfantastic.com/origins-ginzing-energy-boosting-treatment-lotion-mist-150ml/11273881.html,Mist,"water\aqua\eau, butylene glycol, alcohol denat., polysorbate 20, citrus limon (lemon) peel oil, citrus grandis (grapefruit) peel oil, mentha viridis (spearmint) leaf oil, citrus aurantium dulcis (orange) peel oil, limonene, linalool, citral, bambusa vulgaris (bamboo) extract, salvia sclarea (clary) extract, saccharomyces lysate extract, caffeine, glycerin, panax ginseng (ginseng) root extract, pantethine, pisum sativum (pea) extract, hamamelis virginiana (witch hazel) extract, sorbitol, laminaria saccharina extract, caprylyl glycol, creatine, acetyl carnitine hcl, magnesium ascorbyl phosphate, punica granatum (pomegranate) fruit juice, yeast extract\faex\extrait de levure, tourmaline, adenosine phosphate, folic acid, glucosamine hcl, sodium hyaluronate, citric acid, sodium benzoate, hexylene glycol, tocopheryl acetate, sodium citrate, disodium edta, phenoxyethanol.",£18.50,"['Dry', 'Oily']","hydration, under-eye"
ULTRASUN CLEAR SPRAY SPF30 - SPORTS FORMULA (150ML),https://www.lookfantastic.com/ultrasun-clear-spray-spf30-sports-formula-150ml/10570204.html,Mist,"alcohol, phenoxyethyl caprylate, c12-15 alkyl benzoate, octyldodecanol, diethylamino hydroxybenzoyl hexyl benzoate, ethylhexyl salicylate, diisopropyl adipate, ethylhexyl triazone, bis-ethylhexyloxyphenol methoxyphenyl triazine, dibutyl adipate, aqua, alcohol denat., va/butyl maleate/isobornyl acrylate copolymer, vitis vinifera seed extract, glycerin, tocopheryl acetate, 2,6-dimethyl-7-octen-2-ol, lecithin, caprylic/capric triglyceride, ascorbyl tetraisopalmitate, tocopherol, ubiquinone.",£26.00,['Dry'],hydration
Salcura Antiac Activ Liquid Spray (50ml),https://www.lookfantastic.com/salcura-antiac-activ-liquid-spray-50ml/10597526.html,Mist,"aqua, glycerin, glyceryl cocoate, hydrogenated coconut oil, sunflower seed oil (helianthus annuus seed oil), lecithin, sodium cetearyl sulfate, cetearyl glucoside, polyglyceryl-3 caprylate (vegetable emulsifier), polyglyceryl-4 caprate (peg-free solubiliser), alcohol denat, zinc pca, arginine, bisabolol, glyceryl laurate, p-anisic acid, tea tree (melaleuca alternifolia leaf oil), sweet orange (citrus aurantium dulcis peel oil), eucalyptus (eucalyptus globulus leaf oil), english lavender (lavandula angustifolia oil), rosemary (rosmarinus officinalis leaf oil), manuka (leptospermum scoparium branch/leaf oil), peppermint (mentha piperita oil), neroli (citrus aurantium amara flower oil), safflower (carthamus tinctorius seed oil), sea buckthorn (hippophae rhamnoides kernel extract), sweet almond oil (prunus amygdalus dulcis oil), olive fruit oil (olea europaea fruit oil), aloe vera (aloe barbadensis leaf juice powder), grapeseed oil (vitis vinifera seed oil), maris sal, isononyl isononanoate, ceteareth-25, cetearyl alcohol, beta-carotene, phenoxyethanol, ethylhexylglycerin, caprylyl glycol, limonene, linalool.",£10.99,"['Dry', 'Oily', 'Sensitive']","acne, hydration, sensitivity, oil control"
Revolution Skincare Caffeine Essence Spray 100ml,https://www.lookfantastic.com/revolution-skincare-caffeine-essence-spray-100ml/12589087.html,Mist,"aqua (water), bis-peg-18 methyl ether dimethyl silane, glycerin, peg-40 hydrogenated castor oil, polysorbate 20, phenoxyethanol, caffeine, parfum (fragrance), ethylhexylglycerin, disodium edta, camellia sinensis leaf extract, citrus limon (lemon) fruit extract, hexyl cinnamal, limonene, linalool, sodium benzoate, citronellol, hydroxycitronellal, potassium sorbate, ci 19140 (yellow 5).",£6.00,['Dry'],"hydration, under-eye"
Sea Magik Sunsafe SPF50 Clear Spray 150ml,https://www.lookfantastic.com/sea-magik-sunsafe-spf50-clear-spray-150ml/12090617.html,Mist,"alcohol denat, octocrylene, homosalate, benzophenone-3, ethylhexyl salicylate, c12-15 alkyl benzoate, butyl methoxydibenzoylmethane, cyclopentasiloxane, diethylhexyl 2,6-naphthalate, acrylates/octylacrylamide copolymer, phenyl trimethicone, parfum, tocopheryl acetate (vitamin e), diethylhexyl syringylidenemalonate, caprylic/capric triglyceride, maris sal/sea salt (dead sea minerals).",£15.95,['Normal'],sun protection
Pestle & Mortar Balance Facial Spritz,https://www.lookfantastic.com/pestle-mortar-balance-facial-spritz/11887746.html,Mist,"aqua, glycerin, sea water extract, gentiana lutea (gentian) root extract, rhodiola rosea root extract, silybum marianum (milk thistle) extract, citrus tangerina (tangerine) extract, aspalathus linearis (red bush tea) leaf extract, aloe barbadensis leaf juice powder, ascorbic acid, leucine, valine, tyrosine, arginine, lysine, cysteine, sodium benzoate, potassium sorbate, sodium hydroxide, polysorbate-20, sodium lactate, phenoxyethanol.",£28.00,['Dry'],hydration
DHC Super Collagen Mist 50ml,https://www.lookfantastic.com/dhc-super-collagen-mist-50ml/11872190.html,Mist,"water, butylene glycol, glycerin, dipropylene glycol, pentylene glycol, poly (1,2-butanediol)-4 peg/ppg-29/9 methylglucose, phenoxyethanol, dihydroxypropyl arginine hcl, bis-ethoxydiglycol cyclohexane 1,4-dicarboxylate, trehalose, sodium citrate, dipeptide-8, citric acid.",£20.00,['Dry'],hydration
Revolution Skincare Superfruit Essence Spray 100ml,https://www.lookfantastic.com/revolution-skincare-superfruit-essence-spray-100ml/12589088.html,Mist,"aqua (water), bis-peg-18 methyl ether dimethyl silane, glycerin, peg-40 hydrogenated castor oil, polysorbate 20, phenoxyethanol, parfum (fragrance), ethylhexylglycerin, disodium edta, vaccinium angustifolium (blueberry) fruit extract, euterpe oleracea fruit extract, lycium chinense fruit extract, sambucus nigra fruit extract, potassium sorbate, sodium benzoate, ci 60730 (ext. violet 2).",£6.00,['Dry'],hydration
Murad Prebiotic 3-in-1 MultiMist 100ml,https://www.lookfantastic.com/murad-prebiotic-3-in-1-multimist-100ml/12042461.html,Mist,"water/aqua/eau, glycerin, propanediol, niacinamide, hydrolyzed yeast protein, caesalpinia spinosa fruit extract, kappaphycus alvarezii extract, saccharide isomerate, xylitylglucoside, anhydroxylitol, xylitol, zinc gluconate, caffeine, hydroxyethyl urea, urea, yeast amino acids, trehalose, inositol, taurine, betaine, butylene glycol, pentylene glycol, caprylhydroxamic acid, 1,2 hexanediol, divinyldimethicone/dimethicone copolymer, acrylates/polytrimethylsiloxymethacrylate copolymer, c12-13 pareth-3, c12-13 pareth-23, laureth-1 phosphate, polysorbate 20, fragrance (parfum).",£30.00,"['Dry', 'Oily', 'Normal']","acne, hydration, brightening, dark spots, oil control, under-eye"
Bloom and Blossom Rejuvenating Facial Spritz (100ml),https://www.lookfantastic.com/bloom-and-blossom-rejuvenating-facial-spritz-100ml/10556038.html,Mist,"aqua, aloe barbadensis leaf extract, equisetum arvense leaf extract, alchemilla vulgaris extract, polysorbate, citrus aurantifolia (lime) oil, centella asiatica extract, maltodextrin, silica, phenoxyethanol, ethylhexylglycerin, potassium sorbate, sodium benzoate, limonene, citral.",£12.00,"['Dry', 'Sensitive']","hydration, sensitivity"
Zelens PROVITAMIN D Fortifying Facial Mist 50ml,https://www.lookfantastic.com/zelens-provitamin-d-fortifying-facial-mist-50ml/12243341.html,Mist,"aqua (water), propanediol, glycerin, polyglyceryl-3 pca, betaine, caprylyl/capryl glucoside, beta vulgaris root extract, fructooligosaccharides, zinc pca, methyl cyclodextrin, 7-dehydrocholesterol, sodium pca, pca, perilla frutescens leaft extract, serine, proline, alanine, glycine, glutamic acid, lysine hci, threonine, arginine, levulinic acid, sodium lactate, potassium lactate, sodium levulinate, potassium sorbate, sodium hydroxide, lactic acid, glucose.",£55.00,"['Dry', 'Oily']","hydration, oil control, uneven texture"
Emma Hardie Plump and Glow Hydrating Mist 90ml,https://www.lookfantastic.com/emma-hardie-plump-and-glow-hydrating-mist-90ml/12184584.html,Mist,"aqua (water), propanediol, glycerin, polysorbate 20, ribose, sodium benzoate, mica, propylene glycol, phenoxyethanol, potassium sorbate, parfum (fragrance), polypodium vulgare rhizome extract, geraniol, limonene, sodium hydroxide, aloe barbadensis leaf juice powder, disodium edta, panthenol, citronellol, citric acid, amaranthus caudatus (velvet flower) seed extract, sodium hyaluronate, linalool, mentha aquatica extract, tin oxide, cetraria islandica thallus extract, sphagnum magellanicum extract, citral, farnesol, sorbic acid, ci 77891 (titanium dioxide).",£42.00,['Dry'],"hydration, sun protection"
Natio Refreshing Face Mist (75ml),https://www.lookfantastic.com/natio-refreshing-face-mist-75ml/10562381.html,Mist,"water (aqua), glycerin, rose (rosa spp) extract, cucumis sativus (cucumber) fruit extract, calendula officinalis flower extract, aloe barbadensis leaf juice, phenoxyethanol, methylparaben, propylparaben, phenethyl alcohol, propylene glycol, tetrasodium edta.",£8.40,"['Dry', 'Sensitive']","hydration, sensitivity"
Holika Holika Good Cera Super Ceramide Mist,https://www.lookfantastic.com/holika-holika-good-cera-super-ceramide-mist/11693550.html,Mist,"water, methylpropanediol, pentylene glycol, glycerin, diphenyl dimethicone, triethylhexanoin, polyglyceryl-10 myristate, xanthan gum, amaranthus caudatus seed extract, ulmus davidiana root extract, centella asiatica extract, ficus carica (fig) fruit extract, bacillus ferment, ethylhexylglycerin, sodium citrate, hydrogenated lecithin, carbomer, citric acid, disodium edta, dipropylene glycol, butylene glycol, decyl glucoside, citrus aurantium bergamot fruit oil, alteromon ferment filtrate, lavender angustifolia (lavender) oil, chamomilla recutita (matricaria) flower oil, citrus aurantium dulcis (orange) oil, cymbopogon schoenanthus oil, pelargonium graveolens flower oil, sodium lauroyl lactylate, glycerylamidoethyl methacrylate / stearyl methacrylatecopolymer, phytosphingosine, cholesterol, ceramide np, ceramide ap, ceramide eop.",£17.95,"['Dry', 'Sensitive', 'Normal']","hydration, sensitivity"
Piz Buin After Sun Instant Relief Mist Spray,https://www.lookfantastic.com/piz-buin-after-sun-instant-relief-mist-spray/11755221.html,Mist,"aqua, glycerin, isopropyl palmitate, petrolatum, dimethicone, hydrolyzed hyaluronic acid, isohexadecane, c12-20 alkyl glucoside, polysorbate 60, hydroxyethyl acrylate/sodium acryloyldimethyl taurate copolymer, c14-22 alcohols, sodium hydroxide, tocopherol, benzyl alcohol, chlorphenesin, parfum.",£14.50,['Dry'],"hydration, firmness"
Eve Lom Face Mist 15ml,https://www.lookfantastic.com/eve-lom-face-mist-15ml/12061603.html,Mist,"aqua (water), rosa damascena flower water, propanediol, betaine, xylitylglucoside, maris aqua (sea water), zinc pca, anhydroxylitol, ectoin, xylitol, polyglyceryl-4 caprate, potassium sorbate, disodium edta, polyquaternium-51, tephrosia purpurea seed extract, magnesium aspartate, zinc gluconate, rosa damascena flower oil, phenoxyethanol, copper gluconate, hydrolyzed rhodophyceae extract, ethylhexylglycerin, geraniol, citronellol.",£12.00,"['Dry', 'Oily']","hydration, oil control"
Sarah Chapman Skinesis Liquid Facial D-Stress 75ml,https://www.lookfantastic.com/sarah-chapman-skinesis-liquid-facial-d-stress-75ml/11735203.html,Mist,"aqua (water), pentylene glycol, polysorbate 20, phenoxyethanol, thermos thermophilus ferment, butylene glycol, ribose, sodium pca, decylene glycol, panthenol, cedrus atlantica bark oil, parfum (fragrance), 1,2-hexanediol, dipotassium glycyrrhizate, glycerin, jasminum officinale (jasmine) flower extract, pelargonium graveolens flower oil, santalum spicata wood oil, bisaccharide gum-2, biosaccharide gum-4, phenylethyl alcohol, phytol, rosa damascene flower oil, citric acid, ahnfeltia concinna extract, caprylyl glycol, methyl eugenol, alcohol, alpha-cedrene, geranyl acetate, indole, longifolene, tetramethyl-1-hexadecan-3-ol, biosaccharide gum-1, chlorphenesin, hexacarboxymethyl dipeptide-12, propylene glycol, acetyl tetrapeptide-40, acetyl hexapeptide-37, acetyl hexapeptide-49, sodium dehydroacetate, lactic acid/glycolic acid copolymer, palmitoyl tetrapeptide-50, polyvinyl alcohol, heptapeptide-15 palmitate, potassium sorbate, benzyl cinnamate, citral, eugenol, farnesol, hydroxycitronellal, nerol, anise alcohol, benzyl salicylate, cinnamal, cinnamyl alcohol, coumarin, isoeugenol, limonene, benzyl alcohol, benzyl acetate, benzyl benzoate, citronellol, geraniol, linalool.",£42.00,"['Dry', 'Oily']","hydration, uneven texture"
James Read Instant Bronzing Mist 200ml,https://www.lookfantastic.com/james-read-instant-bronzing-mist-200ml/11232350.html,Mist,"dimethyl ether, aqua/water/eau, alcohol denat., dihydroxyacetone, propylene glycol, erythrulose, glycerin, peg-40 hydrogenated castor oil, citric acid, tocopheryl acetate, aloe barbadensis leaf juice, squalane, ubiquinone, potassium sorbate, ci 16035 (red 40), ci 19140 (yellow 5), ci 42090 (blue 1).",£25.00,['Dry'],hydration
Jurlique Calendula Redness Rescue Calming Mist (100ml),https://www.lookfantastic.com/jurlique-calendula-redness-rescue-calming-mist-100ml/10922783.html,Mist,aqua (water); glycerin; polyglyceryl-10 laurate; calendula officinalis flower extract; echinacea purpurea extract; chamomilla recutita (matricaria) flower extract; prunella vulgaris leaf extract; spilanthes acmella flower extract; althaea officinalis root extract; hydrolyzed linseed extract; aloe barbadensis leaf extract; camellia sinensis leaf extract; crithmum maritimum extract; caprylic/capric triglyceride; anthemis nobilis flower extract; cucumis sativus (cucumber) fruit extract; citrus grandis (grapefruit) seed extract; phenoxyethanol; ethylhexylglycerin; sodium dehydroacetate; sodium benzoate.,£35.00,"['Dry', 'Sensitive']","hydration, sensitivity"
Lumene Nordic C [Valo] Glow Refresh Hydrating Mist 100ml,https://www.lookfantastic.com/lumene-nordic-c-valo-glow-refresh-hydrating-mist-100ml/11697316.html,Mist,"aqua (water), rubus chamaemorus (cloudberry) fruit juice extract, rubus chamaemorus (cloudberry) fruit extract, rubus chamaemorus (cloudberry) seed extract, phenoxyethanol, peg-40 hydrogenated castor oil, propanediol, glycerin, ethylhexylglycerin, maltodextrin, ascorbyl glucoside, disodium edta, sodium hydroxide, sodium citrate, citric acid, limonene, linalool, parfum (fragrance).",£17.90,['Dry'],hydration
OSKIA SPF Vitamin Mist 100ml,https://www.lookfantastic.com/oskia-spf-vitamin-mist-100ml/12190875.html,Mist,"zinc oxide, ethyl oleate, caprylic/capric triglyceride, diisopropyl adipate, isostearyl alcohol, octyldodecanol, echium plantagineum seed oil, titanium dioxide, parfum (natural fragrance), polyhydroxystearic acid, sorbitan isostearate, 7-dehydrocholesterol (provitamin d3), haematococcus pluvialis extract (astaxanthin), malachite extract, tocopherol (vitamin e), alaria esculenta extract, cardiospermum halicacabum flower/leaf/vine extract, helianthus annuus (sunflower) seed oil unsaponifiables, punica granatum (pomegranate) seed oil, rubus idaeus (raspberry) seed oil, vaccinium macrocarpon (cranberry) seed oil, fragaria ananassa (strawberry) seed oil, vaccinium corymbosum (blueberry) seed oil, capryloyl glycerin/sebacic acid copolymer, aluminium stearate, isostearic acid, alumina, aqua (water), polysorbate 20, gluconolactone, lecithin, sodium benzoate.",£46.00,"['Dry', 'Oily', 'Normal']","hydration, sun protection, oil control"
Holika Holika Aloe Soothing Essence 98% Mist,https://www.lookfantastic.com/holika-holika-aloe-soothing-essence-98-mist/12061939.html,Mist,"water, butylene glycol, 1,2-hexanediol, betaine, glycerin, aloe barbadensis leaf extract, ectoin, aloe barbadensis leaf juice, sodium hyaluronate, melissa officinalis leaf extract, dioscorea japonica root extract, laminaria japonica extract, pentylene glycol, centella asiatica extract, propanediol, gellan gum, ppg-26-buteth-26, peg-40 hydrogenated castor oil, sodium citrate, calcium chloride, ethylhexylglycerin, xanthan gum, citric acid, sodium benzoate, fragrance.",£19.95,"['Dry', 'Sensitive']","hydration, sensitivity"
ARK Skincare Hydrating Beauty Mist 150ml,https://www.lookfantastic.com/ark-skincare-hydrating-beauty-mist/11565069.html,Mist,"aqua (water), glycerin, polysorbate 20, phenoxyethanol, xylitylglucoside, anhydroxylitol, panthenol, lactic acid, xylitol, allantoin, aloe barbadensis leaf juice powder, ethylhexylglycerin, sodium pca, sodium lactate, sodium hyaluronate, mentha arvensis (peppermint) leaf oil, arginine, mentha aquatica extract, nymphaea coerulea flower extract, aspartic acid, phytic acid, pca, lycium barbarum (gojiberry) fruit extract, glycine, alanine, potassium sorbate, serine, limonene, valine, isoleucine, proline, threonine, sorbic acid, histidine, phenylalanine.",£25.00,"['Dry', 'Oily', 'Sensitive']","hydration, uneven texture"
BBB London Rosewater Mist 50ml,https://www.lookfantastic.com/bbb-london-rosewater-mist/11893225.html,Mist,"rosa damascena flower water, aqua (water), anthemis nobilis flower water, propanediol, polysorbate 20, panthenol, pentylene glycol, pvp, 1,2-hexanediol, gluconolactone, caprylhydroxamic acid, sodium benzoate, parfum (fragrance), sodium hydroxide, helianthus annuus (sunflower) seed oil, sodium hyaluronate, citronellol, rosa alba leaf cell extract, calcium gluconate.",£22.00,['Dry'],hydration
Natura Bissé C+C Vitamin Splash 200ml,https://www.lookfantastic.com/natura-bisse-c-c-vitamin-splash-200ml/11329131.html,Mist,"water (aqua), alcohol denat., peg-6 caprylic/capric glycerides, ethoxydiglycol, peg-40 hydrogenated castor oil, citrus aurantium amara (bitter orange) peel extract, citrusaurantium dulcis (orange) flower oil, citrus nobilis (mandarin orange) oil, citrus limon (lemon) peel oil, citrus paradisi (grapefruit) peel oil, propylene glycol, xylitylglucoside, anhydroxylitol, disodium edta, xylitol, arginine, citric acid, sodium hydroxide, phenoxyethanol, methylparaben, ethylparaben, butylparaben, propylparaben, fragrance (parfum), limonene, linalool, amyl cinnamal, geraniol, citral.",£42.00,['All'],general
Laura Mercier Perfecting Water Moisture Mist 200ml,https://www.lookfantastic.com/laura-mercier-perfecting-water-moisture-mist-200ml/11220356.html,Mist,"aqua (water), maris aqua (sea water), glycerin, betaine, butylene glycol, artemia extract, polyquaternium-51, carmellia sinensis lef powder, caprylic/capric triglyceride, trehalose, pyrus cydonia seed extract, sodium carboxymethyl dextran, 10-hydroxydecanoic acid, sebacic acid, 1,10-decanediol, tocopheryl acetate, citric acid, sodium citrate, disodium edta, pvm/ma decadiene crosspolymer, potassium hydroxide, glycereth-25 pca isostearate, methylparaben.",£31.00,['Dry'],hydration
Clinique Virtu-Oil Body Mist SPF30 144ml,https://www.lookfantastic.com/clinique-virtu-oil-body-mist-spf30-144ml/11420088.html,Mist,"alcohol denat., octyldodecyl neopentanoate, homosalate, butyloctyl salicylate, ethylhexyl salicylate, butyl methoxydibenzoylmethane, polyester-8, acrylates/octylacrylamide copolymer, ethylhexyl methoxycrylene, dimethicone, trimethylsiloxysilicate, tocopheryl acetate, ethylcellulose.",£23.00,['All'],general
Mauli Supreme Skin Rose Mist,https://www.lookfantastic.com/mauli-supreme-skin-rose-mist/12036905.html,Mist,"rosa damascena flower water, aloe barbadensis leaf juice (aloe vera juice), aqua, sodium hyaluronate (hyaluronic acid), curcuma longa root extract (tumeric extract), melia azadirachta leaf extract (neem extract), ocimum sanctum extract (tulsi extract), loniera caprifolium flower extract (japanese honeysuckle), lonicera japonica flower extract (japanese honeysuckle).",£36.00,"['Dry', 'Sensitive']","hydration, sensitivity, firmness"
Avant Skincare PH Balancing & Brightening Rose Infusion Day Mist 30ml,https://www.lookfantastic.com/avant-skincare-ph-balancing-brightening-rose-infusion-day-mist-30ml/11975758.html,Mist,"aqua (water), citric acid, disodium phosphate, ethylhexylglycerin, glycerin, hexyl cinnamal, laurtrimonium chloride, limonene, methyl 2-octynoate, parfum (fragrance), peg/ppg-20/6 dimethicone, phenoxyethanol, propanediol, rosa hybrid flower extract, sodium hyaluronate, sodium phosphate, vp/va copolymer.",£80.00,['Dry'],hydration
Jurlique Lavender Hydrating Mist 100ml,https://www.lookfantastic.com/jurlique-lavender-hydrating-mist-100ml/12174274.html,Mist,"aqua (water), polyglyceryl-10 laurate, glycerin, lavandula angustifolia (lavender) flower extract, althaea officinalis root extract, aloe barbadensis leaf extract, fragrance/parfum, potassium sorbate, phenoxyethanol, ethylhexylglycerin, sodium benzoate, citric acid, linalool, limonene.",£32.00,['Dry'],hydration
Salcura Antiac Acne Clearing Spray (100ML),https://www.lookfantastic.com/salcura-antiac-acne-clearing-spray-100ml/10597527.html,Mist,"aqua, aloe vera leaf juice (aloe barbadensis leaf juice), glycerin, caprylyl/capryl wheat bran/straw glycosides, tea tree leaf oil (melaleuca alternifolia leaf oil), lecithin, zinc pca, bisabolol, p-anisic acid, calendula extract (calendula officinalis extract), chamomile leaf extract (chamomilla recutita flower/leaf extract), sea buckthorn kernel extract (hippophae rhamnoides kernel extract), lavender oil (lavandula angustifolia oil), rosemary leaf oil (rosmarinus officinalis leaf oil), peppermint oil (mentha piperita oil), sweet orange peel oil (citrus aurantium dulcis peel oil), eucalyptus leaf oil (eucalyptus globulus leaf oil), tocopheryl acetate, cetearyl glucoside, fusel wheat bran/straw glycosides, phenoxyethanol, limonene, benzyl alcohol, decyl glucoside, glyceryl caprylate, polyglyceryl-5 oleate, sodium cocoyl glutamate, linalool, citral, geraniol, alcohol, arginine, glyceryl laurate, polyglyceryl-3 caprylate, polyglyceryl-4 caprate.",£16.99,"['Dry', 'Oily', 'Sensitive']","acne, hydration, sensitivity, oil control"
Löwengrip Moisture on the go Facial Mist 100ml,https://www.lookfantastic.com/lowengrip-moisture-on-the-go-facial-mist-100ml/12081480.html,Mist,"aqua (water), glycerin, propanediol, aloe barbadensis leaf juice, phenoxyethanol, caprylyl glycol, polysorbate 20, allantoin, caprylhydroxamic acid, niacinamide, sodium starch octenylsuccinate, maltodextrin, calcium pantothenate, sodium ascorbyl phosphate, tocopheryl acetate, pyridoxine hcl, silica, parfum (fragrance).",£16.00,"['Dry', 'Oily', 'Sensitive', 'Normal']","acne, hydration, brightening, dark spots, oil control, under-eye"
Armani Prima Mist 100ml,https://www.lookfantastic.com/armani-prima-mist-100ml/12203274.html,Mist,"aqua / water, caprylic/capric triglyceride, glycerin, alcohol denat., isopropyl myristate, sambucus nigra flower water, phenoxyethanol, dicaprylyl ether, chlorphenesin, rosa centifolia flower water, tocopherol, parfum / fragrance, tetrasodium glutamate diacetate, citric acid, simmondsia chinensis seed oil / jojoba seed oil, sodium benzoate, sodium hyaluronate, potassium sorbate, hexyl cinnamal, limonene, hydroxycitronellal, alpha-isomethyl ionone, linalool.",£34.00,['Dry'],hydration
The Ritual of Namasté Urban Hydrating Mist 100ml,https://www.lookfantastic.com/the-ritual-of-namaste-urban-hydrating-mist/12063702.html,Mist,"aqua/water, rosa damascena flower water, glycerin, nelumbo nucifera leaf cell extract, tephrosia purpurea seed extract, polygonum fagopyrum (buckwheat) seed extract, sodium hyaluronate, biosaccharide gum-1, polyglyceryl-4 caprate, propanediol, saccharide isomerate, sodium levulinate, glyceryl caprylate, citric acid, sodium citrate, sodium anisate, sodium hydroxide, potassium sorbate, sodium benzoate, benzyl alcohol, linalool, limonene, geraniol, citronellol, benzyl salicylate, citral, parfum/fragrance.",£19.90,['Dry'],hydration
Acorelle Pure Harvest Body Perfume - 100ml,https://www.lookfantastic.com/acorelle-pure-harvest-body-perfume-100ml/11577065.html,Mist,"alcohol, aqua, glycerin, fragrance, limonene, linalool.",£10.00,['Dry'],hydration
Jurlique Lavender Hydrating Mist 50ml,https://www.lookfantastic.com/jurlique-lavender-hydrating-mist-50ml/12174275.html,Mist,"aqua (water), polyglyceryl-10 laurate, glycerin, lavandula angustifolia (lavender) flower extract, althaea officinalis root extract, aloe barbadensis leaf extract, fragrance/parfum, potassium sorbate, phenoxyethanol, ethylhexylglycerin, sodium benzoate, citric acid, linalool, limonene.",£23.00,['Dry'],hydration
Natura Bissé Tolerance Toner 200ml,https://www.lookfantastic.com/natura-bisse-tolerance-toner-200ml/11329120.html,Mist,"water (aqua), glycerin, propylene glycol, peg-6 caprylic/capric glycerides, sambucus nigra flower extract, chamomilla recutita (matricaria) flower extract, camellia sinensis leaf extract, arginine, ethylhexylglycerin, pentylene glycol, urea, lactic acid, sodium lactate, serine, sorbitol, allantoin, sodium chloride, peg-40 hydrogenated castor oil, disodium edta, potassium sorbate, sodium benzoate, phenoxyethanol, fragrance (parfum), flavor (aroma), caramel.",£46.00,"['Dry', 'Oily', 'Sensitive']","hydration, uneven texture"
NIOD Superoxide Dismutase Saccharide Mist 240ml,https://www.lookfantastic.com/niod-superoxide-dismutase-saccharide-mist-240ml/11396689.html,Mist,"aqua (water), superoxide dismutase, pseudoalteromonas exopolysaccharides, mirabilis jalapa extract, arginine, propanediol, glycerin, butylene glycol, sodium salicylate, ppg-26-buteth-26, peg-40 hydrogenated castor oil, citric acid, trisodium ethylenediamine disuccinate, phenoxyethanol, chlorphenesin.",£34.00,['Dry'],hydration
Eve Lom Radiance Face Mist 48ml,https://www.lookfantastic.com/eve-lom-radiance-face-mist-48ml/11734868.html,Mist,"aqua (water), rosa damascena flower water, propanediol, betaine, xylitylglucoside, maris aqua (sea water), zinc pca, anhydroxylitol, ectoin, xylitol, polyglyceryl-4 caprate, potassium sorbate, disodium edta, polyquaternium-51, tephrosia purpurea seed extract, magnesium aspartate, zinc gluconate, geraniol, rosa damascena flower oil, phenoxyethanol, citronellol, copper gluconate, hydrolyzed rhodophyceae extract, ethylhexylglycerin.",£38.00,"['Dry', 'Oily']","hydration, oil control"
Clinique Take The Day Off Cleansing Balm 125ml,https://www.lookfantastic.com/clinique-take-the-day-off-cleansing-balm-125ml/11144730.html,Balm,"ethylhexyl palmitate, carthamus tinctorius (safflower) seed oil, caprylic/capric triglyceride, sorbeth-30 tetraoleate, polyethylene, peg-5 glyceryl triisostearate, water\aqua\eau, tocopherol, phenoxyethanol.",£25.00,['All'],general
NUXE Baume Levres Reve De Miel - Honey Lip Balm (15g),https://www.lookfantastic.com/nuxe-baume-levres-reve-de-miel-honey-lip-balm-15g/10548881.html,Balm,"cera alba/beeswax, butyrospermum parkii (shea) butter, olus oil/vegetable oil, lecithin, behenoxy dimethicone, prunus amygdalus dulcis (sweet almond) oil, mel/honey, dimethicone, caprylic/capric triglyceride, citrus grandis (grapefruit) peel oil, hydrogenated vegetable oil, rosa moschata seed oil, tocopheryl acetate, tocopherol, citrus limon (lemon) peel oil, glyceryl caprylate, allantoin, calendula officinalis flower extract, helianthus annuus (sunflower) seed oil, propolis extract, citric acid, limonene, citral, linalool, geraniol.",£10.00,"['Dry', 'Sensitive']",sensitivity
La Roche-Posay Cicaplast Baume B5 Soothing Repairing Balm 40ml,https://www.lookfantastic.com/la-roche-posay-cicaplast-baume-b5-soothing-repairing-balm-40ml/11091816.html,Balm,"aqua, water, hydrogenated polyisobutene, dimethicone, glycerin, butyrospermum parkii butter / shea butter, panthenol, propanediol, butylene glycol, aluminum starch octenylsuccinate, cetyl peg/ppg-10/1 dimethicone, trihydroxystearin, zinc gluconate, madecassoside, manganese gluconate, silica, aluminum hydroxide, magnesium sulfate, disodium edta, copper gluconate, capryloyl glycine, citric acid, acetylated glycol stearate, polyglyceryl-4 isostearate, tocopherol, pentaerythrityl tetra-di-t-butyl hydroxyhydrocinnamate, ci 77891 / titanium dioxide.",£7.50,"['Dry', 'Oily']","hydration, sun protection, oil control"
ELEMIS Pro-Collagen Rose Cleansing Balm 105g,https://www.lookfantastic.com/elemis-pro-collagen-rose-cleansing-balm-105g/11984195.html,Balm,"prunus amygdalus dulcis (sweet almond) oil, caprylic/capric triglyceride, peg-6 caprylic/capric glycerides, peg-8 beeswax, cetearyl alcohol, sorbitan stearate, sambucus nigra (elderberry) seed oil, peg-60 almond glycerides, fragrance (parfum), silica, avena sativa (oat) kernel oil, triticum vulgare (wheat) germ oil, butyrospermum parkii (shea) butter, citrus aurantium dulcis (orange) peel cera (wax), glycerin, lecithin, borago officinalis (starflower) seed oil, phenoxyethanol, cocos nucifera (coconut) oil, citronellol, geraniol, acacia decurrens (mimosa) flower wax, rosa multiflora (rose) flower cera (wax), tocopherol, rosa canina (rosehip) fruit oil, carthamus tinctorius (safflower) seed oil, benzyl salicylate, simmondsia chinensis (jojoba) seed oil, rose extract, pelargonium graveolens (geranium) oil, rosa damascena (rose) flower oil, rosa damascena (rose) extract, padina pavonica thallus extract, citric acid.",£44.00,['Dry'],hydration
Burt's Bees Beeswax Lip Balm Tube 4.25g,https://www.lookfantastic.com/burt-s-bees-beeswax-lip-balm-tube/10305659.html,Balm,"cera alba, cocos nucifera oil, helianthus annuus seed oil, mentha piperita oil, lanolin, tocopherol, rosmarinus officinalis leaf extract, glycine soja oil, canola oil (huile de colza), limonene.",£3.99,['Dry'],general
La Roche-Posay Cicaplast Baume B5 Soothing Repairing Balm 100ml,https://www.lookfantastic.com/la-roche-posay-cicaplast-baume-b5-soothing-repairing-balm-100ml/11091815.html,Balm,"aqua, water, hydrogenated polyisobutene, dimethicone, glycerin, butyrospermum parkii butter / shea butter, panthenol, propanediol, butylene glycol, aluminum starch octenylsuccinate, cetyl peg/ppg-10/1 dimethicone, trihydroxystearin, zinc gluconate, madecassoside, manganese gluconate, silica, aluminum hydroxide, magnesium sulfate, disodium edta, copper gluconate, capryloyl glycine, citric acid, acetylated glycol stearate, polyglyceryl-4 isostearate, tocopherol, pentaerythrityl tetra-di-t-butyl hydroxyhydrocinnamate, ci 77891 / titanium dioxide.",£14.00,"['Dry', 'Oily']","hydration, sun protection, oil control"
La Roche-Posay Cicaplast Baume B5 Repairing Balm SPF 50 40ml,https://www.lookfantastic.com/la-roche-posay-cicaplast-baume-b5-repairing-balm-spf-50-40ml/11259357.html,Balm,"aqua/water, homosalate, panthenol, ethylhexyl salicylate, butyl methoxydibenzoylmethane, octocrylene, alcohol denat., bis-ethylhexyloxyphenol methoxyphenyl triazine, styrene/acrylates copolymer, ethylhexyl triazone, triethanolamine, dimethicone, phenylbenzimidazole sulfonic acid, peg-8 laurate, sorbitan oleate, zinc gluconate, madecassoside, manganese gluconate, isohexadecane, sodium acrylates crosspolymer-2, silica, 2-oleamido-1, 3-octadecanediol, perlite, drometrizole trisiloxane, poloxamer 338, disodium edta, copper gluconate, caprylyl glycol, polysorbate 80, acrylamide/sodium acryloyldimethyltaurate copolymer, acrylates/c10-30 alkyl acrylate crosspolymer, bht, tocopherol, phenoxyethanol.",£8.00,"['Dry', 'Oily']","hydration, sun protection, oil control"
Burt's Bees Pomegranate Lip Balm Tube 4.25g,https://www.lookfantastic.com/burt-s-bees-pomegranate-lip-balm-tube/10302542.html,Balm,"helianthus annuus seed oil, cera alba, cocos nucifera oil, ricinus communis seed oil, lanolin, aroma, punica granatum seed oil, tocopherol, rosmarinus officinalis leaf extract, glycine soja oil, canola oil (huile de colza), carmine, benzyl salicylate, cinnamal, citral, eugenol, geraniol, hydroxycitronellal, limonene, linalool.",£3.99,['Dry'],general
Dr. PAWPAW Outrageous Orange Balm 25ml,https://www.lookfantastic.com/dr.-pawpaw-outrageous-orange-balm-25ml/12060100.html,Balm,"petrolatum, olea europaea (olive) oil, carica papaya fruit extrac, aloe barbadensis leaf extract, helianthus annuus (sunflower) seed oil, glycine soja (soybean) oil, ci 15850 (red 6 lake), ci 19140 (yellow 5 lake), ci 77891 (titanium dioxide).",£4.00,['All'],sun protection
Lanolips 101 Ointment Multi-Balm - Coconutter 10g,https://www.lookfantastic.com/lanolips-101-ointment-multi-balm-coconutter-10g/11858968.html,Balm,"lanolin, flavour, tocopherol acetate (vitamin e), cocos nucifera (coconut) oil.",£8.99,"['Dry', 'Normal']",general
DECLÉOR Aromessence Neroli Amara Night Balm 15ml,https://www.lookfantastic.com/decleor-aromessence-neroli-amara-night-balm-15ml/11666428.html,Balm,"corylus avellana seed oil / hazelnut seed oil , cera alba / beeswax, oenothera biennis oil / evening primrose oil, persea gratissima oil / avocado oil, copernicia cerifera cera / carnauba wax, citrus aurantium amara leaf/twig oil - bitter orange leaf/twig oil, limonene, linalool, citrus aurantium dulcis peel oil / orange peel oil, tocopherol, citrus aurantium amara flower oil / bitter orange flower oil anthemis nobilis flower oil, fusanus spicatus wood oil, geraniol, helianthus annuus seed oil / sunflower seed oil, farnesol, cananga odorata flower oil, vanilla planifolia fruit extract, citral, benzyl alcohol, benzyl benzoate, benzyl salicylate.",£32.20,['All'],general
Burt's Bees Honey Lip Balm Tube 4.25g,https://www.lookfantastic.com/burt-s-bees-honey-lip-balm-tube/10302464.html,Balm,"cera alba, cocos nucifera oil, helianthus annuus seed oil, aroma, lanolin, mel, ammonium glycyrrhizate, tocopherol, rosmarinus officinalis leaf extract, glycine soja oil, canola oil (huile de colza), benzyl benzoate, benzyl cinnamate.",£3.99,['Dry'],general
AMELIORATE Intensive Lip Treatment 15ml,https://www.lookfantastic.com/ameliorate-intensive-lip-treatment-15ml/12006887.html,Balm,"aqua/water/eau, lanolin, glycerin, cetearyl alcohol, squalane, butyrospermum parkii (shea) butter, glyceryl stearate, peg‐100 stearate, c10‐30 cholesterol/lanosterol esters, peg‐8 beeswax, prunus amygdalus dulcis (sweet almond) oil, aroma (flavor), avena sativa (oat) kernel oil, cucumis sativus (cucumber) oil, dimethicone, phenoxyethanol, phytosteryl/octyldodecyl lauroyl glutamate, sesamum indicum (sesame) seed oil, sodium benzoate, phospholipids, potassium sorbate, pentylene glycol, xanthan gum, calcium pca, hydrolyzed milk protein, stearic acid, disodium edta, lactic acid, serine, sodium lactate, sorbitol, urea, saccharin, palmitic acid, sucrose stearate, bht, phenethyl alcohol, sodium anisate, sodium chloride, sodium levulinate, citric acid, aloe barbadensis leaf (aloe vera) juice powder, glyceryl caprylate, nigella sativa (blackseed) seed oil, tocopherol, helianthus annuus (sunflower) seed oil, allantoin, p‐anisic acid.",£15.00,"['Dry', 'Oily', 'Sensitive']","hydration, sensitivity, uneven texture"
Burt's Bees Lip Balm - Ultra Conditioning 4.25g,https://www.lookfantastic.com/burt-s-bees-lip-balm-ultra-conditioning-4.25g/10591864.html,Balm,"cocos nucifera (coconut) oil, olea europaea (olive) fruit oil, helianthus annuus (sunflower) seed oil, helianthus annuus (sunflower) seed wax, persea gratissima (avocado) oil, olus (vegetable oil), cera alba (beeswax, cire d'abeille), sclerocarya birrea seed oil, soybean glycerides, theobroma cacao (cocoa) seed butter, garcinia indica seed butter, butyrospermum parkii (shea) butter, butyrospermum parkii (shea butter) unsaponifiables, cymbopogon martini oil, citrus aurantium dulcis (orange) oil, salvia sclarea (clary) oil, tocopherol, myroxylon pereirae (balsam peru) oil, vanilla planifolia fruit extract, illicium verum (anise) fruit/seed oil, cananga odorata flower oil, glycine soja (soybean) oil, citric acid, geraniol, linalool, benzyl benzoate.",£3.99,['Dry'],general
Burt's Bees Lip Balm - Mango Lip Balm Tubes 4.25g,https://www.lookfantastic.com/burt-s-bees-lip-balm-mango-lip-balm-tubes-4.25g/10591866.html,Balm,"helianthus annuus seed oil, cocos nucifera oil, cera alba, aroma, ricinus communis seed oil, mangifera indica seed butter, lanolin, ammonium glycyrrhizinate, tocopherol, rosmarinus officinalis leaf extract, glycine soja oil, canola oil (huile de colza), limonene, linalool.",£3.99,['Dry'],general
Maybelline Baby Lips Cherry Me,https://www.lookfantastic.com/maybelline-baby-lips-cherry-me/10846607.html,Balm,"polybutene, octyldodecanol, petrolatum, isopropyl myristate, polyethylene, ozokerite, diisostearyl malate, butyrospermum parkii butter/shea butter, candelilla cera/candelilla wax/lire de candelilla, vp/hexadecene copolymer, alumina, synthetic fluorphlogopite, aroma/flavor, pentaerythrityl tetra-di-t-butyl hydroxyhydrocinnamate, tocopheryl, tocopheryl acetate, calcium aluminum borosilicate, limonene, silica, benzyl alcohol mel/honey/miel, centella asiatica extract, aluminum hydroxide, linalool, citral benzyl benzoate, tin oxide, hexyl cinnamal eugenol, calcium sodium borosilicate, bht, dimethicone citric acid, parfum/fragrance. [+/- may contain: ci 11891/titanium dioxide, ci 45410/red 28 lake, ci 45380/red 22 lake, mica, ci 77491, ci 77492, ci 77499/iron oxides ci 15850/red 7, ci 15985/yellow 6 lake, ci 19140/yellows lake, ci 42090/blue i lake, ci 75470/carmine].",£3.99,"['Dry', 'Sensitive']","sensitivity, sun protection"
Omorovicza Perfecting Lip Balm (10ml),https://www.lookfantastic.com/omorovicza-perfecting-lip-balm-10ml/10872699.html,Balm,"ricinus communis (castor) seed oil, diisostearyl polyglyceryl-3 dimer dilinoleate, cera alba (beeswax), theobroma cacao (cocoa) seed butter, ethylhexyl palmitate, butyrospermum parkii (shea butter), lanolin, prunus domestica (plum) seed extract, prunus armeniaca (apricot) kernel oil, menthyl pca, helianthus annuus (sunflower) seed oil, benzyl alcohol, aroma (flavor), tribehenin, safflower oil/palm oil aminopropanediol esters, calendula officinalis flower extract, ascorbyl tetraisopalmitate, tocopherol, silica dimethyl silylate, aqua (water), dehydroacetic acid, phenoxyethanol, sorbitan isostearate, sodium saccharin, eucalyptus globulus leaf oil, mica, limonene, benzyl salicylate, linalool, sodium hyaluronate, citronellol, palmitoyl oligopeptide, ci 77891 (titanium dioxide), ci 75470 (carmine).",£34.00,"['Dry', 'Sensitive']","sensitivity, sun protection"
DECLÉOR Aromessence Ylang Ylang Night Balm 15ml,https://www.lookfantastic.com/decleor-aromessence-ylang-ylang-night-balm-15ml/10612304.html,Balm,"corylus avellana (hazel) seed oil, camellia kissi seed oil, cera alba (beeswax), simmondsia chinensis (jojoba) seed oil, passiflora edulis seed oil, butyrospermum parkii (shea butter), theobroma grandiflorum fruit extract, copernicia cerifera cera (carnauba wax), citrus medica limonum (lemon) peel oil, lavandula angustifolia (lavender) oil, limonene, rosmarinus officinalis (rosemary) leaf oil, linalool, salvia sclarea (clary) oil, cananga odorata flower oil, tocopherol, eugenia caryophyllus (clove) flower oil, glycine soja (soybean) oil, eugenol, citral, benzyl benzoate, geraniol, benzyl salicylate, farnesol, coumarin.",£31.50,['Dry'],general
Mama Mio Keep Calm Nipple Balm 30ml,https://www.lookfantastic.com/mama-mio-keep-calm-nipple-balm-30ml/12078041.html,Balm,"olus oil/vegetable oil/huile végétale, butyrospermum parkii (shea) butter, glyceryl rosinate, cocos nucifera (coconut) oil, ricinus communis (castor) seed oil, olea europaea (olive) oil unsaponifiables, argania spinosa kernel oil, persea gratissima (avocado) oil, plukenetia volubilis (inca inchi) seed oil, tocopherol, helianthus annuus (sunflower) seed oil.",£12.00,['All'],general
yes to Coconut Cleansing Balm 120g,https://www.lookfantastic.com/yes-to-coconut-cleansing-balm/11768810.html,Balm,"prunus amygdalus dulcis (sweet almond) oil, caprylic/capric triglyceride, ricinus communis (castor) seed oil, hydrogenated castor oil, copernicia cerifera (carnauba) wax, beeswax, ricinus communis (castor) oil, polyglyceryl-3 palmitate, polyglyceryl-2 caprate, cocos nucifera (coconut) oil, simmondsia chinensis (jojoba) seed oil, sesamum indicum (sesame) seed oil, phenoxyethanol, fragrance (parfum).",£9.99,['All'],general
Lanolips Rose Gold 101 Ointment For Lips + Cheeks 9g,https://www.lookfantastic.com/lanolips-rose-gold-101-ointment-for-lips-cheeks-9g/12191166.html,Balm,"lanolin, lanolin cera (wax), cera alba (beeswax), ricinus communis (castor) seed oil, mica, aroma (flavour), tocopherol (vit e), benzyl alcohol, helianthus annuus (sunflower) seed oil, tin oxide, limonene, ci 77891 (titanium dioxide), ci 15850 (red 7 lake), ci 77491 (iron oxide).",£13.00,['Dry'],sun protection
Frank Body Lip Balm Original 15ml,https://www.lookfantastic.com/frank-body-lip-balm-original-15ml/11771316.html,Balm,"lanolin, lanolin cera, olea europaea (olive) fruit oil, coco-caprylate/caprate, beeswax (cera alba), carthamus tinctorius (safflower) seed oil, tricaprylin, vitis vinifera (grape) seed oil, olus (vegetable) oil, cocos nucifera (coconut) oil, coffea arabica (coffee) seed oil, vitis vinifera (grape) fruit extract, tocopherol (vitamin e), glycine soja (soybean) oil, stevioside, caprylic/capric triglyceride, ethyl macadamiate (macadamia oil).",£6.95,"['Dry', 'Normal']",general
REN Clean Skincare Evercalm Overnight Recovery Balm 30ml,https://www.lookfantastic.com/ren-clean-skincare-evercalm-overnight-recovery-balm/11791500.html,Balm,"coco-caprylate/caprate, glycerin, aqua (water), almond/borage/linseed/olive acids/glycerides, polyglyceryl-6 distearate, jojoba esters, oryza sativa starch, cetyl alcohol, glyceryl stearate, helianthus annuus (sunflower) seed oil unsaponifiables, glyceryl caprylate, polyglyceryl-3 beeswax, sodium stearoyl glutamate, benzyl alcohol, parfum (fragrance), hippophae rhamnoides oil, tocopherol, magnesium carboxymethyl beta-glucan, dehydroacetic acid, eclipta prostrata extract, eclipta prostrata leaf extract, moringa oleifera seed oil, helianthus annuus (sunflower) seed oil, rosmarinus officinalis leaf extract, citronellol, geraniol, limonene, linalool.",£40.00,['Dry'],hydration
Rituals The Ritual of Sakura Hand Balm 175ml,https://www.lookfantastic.com/rituals-the-ritual-of-sakura-hand-balm-175ml/11622133.html,Balm,"aqua/water, glycerin, ce- tearyl alcohol, cyclopentasiloxane, tri- heptanoin, cyclohexasiloxane glyceryl stearate se, butyrospermum parkii (shea butter), panthenol, dimethicone, ce- teareth-20, oryza sativa (rice) extract, prunus avium (sweet cherry fruit) extract, allantoin, propylene glycol, sodium meta- bisulfite, magnesium aspartate, zinc gluco- nate, copper gluconate, sodium phytate, alcohol, ethylhexylglycerin, tocopherol, parfum/fragrance, benzyl salicylate,  cin- namyl alcohol, citronellol, coumarin, ge- raniol, hexyl cinnamal, isoeugenol, linalo- ol, butylphenyl methylpropional, al- pha-isomethyl ionone, limonene, phe- noxyethanol, potassium sorbate, sorbic acid, lactic acid, citric acid, sodium citrate.",£9.90,"['Dry', 'Oily', 'Sensitive']","hydration, oil control, uneven texture"
Lanolips 101 Ointment Multi-Balm - Peach 10g,https://www.lookfantastic.com/lanolips-101-ointment-multi-balm-peach-10g/11323340.html,Balm,pure medical grade lanolin.,£8.99,['Dry'],general
DECLÉOR Green Mandarin Night Balm 15ml,https://www.lookfantastic.com/decleor-green-mandarin-night-balm-15ml/12085505.html,Balm,"helianthus annuus seed oil / sunflower seed oil, prunus armeniaca kernel oil / apricot kernel oil, cera alba / beeswax, macadamia integrifolia seed oil, sclerocarya birrea seed oil,  butyrospermum parkii butter / shea butter, cocos nucifera oil / coconut oil, limonene, copernicia cerifera cera / carnauba wax, citrus nobilis peel oil / mandarin orange peel oil, citrus limon peel oil / lemon peel oil, citrus aurantium dulcis peel oil / orange peel oil, daucus carota sativa root extract / carrot root extract, tocopherol, fusanus spicatus wood oil, gardenia taitensis flower, jasminum sambac flower extract / jasmine flower extract, citrus paradisi peel oil / grapefruit peel oil, citral, linalool, benzyl alcohol, farnesol, geraniol, citric acid.",£35.00,['Dry'],general
Weleda Lip Balm (4.8g),https://www.lookfantastic.com/weleda-lip-balm-4.8g/10540653.html,Balm,"simmondsia chinensis (jojoba) seed oil, beeswax (cera alba), butyrospermum parkii (shea) butter, euphorbia cerifera (candelilla) wax, rosa damascena flower wax, copernicia cerifera (carnauba) wax, vanilla planifolia fruit extract, rosa damascena extract, citronellol, benzyl alcohol, geraniol, citral, eugenol, farnesol.",£4.95,['All'],general
PIXI Rose Flash Balm 45ml,https://www.lookfantastic.com/pixi-rose-flash-balm-45ml/11463635.html,Balm,"water/aqua/eau, rosa centifolia flower water, propylene glycol, octyldodecanol, tapioca starch, polysorbate 60, sorbitan stearate, carbomer, phenoxyethanol, triethyl citrate, aminomethyl propanol, sucrose cocoate, glycerin, olea europaea (olive) leaf extract, hamamelis virginiana (witch hazel) extract, rose extract, bisabolol, ethylhexylglyercin, polymethylsilsesquioxane, disodium edta, sodium citrate, red 40 (ci 16035).",£26.00,"['Dry', 'Oily', 'Sensitive']",hydration
Balance Me Cleanse and Smooth Face Balm 125ml,https://www.lookfantastic.com/balance-me-cleanse-and-smooth-face-balm-125ml/11419252.html,Balm,"prunus amygdalus dulcis (sweet almond) oil, cera alba (beeswax), avena sativa (oat) kernel flour, butyrospermum parkii (shea) butter, mangifera indica (mango) seed butter, polyglyceryl-3 dicitrate/stearate, hydroxystearic/linolenic/oleic polyglycerides, theobroma cacao (cocoa) seed butter, rosa canina (rosehip) fruit oil, camellia oleifera (camellia) seed oil, aleurites moluccana (kukui) seed oil, cocos nucifera (virgin coconut) oil, rubus chamaemorus (cloudberry) seed extract, vitis vinifera (grape) seed oil, citrus nobilis (mandarin red) peel oil, anthemis nobilis (roman chamomile) flower oil, citrus aurantium amara (petitgrain/bitter orange) leaf/twig oil, litsea cubeba (may chang) fruit oil, coriandrum sativum (coriander) seed oil, cananga odorata (ylang ylang) flower oil, helianthus annuus (sunflower) seed oil, rosmarinus officinalis (rosemary) extract, tocopherol (vitamin e), limonene, linalool, citral, geraniol.",£16.00,"['Sensitive', 'Normal']",sensitivity
First Aid Beauty Ultra Repair Intensive Lip Balm (10g),https://www.lookfantastic.com/first-aid-beauty-ultra-repair-intensive-lip-balm-10g/11244945.html,Balm,"cera alba (beeswax, cire d'abeille), carthamus tinctorius (safflower) seed oil, aqua (water), prunus amygdalus dulcis (sweet almond) oil, butyrospermum parkii (shea) butter, lecithin, theobroma cacao (cocoa) seed butter, caprylic/capric triglyceride, glycerin, flavor (aroma), triticum vulgare (wheat) germ oil, colloidal oatmeal, urea, honey (mel, miel), chrysanthemum parthenium (feverfew) extract, camellia sinensis leaf extract, glycyrrhiza glabra (licorice) root extract, propolis extract, allantoin, vanilla planifolia fruit extract, butylene glycol, caprylyl glycol, phenoxyethanol, leuconostoc/radish root ferment filtrate, sodium hydroxide, edta, eugenol.",£16.00,"['Dry', 'Sensitive']","hydration, brightening, dark spots"
Dr. PAWPAW Original Balm 100ml,https://www.lookfantastic.com/dr.-pawpaw-original-balm-100ml/12060103.html,Balm,"petrolatum, olea europaea (olive) fruit oil, carica papaya fruit extract, aloe barbadensis leaf juice.",£18.99,['All'],general
Dr Hauschka Lip Balm 4.5ml,https://www.lookfantastic.com/dr-hauschka-lip-balm-4.5ml/10964000.html,Balm,"ricinus communis (castor) seed oil, beeswax (cera alba), arachis hypogaea (peanut) oil, daucus carota sativa (carrot) root extract, anthyllis vulneraria extract, prunus armeniaca (apricot) kernel oil, calendula officinalis flower extract, helianthus annuus (sunflower) seed oil, theobroma cacao (cocoa) seed butter, hypericum perforatum flower/leaf extract, silk (serica) powder, triticum vulgare (wheat) germ oil, simmondsia chinensis (jojoba) seed oil, triticum vulgare (wheat) bran extract, lecithin, fragrance (parfum), citronellol, geraniol, linalool, farnesol, benzyl benzoate, citral, eugenol, benzyl alcohol, benzyl salicylate.",£10.50,['Sensitive'],sensitivity
By Terry Baume de Rose Flaconnette 7ml,https://www.lookfantastic.com/by-terry-baume-de-rose-flaconnette-7ml/11722240.html,Balm,"ricinus communis (castor) seed oil, synthetic wax, tridecyl trimellitate, hydroxystrearic/linolenic/oleic polyglycerides, diisostearyl malate, methyl hydrogenated rosinate, hydrogenated polyisobutene, ethylhexyl methoxycinnamate, polyethylene, butyl methoxydibenzoylmethane, butyrospermum parkii (shea) butter, stearalkonium hectorite, corylus avellana (hazel) seed oil, parfum / fragrance, c20-40 acid, tocopherol, ci 77891 / titanium dioxide, caprylic/capric triglyceride, ethylhexyl palmitate, propylene carbonate, geraniol, rosa centifolia flower (wax) cera, rosa damascena flower (wax) cera, trihydroxypalmitamidohydroxypropyl myristyl ether, citronellol, alumina, aluminum stearate, polyhydroxystearic acid, mica, citric acid, silica dimethyl silylate, benzyl benzoate, bht, butylene glycol, caprylyl glycol, ci 75470 / carmine, eugenol, phenoxyethanol, citral, sodium hyaluronate, hexylene glycol.",£32.50,['All'],sun protection
DECLÉOR Aromessence Magnolia Youthful Night Balm 15ml,https://www.lookfantastic.com/decleor-aromessence-magnolia-youthful-night-balm-15ml/11349235.html,Balm,"corylus avellana seed oil/hazelnut seed oil, simmondsia chinensis seed oil/jojoba seed oil, cocos nucifera oil/coconut oil, linalool, michelia alba leaf oil, cymbopogon martini oil, pelargonium graveolens flower oil, citrus limon peel oil/lemon peel oil, limonene, cananga odorata flower oil, tocopherol, citronellol, jasminum officinale oil/jasmine oil, geraniol, zingiber officinale root oil/ginger root oil, fusanus spicatus wood oil, benzyl benzoate, gardenia tahitensis flower extract, benzyl alcohol, citral, farnesol, rosa damascena flower oil, helianthus annuus seed oil/sunflower seed oil, mentha piperita oil/peppermint oil, benzyl salicylate, eugenol.",£46.20,['All'],general
REN Rosa Centifolia No.1 Purity Cleansing Balm,https://www.lookfantastic.com/ren-rosa-centifolia-no.1-purity-cleansing-balm/11994619.html,Balm,"prunus amygdalus dulcis (sweet almond) oil, cetearyl ethylhexanoate, glyceryl cocoate, caprylic/capric triglyceride, glyceryl stearate, glyceryl dibehenate, tribehenin, glyceryl behenate, butyrospermum parkii (shea butter), sodium cocoyl glutamate, parfum (fragrance), rosa centifolia flower extract, cymbopogon martini oil, viola odorata extract, anthemis nobilis (chamomile) flower oil, lecithin, benzyl alcohol, oryzanol, tocopherol, citronellol, geraniol, eugenol, linalool.",£23.00,"['Dry', 'Sensitive']",sensitivity
Dr. PAWPAW Hot Pink Balm 25ml,https://www.lookfantastic.com/dr.-pawpaw-hot-pink-balm-25ml/12060101.html,Balm,"petrolatum, olea europaea (olive) oil, carica papaya fruit extract, aloe barbadensis leaf extract, helianthus annuus (sunflower) seed oil, glycine soja (soybean) oil, ci 77491 (iron oxide), ci 77499 (iron oxide), ci 77891 (titanium dioxide)",£6.95,['All'],sun protection
Lanolips Tinted SPF30 Balm - Red Apple 12.5g,https://www.lookfantastic.com/lanolips-tinted-spf30-balm-red-apple-12.5g/11121835.html,Balm,"lanolin, theobroma cacao seed butter, ricinus communic seed oil / titanium dioxide, cera alba/beeswax/cire d'abeille, ethylhexyl methoxycinnamate(spf), benzophenone-3 (spf), butyl methoxydibenzoylmethane (spf), butyrospermum parkii butter, octocrylene (spf), vitis vinifera (grape) seed oil, tocopherol (vit e) , (nat) aroma, prunus amygdalus (sweet almond) dulcis oil, cocos (coconut) nucifera oil +/-  hydrogenated polydecene, hydroxystearic acid, mica (ci77019), titanium dioxide (ci 77891), red 28 lake (45410),  red 33 lake (17200), yellow 5 lake (19140), red 6 (15850), iron oxides (ci77491)",£8.99,['Dry'],sun protection
Spa Magik Organiks Wrinkle Therapy Moisture Melt Cleansing Balm 100ml,https://www.lookfantastic.com/spa-magik-organiks-wrinkle-therapy-moisture-melt-cleansing-balm/11391759.html,Balm,"dead sea salt (maris sal), persea gratissima (avocado) oil, citrus aurantium bergamia (bergamot) fruit oil, santalum album (sandalwood) oil, citrus medica limonum (lemon) peel oil, cedrus atlantica (cedarwood) bark oil, pogostomon cablin (patchouli) oil, myroxylon pereirae (balsam peru) oil, dipteryx odorata bean extract, vetiveria zizanoides root oil, cinnamomum cassia oil, elettaria cardamomum (cardamon) seed oil, fragrance (parfum), lavandula angustifolia (lavender) oil, aloe barbadensis (aloe vera) leaf juice, opuntia streptacantha (cactus) stem extract & glycerin & phenoxyethanol, simmondsia chinensis (jojoba) seed oil, olea europaea (olive) fruit oil, limonene.",£14.95,"['Dry', 'Sensitive']","hydration, sensitivity"
Uriage Xémose Anti-Itch Soothing Oil Balm 500ml,https://www.lookfantastic.com/uriage-xemose-anti-itch-soothing-oil-balm-500ml/12087912.html,Balm,"aqua (water), c13-15 alkane, hydrogenated polydecene, butyrospermum parkii (shea butter), cetearyl ethylhexanoate, isononyl isononanoate, beheneth-25, butylene glycol, glycerin, 1,2-hexanediol, shorea stenoptera seed butter, brassica campestris (rapeseed) sterols, chlorphenesin, xanthan gum, acrylates/c10-30 alkyl acrylate crosspolymer, sodium polyacrylate, o-cymen-5-ol, tocopheryl acetate, raspberry seed oil/palm oil, aminopropanediol esters, sodium hydroxide, asiaticoside, phytosphingosine, borage seed oil aminopropanediol amides, citric acid.",£20.89,['Dry'],hydration
benefit Dr Feelgood Velvety Complexion Balm,https://www.lookfantastic.com/benefit-dr-feelgood-velvety-complexion-balm/10552556.html,Balm,"corn starch modified, diethylene glycol diethylhexanoate, neopentylglycol dicaprylate/dicaprate, isostearyl neopentanoate, silica, polyethylene, tridecyl trimellitate, ethylhexyl isononanoate, copernicia cerifera (carnauba) wax, diethylene glycol diisononanoate, tocopherol linoleate, fragrance (parfum), retinyl palmitate, benzyl salicylate, linalool, ascorbyl palmitate, citronellol, geraniol, amyl cinnamal, limonene, tocopherol, bht.",£29.00,['All'],general
Jurlique Rose Love Balm (15ml),https://www.lookfantastic.com/jurlique-rose-love-balm-15ml/10554571.html,Balm,"olea europaea (olive) fruit oil, cera alba (beeswax), cetearyl alcohol, carthamus tinctorius (safflower) seed oil, caprylic/capric triglyceride, fragrance (parfum), glycine soja (soybean) oil, calendula officinalis flower extract, chamomilla recutita (matricaria) flower extract, althaea officinalis root extract, rosa gallica flower extract, bellis perennis (daisy) flower extract, viola odorata extract, viola tricolor extract, echinacea purpurea extract, bisabolol, tocopherol, phenoxyethanol, ethylhexylglycerin, totarol, dehydroacetic acid, citral, eugenol, geraniol, linalool, citronellol.",£12.00,"['Dry', 'Sensitive']","hydration, sensitivity"
Aurelia Probiotic Skincare Refine and Polish Miracle Balm 75ml,https://www.lookfantastic.com/aurelia-probiotic-skincare-refine-and-polish-miracle-balm-75ml/11218936.html,Balm,"caprylic/capric triglyceride, glycerin, prunus amygdalus dulcis (sweet almond) oil, yogurt powder, oryza sativa (rice) bran wax, sucrose laurate, aqua (water), bifida ferment lysate, cetyl esters, schinziophyton rautanenii kernel oil, citrus aurantium dulcis (orange) fruit water, vaccinium myrtillus fruit extract, olea europaea (olive) fruit oil, eucalyptus globulus leaf oil, rosmarinus officinalis (rosemary) leaf oil, sucrose palmitate, saccharum officinarum (sugar cane) extract, citrus aurantium bergamia (bergamot) fruit oil, citrus aurantium dulcis (orange) fruit extract, citrus limon (lemon) fruit extract, anthemis nobilis flower oil, acer saccharum (sugar maple) sap extract, tocopheryl acetate, lactis proteinum (milk protein), adansonia digitata fruit extract, hibiscus sabdariffa flower extract, kigelia africana fruit extract, benzyl alcohol, citric acid, lactose, dehydroacetic acid, limonene, linalool.",£45.60,['Dry'],hydration
Rituals The Ritual of Ayurveda Hand Balm 175ml,https://www.lookfantastic.com/rituals-the-ritual-of-ayurveda-hand-balm-175ml/11622137.html,Balm,"aqua/water, glycerin, cyclopentasiloxane, triheptanoin, cyclohexasiloxane, cetearyl alcohol, glyceryl stearate se, butyrospermum parkii (shea) butter, panthenol, ceteareth-20, dimethicone, rosa damascena, flower water, prunus amygdalus dulcis, (sweet almond) oil, allantoin, magnesium, aspartate, zinc gluconate, copper, gluconate, phytic acid, ethylhexylglycerin, tocopherol, parfum/fragrance, benzyl benzoate, citral, citronellol, coumarin, hexyl cinnamal, linalool, butylphenyl methylpropional, limonene, phenoxyethanol, sodium benzoate, potassium sorbate, sorbic acid, lactic acid, citric acid, sodium hydroxide.",£9.90,"['Dry', 'Oily', 'Sensitive']","hydration, oil control, uneven texture"
Rodial Bee Venom Cleansing Balm 100ml,https://www.lookfantastic.com/rodial-bee-venom-cleansing-balm-100ml/11289498.html,Balm,"prunus amygdalus dulcis (sweet almond) oil, glycerin, glyceryl behenate, peg-8 caprylic/capric glycerides, polyglyceryl-3 diisostearate, simmondsia chinensis (jojoba) seed oil, polysorbate 20, prunus armeniaca (apricot) kernel oil, triticum vulgare (wheat) germ oil, helianthus annuus (sunflower) seed oil, dipropylene glycol, ascorbyl tetraisopalmitate, salicylic acid, sodium palmitoyl proline, limonene, parfum (fragrance), aqua (water), nymphaea alba (water lily) flower extract, tocopherol, linalool, punica granatum (pomegranate) fruit extract, geraniol, farnesol, citral, bee venom, sodium benzoate, potassium sorbate.",£65.00,"['Dry', 'Oily']","acne, hydration, blackheads"
Indeed Labs Watermelon Melting Balm 100ml,https://www.lookfantastic.com/indeed-labs-watermelon-melting-balm-100ml/12540167.html,Balm,"isopropyl myristate, caprylic/capric triglyceride, cetearyl alcohol, peg-20 glyceryl triisostearate, copernicia cerifera (carnauba) wax, peg-6 caprylic/capric glycerides, candelilla cera, glyceryl stearate se, cannabis sativa seed oil, citrullus vulgaris (watermelon) seed oil, silica, tribehenin, jojoba esters, helianthus annuus (sunflower) seed wax, phenoxyethanol, bisabolol, panthenyl ethyl ether, tocopheryl acetate, acacia decurrens flower extract, polyglycerin-3, lecithin, ascorbyl palmitate, tocopherol, helianthus annuus (sunflower) seed oil.",£24.99,"['Dry', 'Sensitive']",hydration
DECLÉOR Cica-Botanic Balm,https://www.lookfantastic.com/decleor-cica-botanic-balm/11974753.html,Balm,"macadamia integrifolia seed oil, cera alba / beeswax, helianthus annuus seed oil / sunflower seed oil, butyrospermum parkii butter / shea butter, simmondsia chinensis seed oil / jojoba seed oil, copernicia cerifera cera / carnauba wax, eucalyptus globulus leaf oil, rosmarinus officinalis leaf oil / rosemary leaf oil, melaleuca viridiflora leaf oil, pelargonium graveolens flower oil, cupressus sempervirens leaf/nut/stem oil, tocopherol, mentha piperita oil / peppermint oil, limonene, citronellol, daucus carota sativa root extract / carrot root extract, geraniol, linalool, piper nigrum fruit oil / pepper fruit oil, citral, citric acid.",£24.50,['Dry'],general
OSKIA Micro Exfoliating Balm - 50ml,https://www.lookfantastic.com/oskia-micro-exfoliating-balm-50ml/10538952.html,Balm,"prunus amygdalus dulcis (sweet almond) oil, glycerin, sesamum indicum (sesame) seed oil, decyl oleate, glyceryl stearate, caprylic/capric triglyceride, methyl sulphonyl methane, glyceryl dibehenate, silica, tribehenin, glyceryl caprylate, glyceryl behenate, helianthus annuus (sunflower) seed oil, coco glucoside, butyrospermum parkii (shea butter), calendula officinalis flower extract, parfum (fragrance), mentha piperita (peppermint) oil, benzyl alcohol, zinc glycine, aqua (water), inulin, alpha-glucan oligosaccharide, aleurites moluccana (kukui) seed oil, rosa canina (rose hip) seed oil, tocopherol, dehydroacetic acid, citronellol, geraniol.",£52.00,"['Dry', 'Oily', 'Sensitive']","hydration, sensitivity, oil control"
Laura Mercier Infusion de Rose Lip Balm 3.4g,https://www.lookfantastic.com/laura-mercier-infusion-de-rose-lip-balm-3.4g/11290006.html,Balm,"hydrogenated polyisobutene, butyrospermum parkii (shea) butter, cera alba/beeswax/cire d’abeille, olus/vegetable oil/huile végétale, simmondsia chinensis (jojoba) seed oil, rosa canina fruit (rosehip seed) oil, tocopheryl acetate, camelina sativa seed oil, saccharin, macadamia ternifolia seed oil, aleurites moluccanus seed oil, rhus verniciflua peel wax, fragrance (parfum), benzyl benzoate, citronellol, eugenol.",£17.00,['All'],general
Oh K! SOS Soothing Facial Balm 100ml,https://www.lookfantastic.com/oh-k-sos-soothing-facial-balm-100ml/12132642.html,Balm,"aqua (water), glycerin, dipropylene glycol, methylpropanediol, cetyl ethylhexanoate, 1,2 hexanediol, butylene glycol dicaprylate/dicaprate, cetearyl olivate,  sorbitan olivate, xylitol, dexpanthenolum, ammonium acryloyldimethyltaurate/ vp copolymer, alcohol stearylicus, alcohol cetylicus, arginine, acrylates/c10-30 alkyl acrylate crosspolymer, gluconolactone, allantoin, butylene glycol, sodium polyacrylate, camellia sinesis leaf extract, ethylhexyglycerin, natrii edetas, dipotassium glycyrrhizate, cynanchum atratum extract, melaleuca alternifolia (tea tree) leaf extract, zinc oxidum.",£8.00,"['Dry', 'Oily', 'Sensitive']","acne, hydration, oil control"
By Terry Baume De Rose Nutri-Couleur Lip Balm 7g,https://www.lookfantastic.com/by-terry-baume-de-rose-nutri-couleur-lip-balm-7g-various-shades/11306986.html,Balm,"ricinus communis (castor) seed oil, tridecyl trimellitate, synthetic wax, hydroxystrearic/linolenic/oleic polyglycerides, diisostearyl malate, methyl hydrogenated rosinate, hydrogenated polyisobutene, polyethylene, butyrospermum parkii / shea butter, stearalkonium hectorite, c20-40 acid, corylus avellana (hazel) seed oil, parfum / fragrance, tocopherol, ethylhexyl palmitate, propylene carbonate, geraniol, rosa centifolia flower (wax) cera, rosa damascena flower (wax) cera, trihydroxypalmitamidohydroxypropyl myristyl ether, citronellol, citric acid, linalool, silica dimethyl silylate, benzyl benzoate, butylene glycol, caprylyl glycol, citral, eugenol, phenoxyethanol, sodium hyaluronate, hexylene glycol, polyhydroxystearic acid, +/- [ci 77891 / titanium dioxide, ci 15985 / yellow 6 lake, ci 15850 / red 6, ci 77491 / iron oxides, ci 77492 / iron oxides, ci 42090 / blue 1 lake, ci 15850 / red 7, ci 77499 / iron oxides, ci 45410 / red 28 lake]",£36.00,['Dry'],sun protection
MONU Recovery Balm (50ml),https://www.lookfantastic.com/monu-recovery-balm-50ml/10555383.html,Balm,"aqua (water), cetearyl alcohol, simmondsia chinensis (jojoba) oil, ethylhexyl palmitate, glycerin, octyl dodecyl stearoyl stearate, c12-c15 alkyl benzoate, glyceryl stearate, peg-100 stearate, cyclotetrasiloxane, cyclopentasiloxane, butyrospermum parkii (shea) butter, dimethicone, phenoxyethanol, coconut alcohol, oenothera biennis (evening primrose) oil, ribes nigrum (blackcurrant) seed oil, betaine, panthenol, inulin, alpha-glucan oligosaccharide bisabolol, sodium ascorbyl phosphate, polyacrylamide, coco glucoside, c13-14 isoparaffin, cassia alata leaf extract, acetyl tetrapeptide-15, sodium hyaluronate, rosa damascena flower oil, citrus aurantium bergamia (bergamot) fruit oil, limonene, linalool, citronellol, geraniol, eugenol, citral, farnesol, xanthan gum, tocopherol, disodium edta, laureth-7, ethylhexylglycerin, sorbic acid.",£32.00,"['Dry', 'Sensitive']",hydration
Darphin Intral Redness Relief Recovery Balm,https://www.lookfantastic.com/darphin-intral-redness-relief-recovery-balm/10366710.html,Balm,"aqua, octyldodecyl stearoyl stearate, mangifera indica (mango) seed butter, butyrospermum parkii (shea butter), glycerin, glyceryl polymethacrylate, dimethicone, hydrogenated polydecene, simmondsia chinensis (jojoba) seed oil, pentylene glycol, glyceryl stearate, peg-100 stearate, polymethyl methacrylate, tridecyl stearate, cyclopentasiloxane, cetyl alcohol, tridecyl trimellitate, chamomilla recutita (matricaria) flower extract, paeonia suffructicosa (peony) root extract, alteromonas ferment extract, crataegus monogina flower extract, panthenol, cucumis melo (melon) fruit extract, triticum vulgare (wheat bran) extract, dipentaerythrityl hexacaprylate/hexacaprate, olea europaea (olive) fruit extract, persea gratissima (avocado) oil, glycosaminoglycans, acrylates/c10-30 alkyl acrylate crosspolymer, cholesterol, potassium sulfate, tocopheryl acetate, palmitic acid, dimethiconol phytosphingosine, butylene glycol, xanthan gum, propylene glycol, dicaprylate, sodium stearate, tocopherol, tetrasodium edta, hydroxycitronellal, fragrance (parfum), phenoxyethanol, sodium benzoate.",£48.00,['Dry'],hydration
Darphin Aromatic Cleansing Balm with Rosewood 125ml,https://www.lookfantastic.com/darphin-aromatic-cleansing-balm-with-rosewood-125ml/12323347.html,Balm,"hydrogenated polydecene, oleic/linoleic/linolenic polyglycerides, glycerine, hydroxystearic/linolenic/oleic polyglycerides, sorbitan oleate, peg-10 laurate, peg-100 stearate, glyceryl behenate/eicosadioate, polyglyceryl-10 behenate/eicosadioate, decyl glucoside, polyglyceryl-10 hydroxystearate/stearate/eicosadioate, simmondsia chinensis (jojoba) seed oil, aniba rosaeodora (rosewood) wood oil, cananga odorata flower oil, salvia officinalis (sage) oil, sclerocarya birrea seed oil, vanilla planifolia fruit extract, water\aqua\eau, beta-carotene, cetearyl alcohol, glyceryl stearate, behenyl alcohol, tocopherol, dextrin palmitate, benzyl benzoate, linalool, benzyl salicylate.",£75.00,['Dry'],hydration
Holika Holika Good Cera Super Ceramide Moisture Balm 40ml,https://www.lookfantastic.com/holika-holika-good-cera-super-ceramide-moisture-balm/11693543.html,Balm,"glycerin, water, cetearyl alcohol, olea europaea (olive) fruit oil, 1,2-hexanediol, macadamia integrifolia seed oil, cetearyl glucoside, glyceryl stearate, stearic acid, phytosteryl/isostearyl/cetyl/stearyl/behenyl dimer dilinoleate, ceramide np, hydrogenated polydecene, butyrospermum parkii (shea) butter, ceteareth-20, glyceryl citrate/lactate/linoleate/oleate, butylene glycol, hydroxypropyl bispalmitamide mea, glycosphingolipids, ceramide ap, meadowfoam estolide, glycine soja (soybean) sterols, ethylhexyl isononanoate, hydrogenated lecithin, caprylic/capric triglyceride, ceramide eop, alteromonas ferment extract, bacillus ferment, glycerylamidoethyl methacrylate/stearyl methacrylate copolymer, dipropylene glycol, lavandula angustifolia (lavender) oil, citrus grandis (grapefruit) peel oil, cymbopogon citratus leaf oil, pelargonium graveolens oil, citrus aurantium dulcis (orange) peel oil, pogostemon cablin oil, santalum album (sandalwood) oil, chamomilla recutita (matricaria) flower oil, hydroxyethyl acrylate/sodium acryloyldimethyl taurate copolymer, squalane, polysorbate 60, acrylates/c10-30 alkyl acrylate crosspolymer, tromethamine, allantoin, disodium edta, propylene glycol, ethylhexylglycerin.",£21.95,"['Dry', 'Sensitive', 'Normal']",hydration
Garnier Organic Argan Rescue Balm 50ml,https://www.lookfantastic.com/garnier-organic-argan-rescue-balm-50ml/12040259.html,Balm,"aqua / water, butyrospermum parkii butter / shea butter, coco-caprylate/caprate, glycerin, cetearyl alcohol, alcohol denat, glyceryl stearate citrate, copernicia cerifera cera / carnauba wax, cetearyl glucoside, aloe barbadensis leaf juice powder, centaurea cyanus flower water, argania spinosa kernel oil, sodium phytate, arginine, helianthus annuus seed oil / sunflower seed oil, coco-betaine, propanediol, citric acid, xanthan gum, tocopherol, salicylic acid, linalool, limonene, benzyl alcohol, benzyl salicylate, parfum / fragrance.",£9.99,"['Dry', 'Oily']","acne, hydration, blackheads"
Menaji Lip Balm Agent (0.15oz./4.2g),https://www.lookfantastic.com/menaji-lip-balm-agent-0.15oz.-4.2g/10588306.html,Balm,"beeswax, helianthus annuus (sunflower) seed oil, ricinus communis (castor) seed oil, lanolin, cocos nucifera (coconut) oil, mentha piperita (peppermint) oil, zea mays (corn) oil, tocopheryl acetate, bht.",£4.33,['Dry'],general
MONUPLUS Beauty Balm (50ml),https://www.lookfantastic.com/monuplus-beauty-balm-50ml/11128357.html,Balm,"aqua (water), glycerin, isohexadecane, cetyl esters, hamamelis virginiana, triethanolamine, glyceryl stearate, peg-100 stearate, carbomer, citrus aurantium dulcis (orange) oil, phenoxyethanol, cetearyl alcohol, peg-20 stearate, hydrolyzed casein, ceratonia siliqua gum, tocopheryl acetate, citrus aurantium dulcis (orange) flower oil, alcohol denat., bisabolol, methylparaben, disodium edta, butylparaben, ethylparaben, bha, propylparaben, sodium hyaluronate, iron oxides (ci 77491), limonene, linalool, farnesol, geraniol, citral.",£39.95,"['Dry', 'Sensitive']","hydration, uneven texture"
The Ritual of Namasté Restoring Night Balm 50ml,https://www.lookfantastic.com/the-ritual-of-namaste-restoring-night-balm/12063715.html,Balm,"cocoglycerides, sesamum indicum (sesame) seed oil, caprylic/capric triglyceride, cera alba (beeswax), butyrospermum parkii (shea) butter, simmondsia chinensis (jojoba) seed oil, polyglyceryl-3 beeswax, c10-18 triglycerides, lauryl laurate, glycerin, jojoba esters, oryza sativa (rice) bran cera (wax), camellia oleifera seed oil, polyglycerin-3, aqua/water, sodium cocoyl alaninate, nelumbo nucifera leaf cell extract, cistus incanus flower/leaf/stem extract, gynostemma pentaphyllum leaf/stem extract, centella asiatica extract, helianthus annuus (sunflower) seed oil, acacia decurrens flower cera (wax), helianthus annuus (sunflower) seed cera (wax), bisabolol, decyl glucoside, glutamine, tocopherol, phenethyl alcohol, citric acid, potassium sorbate, sodium benzoate, benzyl alcohol, limonene, linalool, citral, geraniol, parfum/fragrance.",£39.90,"['Dry', 'Sensitive']","hydration, sensitivity"
yes to Cucumbers Exfoliating Cleansing Balm 120g,https://www.lookfantastic.com/yes-to-cucumbers-exfoliating-cleansing-balm-120g/11664384.html,Balm,"prunus amygdalus dulcis (sweet almond) oil, caprylic/capric triglyceride, beeswax, ricinus communis (castor) seed oil, hydrogenated castor oil, copernicia cerifera (carnauba) wax, ricinus communis (castor) oil, polyglyceryl-3 palmitate, polyglyceryl-2 caprate, hydrogenated castor oil, lactose, cellulose, chromium hydroxide green, tocopheryl acetate, hydroxypropyl methylcellulose, cocos nucifera (coconut) oil, silica dimethyl silylate, cucumis sativus (cucumber) fruit oil, simmondsia chinensis (jojoba) seed oil, sesamum indicum (sesame) seed oil, phenoxyethanol, fragrance (parfum).",£9.99,['All'],general
Clinique Superbalm Lip Treatment 7ml,https://www.lookfantastic.com/clinique-superbalm-lip-treatment-7ml/11144746.html,Balm,"petrolatum, polybutene, polydecene, bis-diglyceryl polyacyladipate-2, octyldodecanol, microcrystalline wax\cera microcristallina\cire microcristalline, tocopheryl acetate, polyglyceryl-2 triisostearate, aloe barbadensis leaf extract, cholesterol, hordeum vulgare (barley) extract\extrait d'orge, triticum vulgare (wheat) germ extract, squalane, linoleic acid, salvia sclarea (clary) extract, glycine soja (soybean) oil, tetrahexyldecyl ascorbate, stearyl glycyrrhetinate, betula alba (birch) extract, hexylene glycol, potassium sulfate, caprylyl glycol, phenoxyethanol, red 7 lake (ci 15850), yellow 5 lake (ci 19140)",£14.00,['Dry'],hydration
Alchimie Forever Dry Skin Balm,https://www.lookfantastic.com/alchimie-forever-dry-skin-balm/11286079.html,Balm,"water/aqua, caprylic/capric triglyceride, butyrospermum parkii (shea) butter, cetearyl alcohol, cetearyl glucoside, isononyl isononanoate, salix alba (willow) bark extract, glycerin, simmondsia chinensis (jojoba) seed oil, hydroxyethyl acrylate/sodium acryloyldimethyl taurate copolymer, nasturtium officinale (watercress) flower/leaf extract, tocopheryl acetate, spinacia oleracea (spinach) leaf extract, cetyl alcohol, chlorphenesin, benzyl alcohol, benzoic acid, sorbic acid, chlorophyllin-copper complex, fragrance/parfum, geraniol, hexyl cinnamal, linalool, butylphenyl methylpropional, limonene.",£17.85,['Dry'],hydration
Garnier Hyaluronic Acid and Orange Juice Hydrating Brightening Eye Sheet Mask 6g,https://www.lookfantastic.com/garnier-hyaluronic-acid-and-orange-juice-hydrating-brightening-eye-sheet-mask-6g/11850177.html,Mask,"aqua / water, propylene glycol, glycerin, camellia sinensis leaf extract, pvm/ma copolymer, potassium hydroxide, glyceryl acrylate/acrylic acid copolymer, sodium hyaluronate, p-anisic acid, mannose, dipotassium glycyrrhizate, hydrogenated starch hydrolysate, hydroxyacetophenone, hydroxyethylcellulose, citric acid, citrus aurantium dulcis juice / orange juice, xanthan gum, potassium sorbate, sodium benzoate, phenoxyethanol.",£2.99,['Dry'],hydration
APIVITA Express Moisturizing & Soothing Face Mask - Prickly Pear 2x8ml,https://www.lookfantastic.com/apivita-express-moisturizing-soothing-face-mask-prickly-pear-2x8ml/11902652.html,Mask,"aqua (water), caprylic/capric triglyceride, glycerin, glyceryl stearate, behenyl alcohol, laureth-9, butyrospermum parkii (shea) butter, neopentyl glycol diheptanoate, peg-100 stearate, arachidyl alcohol, triticum vulgare (wheat) germ oil, opuntia ficus-indica stem extract, aqua (water), chamomilla recutita (matricaria) flower extract, aloe barbadensis leaf juice powder, lavandula angustifolia (lavender) oil, sideritis perfoliata flower/leaf/stem extract, sideritis raeseri flower/leaf/stem extract, sideritis scardica flower/leaf/stem extract, helianthus annuus (sunflower) seed oil, panthenol, helianthus annuus (sunflower) seed oil, tocopherol, phospholipids, tocopheryl acetate, caprylyl glycol, disodium edta, peg-40 hydrogenated castor oil, xanthan gum, arachidyl glucoside, allantoin, ethylhexylglycerin, polyglyceryl-10 stearate, hydrogenated polyisobutene, sodium acrylates copolymer, glycyrrhetinic acid, phenoxyethanol, sodium hydroxide, parfum (fragrance).",£5.50,"['Dry', 'Sensitive']",hydration
PIXI PLUMP Collagen Boost Sheet Mask (Pack of 3),https://www.lookfantastic.com/pixi-plump-collagen-boost-sheet-mask-pack-of-3/12040117.html,Mask,"aqua/water/eau, glycerin, glycereth-26, dipropylene glycol, macadamia ternifolia seed oil, sodium hyaluronate, copper tripeptide-1, palmitoyl pentapeptide-4, acetyl hexapeptide-8, camellia sinensis leaf extract, hamamelis virginiana (witch hazel) extract, red ginseng extract, aloe arborescens leaf extract, morus alba bark extract, coix lacryma-jobi ma-yuen seed extract, cucumis sativus (cucumber) extract, tremella fuciformis (mushroom) extract, paeonia lactiflora root extract, glycyrrhiza glabra (licorice) root extract, polygonum multiflorum root extract, phellinus linteus extract, morus alba bark extract, sophora flavescens root extract, cimicifuga racemosa root extract, sesamum indicum (sesame) seed extract, angelica gigas root extract, scutellaria baicalensis root extract, tocopheryl acetate, adenosine, illicium verum (anise) fruit extract, hydroxyethyl acrylate/sodium acryloyldimethyl taurate copolymer, carbomer, tromethamine, xanthan gum, polysorbate 80, glyceryl stearate, betaine, ethyl hexanediol, propanediol, caprylyl glycol, ethylhexylglycerin, butylene glycol, 1,2-hexanediol, disodium edta.",£10.00,"['Dry', 'Oily']","hydration, brightening, dark spots"
Benton Aloe Soothing Mask Pack -1 Ea,https://www.lookfantastic.com/benton-aloe-soothing-mask-pack-1-ea/11848324.html,Mask,"aloe barbadensis leaf water, aqua (water), camellia sinensis leaf water, glycerin, pentylene glycol, sodium pca, aloe barbadensis leaf extract, sodium hyaluronate, beta-glucan, cucumis sativus (cucumber) fruit extract, butylene glycol, xanthan gum, microcrystalline cellulose, sodium gluconate, betaine 1,2-hexanediol, propanediol, dipotassium glycyrrhizate, cellulose gum.",£2.00,['Dry'],hydration
Holika Holika Pure Essence Mask Sheet - Cucumber,https://www.lookfantastic.com/holika-holika-pure-essence-mask-sheet-cucumber/11693499.html,Mask,"water, glycerin, dipropylene glycol, betaine, polyglyceryl-10 laurate, butylene glycol, centella asiatica extract, paeonia suffruticosa root extract, 1,2-hexanediol, allantoin, panthenol, chamomilla recutita (matricaria) flower extract, cucumis sativus (cucumber) fruit extract, arginine, carbomer, glyceryl caprylate, xanthan gum, ethylhexylglycerin, aloe barbadensis leaf extract, aniba rosaeodora (rosewood) wood oil, viola tricolor extract, lavandula angustifolia (lavender) flower extract, centaurea cyanus flower extract, disodium edta.",£1.95,"['Dry', 'Sensitive']","hydration, sensitivity"
Holika Holika Pure Essence Mask Sheet - Avocado,https://www.lookfantastic.com/holika-holika-pure-essence-mask-sheet-avocado/11693500.html,Mask,"water, dipropylene glycol, glycerin, polyglyceryl-10 laurate, butylene glycol, centella asiatica extract, paeonia suffruticosa root extract, 1,2-hexanediol, hydroxyethylcellulose, chamomilla recutita (matricaria) flower extract, persea gratissima (avocado) fruit extract, glyceryl caprylate, arginine, carbomer, adenosine, ethylhexylglycerin, xanthan gum, allantoin, milk protein extract, sodium hyaluronate, citrus aurantium dulcis (orange) peel oil, olea europaea (olive) fruit oil, viola tricolor extract, lavandula angustifolia (lavender) flower extract, centaurea cyanus flower extract, avandula angustifolia (lavender) oil, ocimum basilicum (basil) oil, pelargonium graveolens flower oil, disodium edta.",£1.95,"['Dry', 'Sensitive']","hydration, sensitivity"
Antipodes Aura Manuka Honey Mask 75ml,https://www.lookfantastic.com/antipodes-aura-manuka-honey-mask-75ml/10977971.html,Mask,"aqua (water), leptospermum scoparium (mel) manuka honey, persea gratissima (avocado pear) oil, glycerine, cetearyl glucoside, cetearyl alcohol, stearic acid, glyceryl stearate. tocopherol (vitamin e), helianthus annuus (sunflower) seed oil, dehydroacetic acid, benzyl alcohol, metrosideros excels (pohutukawa) flower extract, daucus carota (carrot) seed oil, vitis vinifera (vinanza® grape) seed extract. fragrance of vanilla & mandarin: coumarin, d-limonene, linalool.",£26.99,"['Dry', 'Normal']",hydration
Garnier Moisture Bomb Green Tea Hydrating Face Sheet Mask for Combination Skin 32g,https://www.lookfantastic.com/garnier-moisture-bomb-green-tea-hydrating-face-sheet-mask-for-combination-skin-32g/11919603.html,Mask,"aqua / water, propylene glycol, glycerin, p-anisic acid, camellia sinensis leaf extract, citric acid, dipotassium glycyrrhizate, glyceryl acrylate/acrylic acid copolymer, hydrogenated starch hydrolysate, hydroxyacetophenone, hydroxyethylcellulose, limonene, mannose, peg-40 hydrogenated castor oil, phenoxyethanol, potassium hydroxide, potassium sorbate, pvm/ma copolymer, sodium benzoate, sodium hyaluronate, xanthan gum, parfum / fragrance.",£2.99,['Dry'],hydration
Holika Holika Pure Essence Mask Sheet - Pearl,https://www.lookfantastic.com/holika-holika-pure-essence-mask-sheet-pearl/11693495.html,Mask,"water, dipropylene glycol, niacinamide, glycerin, polyglyceryl-10 laurate, butylene glycol, paeonia suffruticosa root extract, centella asiatica extract, 1,2-hexanediol, acrylates/c10-30 alkyl acrylate crosspolymer , pearl extract, hydroxyethylcellulose, chamomilla recutita (matricaria) flower extract, arginine, glyceryl caprylate, ethylhexylglycerin, glyceryl acrylate/acrylic acid copolymer, honey extract, sodium hyaluronate, pvm/ma copolymer, propylene glycol, citrus sinensis peel oil expressed, lavandula angustifolia (lavender) flower extract, viola tricolor extract, centaurea cyanus flower extract, citrus aurantium dulcis (orange) peel oil, pogostemon cablin oil, disodium edta.",£1.95,"['Dry', 'Oily', 'Sensitive', 'Normal']","acne, hydration, brightening, sensitivity, dark spots, oil control, under-eye"
Holika Holika Pure Essence Mask Sheet - Charcoal,https://www.lookfantastic.com/holika-holika-pure-essence-mask-sheet-charcoal/12061945.html,Mask,"water, dipropylene glycol, glycerin, betaine, polyglyceryl-10 laurate, butylene glycol, paeonia suffruticosaroot extract, centella asiatica extract, 1,2-hexanediol, carbomer, arginine, chamomilla recutita (matricaria) flower extract, panthenol, glyceryl caprylate, xanthan gum, ethylhexylglycerin, allantoin, citrus aurantium bergamia (bergamot) fruit oil, pueraria lobata root extract, ulmus davidiana root extract, oenothera biennis (evening primrose) flower extract, pinus palustris leaf extract, sodium hyaluronate, charcoal powder, disodium edta.",£1.95,"['Dry', 'Oily', 'Sensitive']","hydration, sensitivity, oil control, blackheads"
Garnier Hyaluronic Acid and Coconut Water Hydrating Replumping Eye Sheet Mask 6g,https://www.lookfantastic.com/garnier-hyaluronic-acid-and-coconut-water-hydrating-replumping-eye-sheet-mask-6g/11850176.html,Mask,"aqua / water, propylene glycol, glycerin, camellia sinensis leaf extract, pvm/ma copolymer, potassium hydroxide, glyceryl acrylate/acrylic acid copolymer, sodium hyaluronate, p-anisic acid, mannose, cocos nucifera fruit juice / coconut fruit juice, dipotassium glycyrrhizate, hydrogenated starch hydrolysate, hydroxyacetophenone, hydroxyethylcellulose, citric acid, xanthan gum, potassium sorbate, sodium benzoate, phenoxyethanol.",£2.99,['Dry'],hydration
Ambre Solaire After Sun Cooling Hyaluronic Acid Face Sheet Mask 32g,https://www.lookfantastic.com/ambre-solaire-after-sun-cooling-hyaluronic-acid-face-sheet-mask-32g/11771605.html,Mask,"aqua / water, propylene glycol, glycerin, hamamelis virginiana leaf water / witch hazel leaf water, peg-40 hydrogenated castor oil, pvm/ma copolymer, potassium hydroxide, glyceryl acrylate/acrylic acid copolymer, sodium hyaluronate, p-anisic acid, mannose, alcohol, dipotassium glycyrrhizate, hydrogenated starch hydrolysate, hydroxyacetophenone, hydroxyethylcellulose, xanthan gum, potassium sorbate, sorbic acid, sodium benzoate, phenoxyethanol, limonene, parfum / fragrance.",£2.50,"['Dry', 'Oily']",hydration
REN Clean Skincare Glycol Lactic Radiance Mask,https://www.lookfantastic.com/ren-clean-skincare-glycol-lactic-radiance-mask/11289481.html,Mask,"polysorbate 60, glycerin, citrus aurantium bergamia (bergamot) leaf extract, lecithin, lactic acid, ribes nigrum (black currant) seed oil, vitis vinifera (grape) seed oil, passiflora quadrangularis fruit extract, citrus medica limonum (lemon) fruit extract, ananas sativus (pineapple) fruit extract, vitis vinifera (grape) fruit extract, alcohol denat., vaccinium macrocarpon (cranberry) seed oil, xanthan gum, maltodextrin, carica papaya (papaya) fruit extract, parfum (fragrance), citrus aurantium dulcis (orange) flower oil, citrus nobilis (mandarin orange) peel oil, citrus tangerina (tangerine) peel oil, citrus grandis (grapefruit) seed oil, limonene, linalool, citral, hippophae rhamnoides fruit extract, phenoxyethanol, sodium hydroxymethylglycinate, tocopherol.",£36.00,"['Dry', 'Oily']","hydration, uneven texture"
NARS Cosmetics Aqua Gel Luminous Mask,https://www.lookfantastic.com/nars-cosmetics-aqua-gel-luminous-mask/10635683.html,Mask,"water/aqua/eau, butylene glycol, methyl trimethicone, glycerin, isododecane, hydrogenated polyisobutene, propanediol, sodium chloride, dimethicone, phenoxyethanol, polymethyl methacrylate, lauryl peg/ppg-18/18 methicone, ophiopogon japonicus root extract, peg-10 dimethicone, fragrance (parfum), chondrus crispus extract, hydrolyzed viola tricolor extract, sea water/maris aqua/eau de mer, isostearyl alcohol, dodecene, potassium sorbate, hydrolyzed chondrus crispus extract, algae extract, carrageenan, silica, ethylhexylglycerin, trisodium edta, sophora japonica root extract, barium sulfate, sodium hyaluronate, thymus serpillum extract, citric acid, sea salt, sodium dehydroacetate, fagus sylvatica bud extract, plankton extract, alumina, tocopherol, geraniol, limonene, linalool, mica, titanium dioxide (ci 77891), iron oxides (ci 77492)",£31.00,['Dry'],"hydration, sun protection"
Garnier Moisture Bomb Camomile Hydrating Face Sheet Mask for Dry and Sensitive Skin 32g,https://www.lookfantastic.com/garnier-moisture-bomb-camomile-hydrating-face-sheet-mask-for-dry-and-sensitive-skin-32g/11919602.html,Mask,"aqua / water, propylene glycol, glycerin, p-anisic acid, benzyl alcohol, benzyl benzoate, chamomilla recutita (matricaria) flower extract, dipotassium glycyrrhizate, glyceryl acrylate/acrylic acid copolymer, hydrogenated starch hydrolysate, hydroxyacetophenone, hydroxyethylcellulose, mannose, peg-40 hydrogenated castor oil, phenoxyethanol, potassium hydroxide, potassium sorbate, pvm/ma copolymer, sodium hyaluronate, sorbic acid, xanthan gum, parfum / fragrance.",£2.99,['Dry'],hydration
Holika Holika Pure Essence Mask Sheet - Strawberry,https://www.lookfantastic.com/holika-holika-pure-essence-mask-sheet-strawberry/11693492.html,Mask,"water, dipropylene glycol, glycerin, polyglyceryl-10 laurate, butylene glycol, centella asiatica extract, paeonia suffruticosa root extract, 1,2-hexanediol, hydroxyethylcellulose, acrylates/c10-30 alkyl acrylate crosspolymer, fragaria chiloensis (strawberry) fruit extract, chamomilla recutita (matricaria) flower extract, arginine, glyceryl caprylate, ethylhexylglycerin, glyceryl acrylate/acrylic acid copolymer, citrus junos fruit extract, propylene glycol, pvm/ma copolymer, citrus aurantium dulcis (orange) peel oil, viola tricolor extract, lavandula angustifolia (lavender) flower extract, centaurea cyanus flower extract, citrus tangerina (tangerine) peel oil , litsea cubeba fruit oil, myristica fragrans (nutmeg) kernel oil, disodium edta.",£1.95,"['Dry', 'Sensitive']","hydration, sensitivity"
La Roche-Posay Effaclar Clay Mask 100ml,https://www.lookfantastic.com/la-roche-posay-effaclar-clay-mask-100ml/11434755.html,Mask,"aqua / water, kaolin, argilla / magnesium aluminum silicate, propanediol, panthenol, glycerin, caprylic/capric triglyceride, ci 77891, titanium dioxide, cetearyl alcohol, zea mays starch / corn starch, cellulose, ceteareth-20, lecithin, caprylyl glycol, citric acid, xanthan gum, tocopherol, phenoxyethanol, parfum / fragrance.",£14.00,['Dry'],"hydration, sun protection"
APIVITA Express Intense Moisturizing Face Mask - Cucumber 2x8ml,https://www.lookfantastic.com/apivita-express-intense-moisturizing-face-mask-cucumber-2x8ml/11902639.html,Mask,"aqua (water), dodecane, propanediol, glycerin, simmondsia chinensis (jojoba) seed oil, isosorbide dicaprylate, capryloyl glycerin/sebacic acid copolymer, cucumis sativus (cucumber) fruit extract, aloe barbadensis leaf juice powder, tocopherol, dehydroacetic acid, allantoin, helianthus annuus (sunflower) seed oil, sodium hyaluronate, sorbitan oleate, sideritis perfoliata flowers/leaves/stems extract, sideritis scardica flowers/leaves/stems extract, calendula officinalis flower extract, sideritis raeseri flowers/leaves/stems extract, pelargonium graveolens flower oil, glyceryl stearate, diheptyl succinate, aqua (water), tocopheryl acetate, peg-100 stearate, panthenol, xanthan gum, persea gratissima (avocado) oil, butyrospermum parkii (shea) butter, carbomer, hydroxyacetophenone, sodium hydroxide, acrylates/c10-30 alkyl acrylate crosspolymer, peg-40 hydrogenated castor oil, mel (honey), disodium edta, parfum (fragrance), butylphenyl methylpropional, amyl cinnamal, benzyl salicylate, benzyl alcohol, ci 61570 (green 5), ci 19140 (yellow 5).",£4.00,"['Dry', 'Sensitive']","hydration, sensitivity"
APIVITA Express Moisturizing Face Mask - Sea Lavender 2x8ml,https://www.lookfantastic.com/apivita-express-moisturizing-face-mask-sea-lavender-2x8ml/11902648.html,Mask,"aqua (water), caprylic/capric triglyceride, glycerin, glyceryl stearate, behenyl alcohol, laureth-9, butyrospermum parkii (shea) butter, neopentyl glycol diheptanoate, peg-100 stearate, aqua (water), arachidyl alcohol, triticum vulgare (wheat) germ oil, limonium gerberi extract, mel (honey) extract, hydroxypropyl cyclodextrin, lavandula angustifolia (lavender) oil, calendula officinalis flower extract, propolis extract, opuntia ficus-indica stem extract, helianthus annuus (sunflower) seed oil, aloe barbadensis leaf juice powder, sideritis perfoliata flowers/leaves/stems extract, sideritis scardica flowers/leaves/stems extract, sideritis raeseri flowers/leaves/stems extract, pelargonium graveolens flower oil, helianthus annuus (sunflower) seed oil, panthenol, tocopheryl acetate, tocopherol, phospholipids, peg-40 hydrogenated castor oil, allantoin, disodium edta, sodium acrylates copolymer, hydrogenated polyisobutene, caprylyl glycol, xanthan gum, ethylhexylglycerin, glycyrrhetinic acid, sodium hydroxide, arachidyl glucoside, polyglyceryl-10 stearate, phenoxyethanol, parfum (fragrance).",£4.00,"['Dry', 'Sensitive']","hydration, sensitivity"
APIVITA Express Radiance Face Mask - Orange 2x8ml,https://www.lookfantastic.com/apivita-express-radiance-face-mask-orange-2x8ml/11902638.html,Mask,"aqua (water), dodecane, glycerin, simmondsia chinensis (jojoba) seed oil, triticum vulgare (wheat) germ oil, propanediol dicaprylate, butyrospermum parkii (shea) butter, citrus aurantium dulcis (orange) callus culture extract, citrus aurantium dulcis (orange) peel oil, mel (honey), tocopherol, sorbitan oleate, aqua (water), helianthus annuus (sunflower) seed oil, sideritis perfoliata flowers/leaves/stems extract, sodium hyaluronate, sideritis scardica flowers/leaves/stems extract, ascorbyl palmitate, glyceryl stearate, sideritis raeseri flowers/leaves/stems extract, hydroxypropyl methylcellulose, ubiquinone, benzyl alcohol, peg-100 stearate, tocopheryl acetate, panthenol, carbomer, mannitol, acrylates/c10-30 alkyl acrylate crosspolymer, cellulose, xanthan gum, sodium hydroxide, sodium gluconate, allantoin, dehydroacetic acid, parfum (fragrance), limonene, geraniol, citral, citronellol, linalool, ci 77492 (iron oxides).",£4.00,"['Dry', 'Sensitive']",hydration
Holika Holika Pure Essence Mask Sheet - Damask Rose,https://www.lookfantastic.com/holika-holika-pure-essence-mask-sheet-damask-rose/11693498.html,Mask,"water, glycerin, dipropylene glycol, betaine, polyglyceryl-10 laurate, butylene glycol, centella asiatica extract, paeonia suffruticosa root extract, 1,2-hexanediol, allantoin, panthenol, rosa damascena extract, chamomilla recutita (matricaria) flower extract, arginine, carbomer, glyceryl caprylate, xanthan gum, ethylhexylglycerin, punica granatum fruit extract , pelaronium graveolens flower oil, viola tricolor extract, lavandula angustifolia (lavender) flower extract, centaurea cyanus flower extract, disodium edta.",£1.95,"['Dry', 'Sensitive']",hydration
Garnier Moisture Bomb Lavender Hydrating Face Sheet Mask for Fatigued Skin 32g,https://www.lookfantastic.com/garnier-moisture-bomb-lavender-hydrating-face-sheet-mask-for-fatigued-skin-32g/11919604.html,Mask,"aqua / water / eau, propylene glycol, glycerin, peg-40, hydrogenated castor oil, pvm/ma copolymer, potassium hydroxide, lavandula hybrida oil, glyceryl acrylate/acrylic acid copolymer, sodium hyaluronate, p-anisic acid, mannose, dipotassium glycyrrhizate, hydrogenated starch hydrolysate, hydroxyacetophenone, hydroxyethylcellulose, xanthan gum, phenoxyethanol, limonene, parfum / fragrance.",£2.99,['Dry'],hydration
Holika Holika Baby Silky Foot Mask Sheet,https://www.lookfantastic.com/holika-holika-baby-silky-foot-mask-sheet/11693584.html,Mask,"water, dimethicone, butylene glycol, glycerin, alcohol, mineral oil, cetyl ethythexanoate, betaine, tocopheryl acetate, urea, butyrospermum parkii (shea) buter, mentha piperita (peppermint) extract, trehalose, carica papaya (papaya) fruit extract, sodium hyaluronate, chamomilla recutita (matricaria) flower extract, aloe barbadensis leaf juice, persea gratissima (avocado) oil, olea europaea (olive) fruit oil, honey extract, punica granatum fruit extract, milk protein extract, salicylic acid, cyclopentasiloxane, cetearyl glucoside, polyacrylate-13, polyisobutene, cetearyl alcohol, glyceryl stearate, peg-100 stearate, polysorbate 20, polyglyceryl-3 methylglucose distearate, acrylates/c10-20 alkyl acrylate crosspolymer, triethanolamine, disodium edta, phenoxyethanol, methylparaben, propylparaben, fragrance.",£3.95,"['Dry', 'Oily']","acne, hydration, blackheads"
Oh K! Peeling Foot Mask 20ml,https://www.lookfantastic.com/oh-k-peeling-foot-mask-20ml/11513403.html,Mask,"water, alcohol, lactic acid, sodium lactate, glycolic acid, glycerin, arginine, peg-60 hydrogenated castor oil, salicylic acid, citrus aurantium (lime) fruit extract, citrus medical limnonym (lemon) fruit extract, pyrus malus (apple) fruit extract, citrus aurantium, dulcis (orange) fruit extract, visit viniferous (grape) fruit extract, urea, tocopheryl acetate, disodium edta, phenoxyethanol, fragrance.",£8.50,"['Dry', 'Oily']","acne, hydration, blackheads, uneven texture"
Garnier Moisture Bomb Sakura Hydrating Face Sheet Mask for Dull Skin 32g,https://www.lookfantastic.com/garnier-moisture-bomb-sakura-hydrating-face-sheet-mask-for-dull-skin-32g/11919606.html,Mask,"aqua / water, propylene glycol, glycerin, prunus yedoensis leaf extract, peg-40 hydrogenated castor oil, pvm/ma copolymer, potassium hydroxide, glyceryl , acrylate/acrylic acid copolymer, sodium hyaluronate, p-anisic acid, mannose, dipotassium glycyrrhizate, hydrogenated starch hydrolysate, hydroxyacetophenone, hydroxyethylcellulose, xanthan gum, butylene glycol, phenoxyethanol, limonene, parfum / fragrance.",£2.99,['Dry'],hydration
Garnier Charcoal and Algae Purifying and Hydrating Face Sheet Mask for Enlarged Pores 28g,https://www.lookfantastic.com/garnier-charcoal-and-algae-purifying-and-hydrating-face-sheet-mask-for-enlarged-pores-28g/11919607.html,Mask,"aqua / water, propylene glycol, glycerin, peg-32, peg-40 hydrogenated castor oil, pvm/ma copolymer, papain, potassium hydroxide, glyceryl acrylate/acrylic acid copolymer, sodium hyaluronate, ananas sativus fruit extract / pineapple fruit extract, p-anisic acid, alcohol, propanediol, sucrose, hydrogenated starch hydrolysate, hydroxyacetophenone, hydroxyethylcellulose, capryloyl salicylic acid, xanthan gum, fucus vesiculosus extract, sodium benzoate, phenoxyethanol, parfum / fragrance.",£2.99,"['Dry', 'Oily']","acne, hydration, blackheads"
BeautyPro Brightening Collagen Sheet Mask with Vitamin C,https://www.lookfantastic.com/beautypro-brightening-collagen-sheet-mask-with-vitamin-c/11432733.html,Mask,"marine collagen, vitamin-c, aloe vera, extracts of bearberry, licorice root, portulaca flower, sophora angustifolia natural plant extract, chamomile, boswellia serrata plant extract, pomegranate, witch hazel.",£4.95,"['Oily', 'Sensitive']","anti-aging, brightening, sensitivity, dark spots, firmness"
AHAVA Single Use 24K Gold Mineral Mud Mask 6ml,https://www.lookfantastic.com/ahava-single-use-24k-gold-mineral-mud-mask-6ml/12054138.html,Mask,"aqua (mineral spring water), glycerin, propanediol (corn derived glycol), hydroxyethyl acrylate/sodium acryloyldimethyl taurate copolymer, dimethicone, caprylyl methicone, calcium aluminum borosilicate, isostearyl isostearate, aloe barbadensis leaf juice, squalene (phytosqualene), pvp, niacinamide, titanium dioxide (ci 77891), silica, mica, peg-12 dimethicone/ppg-20 crosspolymer, iron oxides (ci 77491), caprylyl glycol, 1,2-hexanediol, sodium hyaluronate, tin oxide, ethyl lauroyl arginate hcl, phenoxyethanol, saccharide isomerate, sorbic acid, chlorphenesin, biosaccharide gum-1, parfum (fragrance), allantoin, silt (dead sea mud), sodium citrate, maris aqua (dead sea water), dunaliella salina extract, hydrogenated polydecene, methylsilanol mannuronate, phoenix dactylifera (date) fruit extract, lactic acid, citric acid, maris sal (dead sea salt), gold (ci 77480), hexyl cinnamal, benzyl salicylate, butylphenyl methylpropional.",£2.36,"['Dry', 'Oily', 'Sensitive', 'Normal']","acne, hydration, brightening, dark spots, sun protection, oil control, uneven texture, under-eye"
APIVITA Express Detox Face Mask - Pumpkin 2x8ml,https://www.lookfantastic.com/apivita-express-detox-face-mask-pumpkin-2x8ml/11902649.html,Mask,"aqua (water), glyceryl stearate, lactobacillus/pumpkin fruit ferment filtrate, propanediol, glycerin, kaolin, peg-100 stearate, sorbitol, propanediol dicaprylate, butyrospermum parkii (shea) butter, sodium acrylates copolymer, panthenol, cucurbita pepo (pumpkin) seed oil, olea europaea (olive) fruit oil, mel (honey), lecithin, helianthus annuus (sunflower) seed oil, hydrogenated lecithin, aqua (water), sideritis perfoliata flowers/leaves/stems extract , sodium hyaluronate, sideritis scardica flowers/leaves/stems extract , sideritis raeseri flowers/leaves/stems extract, leuconostoc/radish root ferment filtrate, mica, hydroxyacetophenone, tocopheryl acetate, ethylhexylglycerin, polysorbate 20, tocopherol, disodium edta, zingiber officinale (ginger) root oil, parfum (fragrance), geraniol, limonene, citral, benzyl salicylate, citronellol, ci 77891 (titanium dioxide).",£4.00,['Dry'],"hydration, sun protection"
First Aid Beauty Ultra Repair Instant Oatmeal Mask (56.7g),https://www.lookfantastic.com/first-aid-beauty-ultra-repair-instant-oatmeal-mask-56.7g/11054499.html,Mask,"water/aqua/eau, glyceryl stearate citrate, cetyl alcohol, glyceryl stearate, caprylic/capric/succinic triglyceride, caprylic/capric/myristic/stearic triglyceride, avena sativa (oat) bran, colloidal oatmeal, butylene glycol dicaprylate/dicaprate, butyrospermum parkii (shea) butter, octyldodecanol, glycerin, polysorbate 20, cetearyl alcohol, decyl glucoside, theobroma cacao (cocoa) seed butter, polysorbate 60, prunus armeniaca (apricot) kernel oil, vanillin, vanilla planifolia fruit extract, xanthan gum, dimethicone, avena sativa (oat) kernel extract, glycyrrhiza glabra (licorice) root extract, camellia sinensis leaf extract, chrysanthemum parthenium (feverfew) extract, hippophae rhamnoides fruit extract, zingiber officinale (ginger) root extract, butylene glycol, bisabolol, hydroxyphenyl propamidobenzoic acid, caprylyl glycol, pentylene glycol, 1,2-hexanediol, tetrasodium edta.",£20.00,"['Dry', 'Sensitive']","hydration, brightening, dark spots"
Holika Holika Pure Essence Mask Sheet - Acai Berry,https://www.lookfantastic.com/holika-holika-pure-essence-mask-sheet-acai-berry/11693501.html,Mask,"water, dipropylene glycol, glycerin, polyglyceryl-10 laurate, butylene glycol, centella asiatica extract, paeonia suffruticosa root extract, 1,2-hexanediol, hydroxyethylcellulose, chamomilla recutita (matricaria) flower extract, euterpe oleracea fruit extract, glyceryl caprylate, arginine, carbomer, ethylhexylglycerin, xanthan gum, allantoin, nelumbo nucifera flower extract, sodium hyaluronate, citrus aurantium bergamia (bergamot) fruit oil, citrus aurantium dulcis (orange) peel oil, viola tricolor extract, lavandula angustifolia (lavender) flower extract, lavandula angustifolia (lavender) oil, centaurea cyanus flower extract, eucalyptus globulus leaf oil, disodium edta.",£1.95,"['Dry', 'Sensitive']","hydration, sensitivity"
Caudalie Instant Detox Mask (75ml),https://www.lookfantastic.com/caudalie-instant-detox-mask-75ml/11098713.html,Mask,"aqua (water), bentonite, glycerin, acacia senegal gum, xanthan gum, benzyl alcohol, alcohol, sodium dehydroacetate, citrus aurantium bergamia (bergamot) fruit oil, vitis vinifera (grape) fruit extract, lavandula angustifolia (lavender) oil, sodium citrate, dehydroacetic acid, coffea arabica (coffee) seed extract, coffea robusta seed extract, citric acid, papain, cupressus sempervirens oil, salvia sclarea (clary) oil, commiphora myrrha oil, santalum album (sandalwood) oil, anthemis nobilis flower oil, petroselinum crispum (parsley) seed oil, carbomer, 1,2-hexanediol, caprylyl glycol, sodium benzoate, lactic acid, potassium sorbate, algin, limonene, linalool.",£22.00,"['Dry', 'Oily']","hydration, uneven texture"
Dermalogica Age Smart Multivitamin Power Recovery Masque 75ml,https://www.lookfantastic.com/dermalogica-age-smart-multivitamin-power-recovery-masque-75ml/10365252.html,Mask,"water (aqua), butylene glycol, glycerin, c12-15 alkyl benzoate, algae extract, glycereth-7 triacetate, di-c12-15 alkyl fumarate, panthenol, glyceryl stearate, peg-100 stearate, tocopheryl acetate, orbignya oleifera seed oil, persea gratissima (avocado) oil unsaponifiables, dipropylene glycol dibenzoate, stearyl alcohol, chamomilla recutita (matricaria) flower extract, avena sativa (oat) kernel extract, vitis vinifera (grape) seed extract, citrus medica limonum (lemon) peel extract, glycyrrhiza glabra (licorice) root extract, symphytum officinale extract, arctium majus root extract, zea mays (corn) oil, anthemis nobilis flower oil, beta-carotene, phospholipids, lactic acid, allantoin, sclerotium gum, linoleic acid, retinyl palmitate, ascorbyl palmitate, aminomethyl propanol, dimethicone, menthoxypropanediol, potassium cetyl phosphate, ppg-15 stearyl ether benzoate, sodium pca, sorbitan stearate, propylene glycol, carbomer, sodium polyacrylate, ammonium glycyrrhizate, tetrasodium edta, phenoxyethanol, chlorphenesin, methylparaben, propylparaben, and annatto (ci 75120).",£44.55,"['Dry', 'Oily', 'Sensitive']","hydration, brightening, dark spots, uneven texture"
Garnier Fresh-Mix Brightening Face Sheet Shot Mask with Vitamin C 33g,https://www.lookfantastic.com/garnier-fresh-mix-brightening-face-sheet-shot-mask-with-vitamin-c-33g/11850180.html,Mask,"aqua / water, glycerin, propanediol, betaine, peg-40 hydrogenated castor oil, sodium citrate, sodium hyaluronate, algin, hydroxyacetophenone, hydroxyethylcellulose, citric acid, ci 42090 / blue 1, parfum / fragrance.",£3.99,['Dry'],hydration
Holika Holika Pure Essence Mask Sheet - Lemon,https://www.lookfantastic.com/holika-holika-pure-essence-mask-sheet-lemon/11693496.html,Mask,"water, glycerin, dipropylene glycol, betaine, polyglyceryl-10 laurate, butylene glycol, centella asiatica extract, paeonia suffruticosa root extract, 1,2-hexanediol, allantoin, panthenol, citrus limon (lemon) fruit extract, chamomilla recutita (matricaria) flower extract, arginine, carbomer, glyceryl caprylate, xanthan gum, ethylhexylglycerin, citrus aurantium dulcis (orange) oil, pyrus malus (apple) fruit extract, carica papaya (papaya) leaf extract, viola tricolor extract, lavandula angustifolia (lavender) flower extract, centaurea cyanus flower extract, disodium edta.",£1.95,"['Dry', 'Sensitive']","hydration, sensitivity"
APIVITA Express Radiance Face Mask - Pomegranate 2x8ml,https://www.lookfantastic.com/apivita-express-radiance-face-mask-pomegranate-2x8ml/11902646.html,Mask,"aqua (water), glycerin, butylene glycol, behenyl alcohol, peg-60 almond glycerides, sorbitol, aqua (water), tocopheryl acetate, panthenol, butyrospermum parkii (shea) butter, punica granatum fruit extract, olea europaea (olive) fruit oil, mannitol, cellulose, sodium hyaluronate, mel (honey) extract, ethylhexylglycerin, sodium acrylates copolymer, tocopherol, sodium phytate, helianthus annuus (sunflower) seed oil, sodium carbomer, phenoxyethanol, phospholipids, helianthus annuus (sunflower) seed oil, peg-40 hydrogenated castor oil, caprylyl glycol, ascorbyl palmitate, retinyl palmitate, hydrogenated polyisobutene, polyglyceryl-10 stearate, camellia sinensis leaf extract, hydroxypropyl methylcellulose, alcohol, parfum (fragrance), hexyl cinnamal, linalool, butylphenyl methylpropional, benzyl salicylate, limonene, geraniol, benzyl alcohol, citronellol, hydroxycitronellal, hydroxyisohexyl 3-cyclohexene carboxaldehyde, ci 77891 (titanium dioxide), ci 77491 (iron oxides).",£4.00,['Dry'],"hydration, sun protection"
"Dear, Klairs Rich Moist Soothing Tencel Sheet Mask 25ml",https://www.lookfantastic.com/dear-klairs-rich-moist-soothing-tencel-sheet-mask-25ml/11902248.html,Mask,"water, butylene glycol, glycerin, 1,2-hexanediol, aloe barbadensis leaf juice, glycereth-26, propanediol, dipotassium glycyrrhizate, panthenol, betaine, allantoin, cellulose, hydroxyethyl cellulose, sodium hyaluronate, centella asiatica extract, hydrogenated lecithin, ceramide np, ceramide ns, ceramide ap, ceramide as, ceramide eop, phytosphingosine, cholesterol, cetearyl alcohol, stearic acid, carbomer, arginine, disodium edta, sodium acetate, pvm/ma copolymer, polyglyceryl-10 laurate, glyceryl acrylate/ acrylic acid copolymer, ethylhexylglycerin.",£3.00,"['Dry', 'Sensitive', 'Normal']","hydration, sensitivity"
Clinique Moisture Surge Overnight Mask 100ml,https://www.lookfantastic.com/clinique-moisture-surge-overnight-mask-100ml/11144744.html,Mask,"water\aqua\eau, glycerin, cetyl alcohol, dimethicone, glyceryl polymethacrylate, butyrospermum parkii (shea butter), cetyl ethylhexanoate, peg-8, glycereth-26, sucrose, sorbitan stearate, peg-100 stearate, trehalose, mangifera indica (mango) seed butter, hypnea musciformis (algae) extract, gellidiela acerosa (algae) extract, olea europaea (olive) fruit extract, triticum vulgare (wheat bran) extract, cladosiphon okamuranus extract, astrocaryum murumuru seed butter, cetearyl alcohol, aloe barbadensis leaf water, peg-75, caffeine, pantethine, sorbitol, butylene glycol, oryzanol, bisabolol, panthenol, phytosterols, tocopheryl acetate, caprylyl glycol, sodium hyaluronate, hexylene glycol, carbomer, potassium hydroxide, dextrin, disodium edta, phenoxyethanol, red 4 (ci 14700), yellow 5 (ci 19140).",£32.00,"['Dry', 'Sensitive']","hydration, under-eye"
APIVITA Express Deep Cleansing Face Mask - Green Clay 2x8ml,https://www.lookfantastic.com/apivita-express-deep-cleansing-face-mask-green-clay-2x8ml/11902641.html,Mask,"aqua (water), montmorillonite, c12-20 acid peg-8 ester, helianthus annuus (sunflower) seed oil, magnesium aluminum silicate, caprylic/capric triglyceride, butylene glycol, alcohol denat, talc, ci77891 (titanium dioxide), ethylhexyl palmitate, glyceryl stearate, hydrolyzed wheat protein, calendula officinalis flower extract, glycerin, tocopheryl acetate, aqua (water), bisabolol, tocopherol, disteardimonium hectorite, panthenol, phenoxyethanol, peg-40 hydrogenated castor oil, caprylyl glycol, xanthan gum, propylene carbonate, ethylhexylglycerin, camellia sinensis leaf extract, propolis extract, aloe barbadensis leaf juice powder, lavandula angustifolia (lavender) oil, citrus limon (lemon) peel oil, parfum (fragrance), hexyl cinnamal, butylphenyl methylpropional, hydroxycitronellal, cintrellol, hydroxyiso-hexyl hydroxyiso-hexyl 3-cyclohexene carboxaldehyde, alpha-isomethyl ionone, geraniol.",£4.00,"['Dry', 'Sensitive']","hydration, sensitivity, sun protection"
BeautyPro Detoxifying Foaming Cleansing Sheet Mask with Activated Charcoal,https://www.lookfantastic.com/beautypro-detoxifying-foaming-cleansing-sheet-mask-with-activated-charcoal/11432736.html,Mask,"activated charcoal extract, extracts of lime, lemon, apple, orange and grapefruit, ginseng root, chamomile, pomegranate, witch hazel, tomato, lavender, rose water, tea tree.",£4.95,"['Oily', 'Sensitive']","acne, sensitivity, oil control, blackheads"
GLAMGLOW Supermud Mask 15g,https://www.lookfantastic.com/glamglow-supermud-mask-15g/11422900.html,Mask,"water\aqua\eau, kaolin, magnesium aluminum silicate, mandelic acid, carbon, eucalyptus globulus leaf, tartaric acid, pyruvic acid, lactic acid, salicylic acid, glycolic acid, eucalyptus globulus leaf powder, aloe barbadensis leaf juice, glycyrrhiza glabra (licorice) root extract, cucumis sativus (cucumber) fruit extract, hedera helix (ivy) extract, symphytum officinale (comfrey) leaf extract, chamomilla recutita (matricaria) extract, peg-12 dimethicone, caprylyl glycol, sodium hydroxide, butylene glycol, mentha piperita (peppermint) oil, hectorite, hexylene glycol, glycerin, calendula officinalis extract, maltodextrin, ethylhexylglycerin, xanthan gum, fragrance (parfum), limonene, benzyl benzoate, linalool, phenoxyethanol, potassium sorbate, sodium benzoate, iron oxides (ci 77499).",£16.00,"['Dry', 'Oily', 'Sensitive']","acne, hydration, brightening, sensitivity, dark spots, blackheads, uneven texture"
Garnier Fresh-Mix Replumping Face Sheet Shot Mask with Hyaluronic Acid 33g,https://www.lookfantastic.com/garnier-fresh-mix-replumping-face-sheet-shot-mask-with-hyaluronic-acid-33g/11850179.html,Mask,"aqua / water, glycerin, propanediol, betaine, peg-40 hydrogenated castor oil, sodium citrate, sodium hyaluronate, algin, ascorbyl glucoside, hydroxyacetophenone, hydroxyethylcellulose, citric acid, ci 19140 / yellow 5, parfum / fragrance.",£3.99,['Dry'],hydration
"Dear, Klairs Midnight Blue Calming Sheet Mask 25ml",https://www.lookfantastic.com/dear-klairs-midnight-blue-calming-sheet-mask-25ml/11902249.html,Mask,"water, butylene glycol, methylpropanediol, glycereth-26, 1,2 hexanediol, salix alba (willow) bark extract, glycerin, erythritol, arginine, carbomer, carrageenan, betaine, allantoin, ethylhexylglycerin, propanediol, polyglyceryl-10 laurate, glyceryl acrylate/acrylic acid copolymer, pvm/ma copolymer, disodium edta, dipotassium glycyrrhizate, melaleuca alternifolia (tea tree) leaf oil, centella asiatica extract.",£3.00,"['Dry', 'Oily', 'Sensitive']","acne, hydration, sensitivity, oil control"
AHAVA Single Use Overnight Deep Wrinkle Mask 6ml,https://www.lookfantastic.com/ahava-single-use-overnight-deep-wrinkle-mask-6ml/12054131.html,Mask,"aqua (mineral spring water), glycerin, cyclomethicone, niacinamide, saccharide isomerate, isodecyl isononanoate, hydroxyethyl acrylate/sodium acryloyldimethyl taurate copolymer, caprylyl methicone, aloe barbadensis leaf juice, simmondsia chinensis (jojoba) seed oil, propanediol (corn derived glycol), phenoxyethanol, cocos nucifera (coconut) oil, gardenia tahitensis flower extract, tocopherol (vitamin e), caprylyl glycol, dimethiconol, 1,2-hexanediol, peg-12 dimethicone/ppg-20 crosspolymer, sodium hyaluronate, dimethicone, butylene glycol, calotropis procera (apple of sodom) callus extract, ethylhexylglycerin, carbomer, tripeptide-3, allantoin, maris aqua (dead sea water), palmitoyl oligopeptide, palmitoyl tetrapeptide-7, polysorbate-20, parfum (fragrance), hexyl cinnamal, linalool, limonene, geraniol.",£2.36,"['Dry', 'Oily', 'Sensitive', 'Normal']","acne, hydration, brightening, dark spots, oil control, under-eye"
Estée Lauder Perfectly Clean Foam Cleanser/Purifying Mask 150ml,https://www.lookfantastic.com/estee-lauder-perfectly-clean-foam-cleanser-purifying-mask-150ml/11141613.html,Mask,"water\aqua\eau, myristic acid, glycerin, behenic acid, potassium hydroxide, palmitic acid, sodium methyl cocoyl taurate, lauric acid, stearic acid, sucrose, montmorillonite, silybum marianum (lady's thistle) extract, gentiana lutea (gentian) root extract, algae extract, sodium hyaluronate, sorbitol, caffeine, zinc pca, peg-3 distearate, kaolin, fragrance (parfum), disodium edta, methylchloroisothiazolinone, methylisothiazolinone",£21.60,"['Dry', 'Oily']","hydration, oil control, under-eye"
Origins Original Skin Retexturizing Mask with Rose Clay 75ml,https://www.lookfantastic.com/origins-original-skin-retexturizing-mask-with-rose-clay-75ml/12013397.html,Mask,"water\aqua\eau, butylene glycol, kaolin, montmorillonite, polysorbate 20, jojoba esters, peg-100 stearate, bentonite, glycerin, citrus grandis (grapefruit) peel oil, lavandula angustifolia (lavender) oil, pelargonium graveolens flower oil, amyris balsamifera bark oil, salvia sclarea (clary) oil, anthemis nobilis flower oil, rosa centifolia flower extract, limonene,  linalool, geraniol, epilobium angustifolium flower\leaf\stem extract, castanea sativa (chestnut) seed extract, albizia julibrissin bark extract, lecithin, ethylhexylglycerin, caprylyl glycol, propylene glycol laurate, propylene glycol stearate, peg-150 distearate, hypnea musciformis (algae) extract, gellidiela acerosa (algae) extract, simethicone, sodium hyaluronate, sorbitan laurate, hexylene glycol, dehydroacetic acid, xanthan gum, trisodium edta, phenoxyethanol, titanium dioxide (ci 77891), iron oxides (ci 77491, ci 77492, ci 77499)",£22.00,"['Dry', 'Oily']","hydration, sun protection"
APIVITA Express Moisturizing Face Mask - Aloe 2 x 8ml,https://www.lookfantastic.com/apivita-express-moisturizing-face-mask-aloe-2-x-8ml/11902637.html,Mask,"aqua (water), dodecane, glycerin, propanediol dicaprylate, peg-40 hydrogenated castor oil, simmondsia chinensis (jojoba) seed oil, triticum vulgare (wheat) germ oil, butyrospermum parkii (shea) butter, aloe barbadensis leaf juice powder, rosa centifolia flower juice, sorbitan oleate, sideritis perfoliata flowers/leaves/stems extract, sodium hyaluronate, sideritis scardica flowers/leaves/stems extract, sideritis raeseri flowers/leaves/stems extract, mel (honey), aqua (water), citrus aurantium bergamia (bergamot) peel oil, panthenol, glyceryl stearate, peg-100 stearate, tocopheryl acetate, helianthus annuus (sunflower) seed oil, carbomer, hydroxyacetophenone, xanthan gum, acrylates/c10-30 alkyl acrylate crosspolymer, sodium hydroxide, allantoin, tocopherol, sodium phytate, dehydroacetic acid, alcohol, parfum (fragrance), benzyl alcohol, butylphenyl methylpropional, linalool, limonene, citronellol, ci 19140 (yellow 5), ci 61570 (green 5).",£4.00,"['Dry', 'Sensitive']",hydration
AHAVA Single Use Brightening & Hydration Mask 6ml,https://www.lookfantastic.com/ahava-single-use-brightening-hydration-mask-6ml/12054114.html,Mask,"aqua (mineral spring water), glycerin, propanediol (corn derived glycol), squalene (phytosqualene), niacinamide, hydroxyethyl acrylate/sodium acryloyldimethyl taurate copolymer, isostearyl isostearate, ethylhexyl palmitate, caprylyl methicone, silica, pvp, phenoxyethanol, aloe barbadensis leaf extract, peg-12 dimethicone/ppg-20 crosspolymer, propylene glycol, caprylyl glycol, 1,2 hexanediol, sodium hyaluronate, tin oxide, titanium dioxide, chromium oxide greens, mica, saccharide isomerate, hydrolyzed yeast protein, biosaccharide gum-1, parfum (fragrance), citral, limonene, linalool, ferric ferrocyanide, allantoin, silt (dead sea mud), maris aqua (dead sea water), lactic acid, ethylhexylglycerin, dunaliella salina extract, hydrogenated polydecene, phoenix dactylifera (date) fruit extract, tetrahydropiperine, maris sal (dead sea salt).",£2.36,"['Dry', 'Oily', 'Sensitive', 'Normal']","acne, hydration, brightening, dark spots, sun protection, oil control, under-eye"
NIP+FAB Teen Skin Fix Salicylic Acid Sheet Mask,https://www.lookfantastic.com/nip-fab-teen-skin-fix-salicylic-acid-sheet-mask/11888236.html,Mask,"water, glycerin, propanediol, alcohol denat., glycereth-26, betaine, hydroxypropyl methylcellulose, butylene glycol, 1,2-hexanediol, hydroxyacetophenone, erythritol, methyl gluceth-20, centella asiatica extract, salicylic acid, polyglyceryl-4 caprate, polyglyceryl-6 caprylate, hydroxyethyl urea, potassium hydroxide, allantoin, cocos nucifera (coconut) fruit juice, cocos nucifera (coconut) water, dipotassium glycyrrhizate, xanthan gum, linoleic acid, sodium hyaluronate, fragrance, glycyrrhiza glabra (licorice) root extract, sodium chloride, glyoxal, citrullus lanatus (watermelon) fruit extract, sophora flavescens root extract, chrysanthemum zawadskii extract, azadirachta indica leaf extract, perilla frutescens leaf extract, chrysanthemum parthenium (feverfew) extract, oleic acid lens esculenta (lentil) fruit extract, pyrus malus (apple) fruit extract, sodium lactate, palmitic acid, palmitoyl tripeptide-5, stearic acid, sodium pca, sodium benzoate, potassium sorbate, tocopherol.",£5.50,"['Dry', 'Oily', 'Sensitive']","acne, hydration, brightening, sensitivity, dark spots, blackheads"
Neutrogena Hydro Boost Hydrogel Recovery Mask 30ml,https://www.lookfantastic.com/neutrogena-hydro-boost-hydrogel-recovery-mask-30ml/11671608.html,Mask,"aqua, dipropylene glycol, propanediol, chondrus crispus extract, tremella fuciformis sporocarp extract, tocopherol, plukenetia volubilis seed oil, peg-60 hydrogenated castor oil, sucrose cocoate, hydrolyzed hyaluronic acid, ceratonia siliqua gum, potassium chloride, xanthan gum, disodium edta, trisodium edta, chlorphenesin, phenoxyethanol, parfum, ci42090.",£5.49,['Dry'],"hydration, firmness"
Garnier Moisture Bomb Deep Sea Water & Hyaluronic Acid Night-Time Eye Tissue Mask 6g,https://www.lookfantastic.com/garnier-moisture-bomb-deep-sea-water-hyaluronic-acid-night-time-eye-tissue-mask-6g/12356487.html,Mask,"aqua / water, propylene glycol, glycerin, arginine, centaurea cyanus flower water, citric acid, coco-betaine, dipotassium glycyrrhizate, glyceryl acrylate/acrylic acid copolymer, hydrogenated starch hydrolysate, hydroxyacetophenone, hydroxyethylcellulose, lavandula hybrida oil, limonene, mannose, maris aqua / sea water, p-anisic acid, peg-40 hydrogenated castor oil, phenoxyethanol, potassium hydroxide, propanediol, pvm/ma copolymer, sodium hyaluronate, xanthan gum, parfum / fragrance.",£2.99,['Dry'],hydration
OSKIA Renaissance Mask (50ml),https://www.lookfantastic.com/oskia-renaissance-mask-50ml/10539055.html,Mask,"glycerin, aqua (water), cetearyl olivate, methyl sulphonyl methane, sorbitan olivate, lactic acid, sodium lactate, carica papaya (papaya) fruit extract, maltodextrin, citrus medica limonum (lemon) fruit extract, passiflora quadrangularis fruit extract, ananas sativus (pineapple) fruit extract, vitis vinifera (grape) fruit extract, benzyl alcohol, parfum (fragrance), alcohol denat., xanthan gum, lepidium sativum sprout extract, inulin, alpha-glucan oligosaccharide, ribose, petasites japonicus (butterbur) root extract, lecithin, dehydroacetic acid, potassium sorbate, sodium bisulfite, phenoxyethanol, geraniol, citronellol, linalool, ci 77491 (iron oxide).",£60.00,"['Dry', 'Oily']","hydration, uneven texture"
APIVITA Express Firming Face Mask - Royal Jelly 2x8ml,https://www.lookfantastic.com/apivita-express-firming-face-mask-royal-jelly-2x8ml/11902650.html,Mask,"aqua (water), glycerin, butylene glycol, aqua (water), behenyl alcohol, peg-60 almond glycerides, hydroxypropyl cyclodextrin, sorbitol, tocopheryl acetate, panthenol, royal jelly, sodium carbomer, hydrolyzed wheat protein, phenoxyethanol, olea europaea (olive) fruit oil, butyrospermum parkii (shea) butter, caprylyl glycol, mel (honey), helianthus annuus (sunflower) seed oil, tocopherol, sodium phytate, polyglyceryl-10 stearate, phospholipids, lecithin, camellia sinensis leaf extract, sodium hyaluronate, boswellia carterii oil, citrus aurantium amara (bitter orange) flower oil, pentylene glycol, ethylhexyglycerin, sodium acrylates copolymer, hydrogenated polyisobutene, parfum (fragrance), benzyl salicylate, linalool, butylphenyl methylpropional, hydroxyisohexyl 3-cyclohexene carboxaldehyde, limonene, citronellol, geraniol, alpha-isomethyl ionone, hydroxycitronellal.",£5.50,['Dry'],hydration
PIXI Glow Mud Mask 30ml,https://www.lookfantastic.com/pixi-glow-mud-mask-30ml/11200041.html,Mask,"aloe barbadensis leaf juice, kaolin, sea silt (mediterranean and dead sea mud), diatomaceous earth, bentonite, glycerin, glyceryl stearate, cetyl alcohol, simmondsia chinensis (jojoba) seed oil, squalane, humulus lupulus (hops) extract, arctium lappa root (burdock) extract, rosmarinus officinalis (rosemary) leaf extract, salvia officinalis (sage) leaf extract, panax (ginseng) root extract, phenoxyethanol, caprylyl glycol, ethylhexylglycerin, hexylene glycol, sodium hyaluronate, polysorbate 20, chlorphenesin, hydroxyethyl cellulose, xanthan gum, fragrance, dead sea salt, iron oxide (ci 77499), citric acid.",£18.00,"['Dry', 'Oily']",hydration
Clinique Moisture Surge Overnight Mask 15ml,https://www.lookfantastic.com/clinique-moisture-surge-overnight-mask-15ml/11700023.html,Mask,"water\aqua\eau, glycerin, cetyl alcohol, dimethicone, glyceryl polymethacrylate, butyrospermum parkii (shea butter), cetyl ethylhexanoate, peg-8, glycereth-26, sucrose, sorbitan stearate, peg-100 stearate, trehalose, mangifera indica (mango) seed butter, hypnea musciformis (algae) extract, gellidiela acerosa (algae) extract, olea europaea (olive) fruit extract, triticum vulgare (wheat bran) extract, cladosiphon okamuranus extract, astrocaryum murumuru seed butter, cetearyl alcohol, aloe barbadensis leaf water, peg-75, caffeine, pantethine, sorbitol, butylene glycol, oryzanol, bisabolol, panthenol, phytosterols, tocopheryl acetate, caprylyl glycol, sodium hyaluronate, hexylene glycol, carbomer, potassium hydroxide, dextrin, disodium edta, phenoxyethanol, red 4 (ci 14700), yellow 5 (ci 19140).",£7.00,"['Dry', 'Sensitive']","hydration, under-eye"
NIP+FAB Glycolic Fix Extreme Bubble Mask 23g,https://www.lookfantastic.com/nip-fab-glycolic-fix-extreme-bubble-mask-23g/11567217.html,Mask,"aqua (water), glycerin, cocamidopropyl betaine, tromethamine, glycolic acid, dipropylene glycol, methyl perfluorobutyl ether, methyl perfluoroisobutyl ether, disiloxane, hydroxyethylcellulose, decyl glucoside, allantoin, phenoxyethanol, chlorphenesin, hydroxyacetophenone, caprylyl glycol, 1,2-hexanediol, parfum (fragrance), propanediol, disodium edta, sodium hyaluronate, illicium verum (anise) fruit extract, retinyl palmitate, thiamine hcl, riboflavin, niacin, carnitine hcl, pantothenic acid, biotin, folic acid, ascorbic acid, tocopherol, linalool.",£7.00,"['Dry', 'Oily', 'Sensitive']","hydration, uneven texture"
Aesop Chamomile Concentrate Anti-Blemish Mask 60ml,https://www.lookfantastic.com/aesop-chamomile-concentrate-anti-blemish-mask-60ml/10366573.html,Mask,"water (aqua), kaolin, bentonite, alcohol denat., glycerin, oenothera biennis (evening primrose) oil, rosa canina fruit oil, phenoxyethanol, citrus medica limonum (lemon) peel oil, ormenis multicaulis oil, rosmarinus officinalis (rosemary) leaf oil, melaleuca alternifolia (tea tree) leaf oil, salvia officinalis (sage) oil, leptospermum petersonii oil, methylchloroisothiazolinone, methylisothiazolinone, d-limonene.",£31.00,"['Dry', 'Oily']","acne, hydration, oil control"
L'Oréal Paris Pure Clay Detox Face Mask 50ml,https://www.lookfantastic.com/l-oreal-paris-pure-clay-detox-face-mask-50ml/11740138.html,Mask,"aqua / water, kaolin, montmorillonite, lecithin, polysorbate 20, butylene glycol, propylene glycol, ci 77499 / iron oxides, oryza sativa starch / rice starch, moroccan lava clay, charcoal powder, caprylyl glycol, citric acid, xanthan gum, polyglycerin-10, polyglyceryl-10 myristate, polyglyceryl-10 stearate, sodium dehydroacetate, phenoxyethanol, chlorphenesin, linalool, limonene, parfum / fragrance.",£7.99,"['Dry', 'Oily']","acne, hydration, oil control, blackheads"
Origins Clear Improvement Active Charcoal Mask to Clear Pores 75ml,https://www.lookfantastic.com/origins-clear-improvement-active-charcoal-mask-to-clear-pores-75ml/12013399.html,Mask,"water\aqua\eau, myrtus communis (myrtle) leaf water, kaolin, bentonite, butylene glycol, montmorillonite, polysorbate 20, peg-100 stearate, charcoal powder, xanthan gum, lecithin, peg-150 distearate, propylene glycol stearate, sorbitan laurate, glycerin, propylene glycol laurate, simethicone, caprylyl glycol, ethylhexylglycerin, hexylene glycol, trisodium edta, dehydroacetic acid, phenoxyethanol.",£22.00,"['Dry', 'Oily']","hydration, oil control, blackheads"
Peter Thomas Roth Cucumber Gel Mask 14ml,https://www.lookfantastic.com/peter-thomas-roth-cucumber-gel-mask-14ml/11509393.html,Mask,"water/aqua/eau, butylene glycol, cucumis sativus (cucumber) fruit extract, ananas sativus (pineapple) fruit extract, vaccinium myrtillus fruit/leaf extract, carica papaya (papaya) fruit extract, acer saccharum (sugar maple) extract, saccharum officinarum (sugar cane) extract, aloe barbadensis leaf juice, chamomilla recutita (matricaria) flower extract, chamomilla recutita (matricaria) flower oil, citrus limon (lemon) fruit extract, citrus aurantium dulcis (orange) fruit extract, mangifera indica (mango) fruit extract, sodium pca, allantoin, glycerin, propylene glycol, disodium edta, sodium hydroxide, citric acid, carbomer, triethanolamine, polysorbate 20, potassium sorbate, sodium benzoate, phenoxyethanol, yellow 5 (ci 19140), blue 1 (ci 42090).",£6.72,"['Dry', 'Sensitive']",hydration
APIVITA Express Purifying Face Mask for Oily Skin - Propolis 2x8ml,https://www.lookfantastic.com/apivita-express-purifying-face-mask-for-oily-skin-propolis-2x8ml/11902643.html,Mask,"aqua (water), heilmoor clay, c12-20 acid peg-8 ester, helianthus annuus (sunflower) seed oil, magnesium aluminum silicate, ethylhexyl cocoate, aqua (water), montmorillonite, alcohol, sorbitol, glyceryl stearate, propolis extract, sideritis scardica flowers/leaves/stems extract, sideritis perfoliata flowers/leaves/stems extract , sideritis raeseri flowers/leaves/stems extract, helichrysum italicum extract, citrus limon (lemon) peel oil, helianthus annuus (sunflower) seed oil, panthenol, tocopherol, tocopheryl acetate, peg-40 hydrogenated castor oil, citric acid, disodium edta, xanthan gum, ethylhexylglycerin, caprylyl glycol, disteardimonium hectorite, propylene carbonate, phenoxyethanol, parfum (fragrance), farnesol, hexyl cinnamal, limonene, hydroxycitronellal, citronellol, linalool, geraniol.",£4.00,"['Dry', 'Oily']","acne, hydration, oil control, blackheads"
COSRX Ultimate Nourishing Rice Overnight Spa Mask 60ml,https://www.lookfantastic.com/cosrx-ultimate-nourishing-rice-overnight-spa-mask-60ml/11540299.html,Mask,"oryza sativa (rice) extract, butylene glycol, glycerin, helianthus annuus (sunflower) seed oil, betaine, niacinamide, dimethicone, 1,2-hexanediol, cetearyl olivate, sorbitan olivate, elaeis guineensis (palm) oil, elaeis guineensis (palm) kernel oil, hydroxyethyl acrylate/sodium acryloyldimethyl taurate copolymer, cetearyl alcohol, ethylhexylglycerin, arginine, carbomer, allantoin, xanthan gum.",£23.00,"['Dry', 'Oily', 'Sensitive', 'Normal']","acne, hydration, brightening, dark spots, oil control, under-eye"
REN Clean Skincare Evercalm Ultra Comforting Rescue Mask,https://www.lookfantastic.com/ren-clean-skincare-evercalm-ultra-comforting-rescue-mask/11381174.html,Mask,"water, glycerin, cetearyl alcohol, caprylyl caprylate/caprate, olus oil, lactobacillus ferment, butyrospermum parkii (shea) butter, helianthus annuus (sunflower) seed wax, simmondsia chinensis (jojoba) seed oil, cetearyl glucoside, propanediol, algae extract, cetyl alcohol, lactobacillus, alpha-glucan oligosaccharide, parfum (fragrance), tocopheryl acetate, caprylic/capric triglyceride, panthenol, carbomer, vaccinium vitis-idaea (lingonberry) seed oil, xanthan gum, arnica montana flower extract, camelina sativa seed oil, cocos nucifera (coconut) fruit extract, tocopherol, magnesium carboxymethyl beta-glucan, malachite extract, albatrellus ovinus extract, laminaria ochroleuca extract, glucose, phenoxyethanol, helianthus annuus (sunflower) seed oil, citric acid, sodium hydroxide, rosmarinus officinalis leaf extract, citronellol, geraniol, limonene, linalool.",£32.00,['Dry'],hydration
Erno Laszlo Multi-Task Eye Serum Mask (6 Pack),https://www.lookfantastic.com/erno-laszlo-multi-task-eye-serum-mask-6-pack/11640755.html,Mask,"water (aqua/eau), glycerin, butylene glycol, niacinamide, ceratonia siliqua gum, chondrus crispus (carrageenan) extract, allantoin, peg-60 hydrogenated castor oil, centella asiatica extract, ethylhexylglycerin, saccharide isomerate, disodium edta, dipotassium glycyrrhizate, 1,2-hexanediol, sodium citrate, sodium hyaluronate, citric acid, potassium hydroxide, chlorella vulgaris extract, parfum (fragrance), phenoxyethanol.",£35.00,"['Dry', 'Oily', 'Sensitive', 'Normal']","acne, hydration, brightening, sensitivity, dark spots, oil control, under-eye"
Holika Holika Baby Silky Hand Mask Sheet,https://www.lookfantastic.com/holika-holika-baby-silky-hand-mask-sheet/11693582.html,Mask,"water, dimethicone, butylene glycol, glycerin, alcohol, mineral oil, cetyl ethythexanoate, betaine, tocopheryl acetate, urea, butyrospermum parkii (shea) butter, trehalose, carica papaya (papaya) fruit extract, sodium hyaluronate, chamomilla recutita (matricaria) flower extract, aloe barbadensis leaf juice, persea gratissima (avocado) oil, olea europaea (olive) fruit oil, honey extract, punica granatum fruit extract, milk protein extract, salicylic acid, cyclopentasiloxane, cetearyl glucoside, polyacrylate-13, polyisobutene, cetearyl alcohol, glyceryl stearate, peg-100 stearate, polysorbate 20, polyglyceryl-3 methylglucose distearate, acrylates/c10-20 alkyl acrylate crosspolymer, triethanolamine, disodium edta, phenoxyethanol, methylparaben, propylparaben, fragrance.",£3.95,"['Dry', 'Oily']","acne, hydration, blackheads"
Avène Soothing Radiance Mask 50ml,https://www.lookfantastic.com/avene-soothing-radiance-mask-50ml/12312814.html,Mask,"avene thermal spring water (avene aqua). mineral oil (paraffinum liquidum). caprylic/capric triglyceride. water (aqua). carthamus tinctorius (safflower) seed oil (carthamus tinctorius seed oil). palmitic acid. stearic acid. hydrogenated palm/palm kernel oil peg-6 esters. triethanolamine. glyceryl stearate. microcrystalline wax (cera microcristallina). peg-100 stearate. propylene glycol. 1,2-hexanediol. caprylic/capric glycerides. caprylyl glycol. carbomer. disodium edta. fragrance (parfum). phenyl trimethicone. ribes rubrum (currant) fruit extract (ribes rubrum fruit extract). rubus idaeus (raspberry) fruit extract (rubus idaeus fruit extract). sodium benzoate. tocopheryl glucoside. tropolone. vaccinium myrtillus fruit extract.",£13.00,['All'],general
BARBER PRO Face Putty Black Peel-Off Mask with Activated Charcoal (3 Applications),https://www.lookfantastic.com/barber-pro-face-putty-black-peel-off-mask-with-activated-charcoal-3-applications/11432729.html,Mask,"aqua, alcohol denat., polyvinyl alcohol, peg-60 hydrogenated castor oil, glycerin, cellulose gum, charcoal powder, phenoxyethanol, chlorphenesin, fragrance, ethylhexylglycerin, sodium magnesium silicate, algin, trehalose, caprylyl glycol, polyglycerin-10, polyglyceryl-10 stearate, polyglyceryl-10 myristate, disodium edta, citric acid, sodium dehydroacetate, vitis vinifera (grape) fruit extract, butylene glycol, sea water, lavandula angustifolia (lavender) flower water, fragaria chiloensis (strawberry) fruit extract, ginkgo biloba leaf extract, citrus aurantium dulcis (orange) fruit water, camellia sinensis leaf extract, melaleuca alternifolia (tea tree) leaf oil, citrus limon (lemon) fruit extract, sodium benzoate, potassium sorbate.",£4.95,"['Dry', 'Oily']","acne, hydration, oil control, blackheads"
Garnier Ultralift Anti Ageing Radiance Boosting Face Sheet Mask 32g,https://www.lookfantastic.com/garnier-ultralift-anti-ageing-radiance-boosting-face-sheet-mask-32g/11850181.html,Mask,"aqua / water, propanediol, butylene glycol, vitis vinifera seed extract / grape seed extract, ppg-1-peg-9 lauryl glycol ether, peg-40 hydrogenated castor oil, coceth-7, sodium hyaluronate, sodium polyacrylate, sodium polyacrylate starch, p-anisic acid, hydroxyacetophenone, biosaccharide gum-1, xanthan gum, phenoxyethanol, parfum / fragrance.",£3.99,['All'],general
FOREO UFO Activated Masks - Call It a Night (7 Pack),https://www.lookfantastic.com/foreo-ufo-activated-masks-call-it-a-night-7-pack/11740181.html,Mask,"aqua (water), metlclylpropanediol, glycerin 1,2-hexanediol, panthenol, hydroxyacetophenone, betaine, carbomer, arginine, hydroxyethyl acrylate/sodium/ acryloyldlmethyl taurate copolymer, butylene glycol, olea europaea (olive) fruit oil, hydroxythylcellulose, dipropylene glycol, parfum (fragrance), sorbitan isostearate, polysorbate 60, crataegus oxyacantha fruit extract, gelidium cartilagineum extract, panax ginseng root extract.",£9.99,['Dry'],hydration
Peter Thomas Roth Cucumber Gel Mask 150ml,https://www.lookfantastic.com/peter-thomas-roth-cucumber-gel-mask-150ml/10365298.html,Mask,"water/aqua/eau, propylene glycol, cucumis sativus (cucumber) extract, carica papaya (papaya) fruit extract, ananas sativus (pineapple) extract, aloe barbadensis leaf juice (whole leaf aloe vera), vaccinium myrtillus (bilberry) fruit extract, saccharum officinarum (sugarcane) extract, acer saccharum (sugar maple) extract, chamomilla recutita (matricaria) extract, chamomilla recutita (matricaria) oil, citrus medica limonum (lemon) extract, citrus aurantium dulcis (orange) extract, glycerin, sodium pca, allantoin, disodium edta, sodium polyacrylate, triethanolamine, carbomer, polysorbate 20, diazolidinyl urea, methylparaben, propylparaben, yellow 5 (ci 19140), blue 1 (ci 42090).",£41.60,"['Dry', 'Sensitive']","hydration, sensitivity"
Peter Thomas Roth Cucumber Hydra-Gel Eye Masks 60 masks,https://www.lookfantastic.com/peter-thomas-roth-cucumber-hydra-gel-eye-masks-60-masks/11381908.html,Mask,"water/aqua/eau, glycerin, carrageenan, dipropylene glycol, ceratonia siliqua (carob) gum, cucumis sativus (cucumber) fruit extract, aloe barbadensis leaf juice powder, caffeine, arnica montana flower extract, sodium hyaluronate, hydrolyzed collagen, chamomilla recutita (matricaria) flower extract, camellia sinensis leaf extract, tocopheryl acetate, niacinamide, adenosine, allantoin, maltodextrin, ethylhexylglycerin, butylene glycol, calcium lactate, ricinus communis (castor) seed oil, xanthan gum, dextrin, potassium chloride, disodium edta, peg-60 hydrogenated castor oil, chlorphenesin, phenoxyethanol, mica, fragrance/parfum, yellow 5 (ci 19140), blue 1 (ci 42090).",£41.00,"['Dry', 'Oily', 'Sensitive', 'Normal']","acne, hydration, anti-aging, brightening, dark spots, oil control, firmness, under-eye"
APIVITA Express Moisturizing Face Mask - Honey 2x8ml,https://www.lookfantastic.com/apivita-express-moisturizing-face-mask-honey-2x8ml/11902640.html,Mask,"aqua (water), glycerin, propanediol, aqua (water), hydroxypropyl cyclodextrin, sorbitol, propanediol dicaprylate, butyrospermum parkii (shea) butter, sodium acrylates copolymer, panthenol, mel (honey), olea europaea (olive) fruit oil, hydrolyzed wheat protein, helianthus annuus (sunflower) seed oil, sideritis perfoliata flower/leaf/stem extract, sodium hyaluronate, sideritis scardica flower/leaf/stem extract, hydrolyzed wheat starch, commiphora myrrha oil, sideritis raeseri flower/leaf/stem extract, hydroxyacetophenone, tocopheryl acetate, pentylene glycol, lecithin, ethylhexylglycerin, sodium hydroxide, tocopherol, disodium edta, parfum (fragrance), benzyl salicylate, linalool, limonene, citronellol, geraniol, alpha-isomethyl ionone, hydroxycitronellal, cinnamyl alcohol, citral, benzyl alcohol.",£4.00,['Dry'],hydration
Neutrogena Radiance Boost Hydrogel Recovery Mask 30ml,https://www.lookfantastic.com/neutrogena-radiance-boost-hydrogel-recovery-mask-30ml/11671610.html,Mask,"aqua, dipropylene glycol, propanediol, niacinamide, chondrus crispus extract, rubus fruticosus leaf extract, maltodextrin, tocopherol, plukenetia volubilis seed oil, peg-60 hydrogenated castor oil, sucrose cocoate, ceratonia siliqua gum, potassium chloride, xanthan gum, disodium edta, trisodium edta, chlorphenesin, phenoxyethanol, parfum, linalool, benzyl salicylate, alpha-isomethyl ionone, hexyl cinnamal, citronellol, ci 14700, ci 19140.",£3.50,"['Oily', 'Normal']","acne, brightening, dark spots, oil control, under-eye"
Chantecaille Bio Lift Mask - 50ml,https://www.lookfantastic.com/chantecaille-bio-lift-mask-50ml/11219032.html,Mask,"rosa damascena flower water, aqua (water), propanediol, caprylic/capric triglyceride, glycerin, coco-caprylate/caprate, c12-20 acid peg-8 ester, potassium cetyl phosphate, carbomer, saccharide isomerate, phenoxyethanol, ci 77891 (titanium dioxide), ethylhexylglycerin, c12-13 alkyl lactate, prunus armeniaca (apricot) kernel oil, sodium hydroxide, citrus aurantium dulcis (orange) fruit extract, pullulan, imperata cylindrica root extract, chondrus crispus powder (carrageenan), propylene glycol, disodium edta, triticum vulgare (wheat) protein, bisabolol, pentylene glycol, tocopheryl acetate, butylene glycol, algae extract, rosa damascena flower oil, sodium hyaluronate, citronellol, peg-8, acacia decurrens flower wax, jasminum grandiflorum (jasmine) flower wax, narcissus poeticus flower wax, pelargonium graveolens oil, citric acid, sodium citrate, geraniol, caprylyl glycol, centella asiatica extract, tocopherol, saxifraga sarmentosa extract, sodium benzoate, ascorbyl palmitate, potassium sorbate, linalool, acetyl hexapeptide-8, acrylates/c10-30 alkyl acrylate crosspolymer, ascorbic acid.",£148.00,"['Dry', 'Sensitive']","hydration, sensitivity, sun protection"
Rodial Dragon's Blood Eye Mask Single,https://www.lookfantastic.com/rodial-dragon-s-blood-eye-mask-single/11330916.html,Mask,"aqua(water/eau), butylene glycol, glycerin, propanediol, croton lechleri resin extract, olive oil glycereth-8 esters, phenoxyethanol, ethylhexylglycerin, scutellaria baicalensis root extract, carbomer, arginine, glyceryl caprylate, xanthan gum, panthenol, arnica montana flower extract, sodium citrate, polysorbate 20, sodium hyaluronate, tocopheryl acetate, allantoin, disodium edta, parfum(fragrance), hydrolyzed collagen, morus alba bark extract, hamamelis virginiana (witch hazel) extract, pentylene glycol.",£6.00,"['Dry', 'Oily', 'Sensitive']","hydration, anti-aging, firmness"
BeautyPro CBD Oil Infused Sheet Mask 22ml,https://www.lookfantastic.com/beautypro-cbd-oil-infused-sheet-mask-22ml/12371988.html,Mask,"cannabis sativa seed extract, pentylene glycol, arnica montana flower extract, glycerin, hibiscus esculentus fruit extract, dioscorea opposita root extract, linum usitatissimum seed extract, salvia hispanica seed extract, cannabis sativa seed oil, lavandula angustifolia (lavender oil) decyl glucoside, rosmarinas officinalis (rosemary) leaf extract, chamomilla recutita (matricaria) flower extract, rosa canina fruit extract.",£5.95,['Dry'],hydration
Origins Out of Trouble 10 Minute Mask to Rescue Problem Skin 75ml,https://www.lookfantastic.com/origins-out-of-trouble-10-minute-mask-to-rescue-problem-skin-75ml/12013398.html,Mask,"water\aqua\eau, cetyl esters, zinc oxide, titanium dioxide, cetyl alcohol, cetearyl alcohol, glycerin, glyceryl stearate, peg-100 stearate, camphor, ceteareth-20, salicylic acid, colloidal sulfur, butylene glycol, bentonite, caprylyl glycol, hexylene glycol, phenoxyethanol.",£22.00,"['Dry', 'Oily']","acne, hydration, sun protection, oil control, blackheads"
Dr.Jart+ Cicapair Tiger Grass Calming Mask,https://www.lookfantastic.com/dr.jart-cicapair-tiger-grass-calming-mask/12273431.html,Mask,"aqua, butylene glycol, glycerin, niacinamide, 1,2-hexanediol, melia azadirachta leaf extract, carbomer, polyglyceryl-10 laurate, arginine, dextrin, allantoin, dipotassium glycyrrhizate, hydroxyethylcellulose, melia azadirachta flower extract, polyglyceryl-10 myristate, caramel, ethylhexylglycrein, adenosine, disodium edta, glyceryl acrylate/acrylic acid copolymer, pvm/ma copolymer, parfum, sodium hyaluronate, caprylic/capric triglyceride, anthemis nobilis flower extract, citrus aurantium bergamia peel oil, lavandula angustifolia oil, rosmarinus officinalis flower/leaf/stem extract, methyl lactate, ethyl menthane carboxamide, methyl diisopropyl propionamide, hydrogenated lecithin, polyglyceryl-10 oleate, asiatic acid, asiaticoside, madecassic acid, centella asiatica extract, madecassoside.",£5.50,"['Dry', 'Oily', 'Sensitive', 'Normal']","acne, hydration, brightening, sensitivity, dark spots, oil control, under-eye"
Lancôme Génifique Hydrogel Sheet Mask (1 Mask),https://www.lookfantastic.com/lancome-genifique-hydrogel-sheet-mask-1-mask/11536785.html,Mask,"water, butylene glycol, bifida ferment lysate, glycerin, bis-peg-18 methyl ether dimethyl silane, hydroxyethylpiperazine ethane sulfonic acid, alcohol denat., peg-20, sodium benzoate, sodium hydroxide, phenoxyethanol, adenosine, ppg-3 myristyl ether, chlorphenesin, salicyloyl phytosphingosine, ammonium polyacryldimethyltauramide/ammonium polyacryloyldimethyl taurate, limonene, carbomer, citronellol, fragrance.",£16.20,['Dry'],hydration
Holika Holika Skin Rescuer Mask Sheet - Collagen,https://www.lookfantastic.com/holika-holika-skin-rescuer-mask-sheet-collagen/11693490.html,Mask,"water, glycerin, isopentyldiol, dipropylene glycol, butylene glycol, centella asiatica extract, paeonia suffruticosa root extract, sodium hyaluronate, 1,2-hexanediol, peg-60 hydrogenated castor oil, chamomilla recutita (matricaria) flower extract, carbomer, arginine, glyceryl caprylate, hydroxyethylcellulose, ethylhexylglycerin, hydrolyzed collagen, citrus aurantium dulcis (orange) oil, citrus grandis (grapefruit) peel oil, salvia officinalis (sage) leaf extract, malva sylvestris (mallow) flower extract, citrus limon (lemon) fruit extract, scabiosa arvensis extract, lavandula angustifolia (lavender) oil, pelargonium graveolens flower oil, ocimum basilicum (basil) oil, rosmarinus officinalis (rosemary) leaf oil, salvia sclarea (clary) oil, glycosphingolipids, glycolipids, caprylyl glycol, acetyl hexapeptide-8, disodium edta.",£3.95,"['Dry', 'Sensitive']","hydration, anti-aging, sensitivity, firmness"
AHAVA Single Use Clearing Mask 6ml,https://www.lookfantastic.com/ahava-single-use-clearing-mask-6ml/12054113.html,Mask,"aqua (mineral spring water), kaolin, glycerin, aloe barbadensis leaf juice, glyceryl stearate, propanediol (corn derived glycol), synthetic fluorphlogopite, silt (dead sea mud), titanium dioxide, tin oxide, butylene glycol, calendula officinalis extract,1,10 –decanediol, 10-hydroxydecanoic acid, sebacic acid, caprylyl glycol, chlorphenesin, phenoxyethanol, bisabolol, jojoba esters, xanthan gum, magnesium aluminum silicate, linum usitatissimum (linseed) seed extract, sodium levulinate, honokiol, magnolol, 1,2 hexanediol, silica, ci 77007, allantoin, parfum (fragrance), dipotassium glycyrrhizate, maris sal (dead sea salt), maris aqua (dead sea water), tetrahydropiperine, ferric ferrocyanide.",£2.36,"['Dry', 'Sensitive']","hydration, sensitivity, sun protection"
FARMACY Honey Potion Renewing Antioxidant Hydration Mask,https://www.lookfantastic.com/farmacy-honey-potion-renewing-antioxidant-hydration-mask/11787598.html,Mask,"glycerin, diglycerin, polyglyceryl-10 stearate, honey extract, propolis extract, royal jelly extract, panthenol, caprylic/capric triglyceride, hippophae rhamnoides oil, zingiber officinale (ginger) root extract, allantoin, phenoxyethanol, echinacea purpurea root extract, honey, water, flavor, vanillyl butyl ether.",£36.00,"['Dry', 'Sensitive']",hydration
Liz Earle Deep Cleansing Mask 75ml,https://www.lookfantastic.com/liz-earle-deep-cleansing-mask-75ml/12540067.html,Mask,"aloe barbadensis (aloe vera) leaf juice, kaolin, mel (honey), illite, glycerin, glyceryl stearate se, propolis cera (propolis wax), bentonite, alcohol, xanthan gum, pelargonium graveolens (geranium) oil, phenoxyethanol, decyl glucoside, sodium hydroxide, ethylhexylglycerin, benzoic acid, dehydroacetic acid, citronellol, potassium sorbate, citric acid.",£19.00,"['Dry', 'Oily', 'Sensitive']","hydration, sensitivity"
Vichy Quenching Mineral Mask Duo Sachet 2 x 6ml,https://www.lookfantastic.com/vichy-quenching-mineral-mask-duo-sachet-2-x-6ml/11489285.html,Mask,"aqua, glycerin, alcohol denat., niacinamide, dipropylene glycol, pentylene glycol, butylene glycol, peg-8, peg/ppg/polybutylene glycol-8/5/3 gylcerin, peg-60 hydrogenated caster oil, ci 61570, carbomer, triethanolamine, phenoxyethanol, ammonium polyacryloyldimethyl taurate, tetrasodium edta, menthoxypropanediol, t-butyl alcohol, parfum.",£3.00,"['Dry', 'Oily', 'Normal']","acne, hydration, brightening, dark spots, oil control, under-eye"
AHAVA Single Use Mud Mask 8ml,https://www.lookfantastic.com/ahava-single-use-mud-mask-8ml/12054135.html,Mask,"kaolin, silt (dead sea mud), aqua (mineral spring water), cocamide mea, dmdm hydantoin, sodium lauroamphoacetate, sodium trideceth sulfate, propanediol (corn derived glycol), glyceryl stearate, ethylhexyl palmitate, aloe barbadensis leaf extract, propylene glycol, glycerin, simmondsia chinensis (jojoba) seed oil, ceteareth-30, cetearyl alcohol, maris sal (dead sea water), sodium lactate, zinc oxide, caprylyl glycol, chlorphenesin, phenoxyethanol, panthenol (pro vitamin b5), chamomilla recutita (matricaria) flower oil, stearyl alcohol, magnesium aluminum silicate, hydroxyethylcellulose, peg-40 stearate, allantoin, lactic acid, dimethicone, sorbitan tristearate, xanthan gum, peg-5 cocoate, peg-8 dicocoate, peg-9, iodopropynyl butylcarbamate, triclosan, methylisothiazolinone, bha, tocopherol (vitamin e).",£2.36,"['Dry', 'Oily', 'Sensitive', 'Normal']","hydration, sun protection, oil control, uneven texture"
Sanctuary Spa Charcoal Bubble Sheet Mask 22g,https://www.lookfantastic.com/sanctuary-spa-charcoal-bubble-sheet-mask-22g/11794090.html,Mask,"water (aqua), dipropylene glycol, glycerin, methyl perfluorobutyl ether, methyl perfluoroisobutyl ether, disodium cocoamphodiacetate, cocamidopropyl betaine, sodium chloride, betaine, butylene glycol, paeonia suffruticosa root extract, centella asiatica extract, sodium polyacrylate, 1,2-hexanediol, hexylene glycol, xanthan gum, chamomilla recutita (matricaria) flower extract, glyceryl caprylate, fragrance (parfum), ethylhexylglycerin, disodium edta, citrus paradisi (grapefruit) fruit extract, origanum vulgare leaf extract, chamaecyparis obtusa leaf extract, salix alba (willow) bark extract, citrus aurantifolia (lime) fruit extract, citrus medica limonum (lemon) fruit extract, pyrus malus (apple) fruit extract, citrus aurantium dulcis (orange) fruit extract, vitis vinifera (grape) fruit extract, lactobacillus/soybean ferment extract, portulaca oleracea extract, scutellaria baicalensis root extract, cinnamomum cassia bark extract, phenoxyethanol, limonene, hexyl cinnamal, linalool.",£5.00,"['Dry', 'Sensitive']","hydration, sensitivity"
MAGICSTRIPES Lifting Collagen Mask (1 Mask),https://www.lookfantastic.com/magicstripes-lifting-collagen-mask-1-mask/11422050.html,Mask,"water, sodium polyacrylate, butylene glycol, glycerin, hydrolyzed collagen,  caffeine,  tocopherol,  ascorbic acid,  avena sativa extract,  aroma.",£8.00,['Dry'],"hydration, anti-aging, firmness, under-eye"
NIOD Voicemail Masque 50ml,https://www.lookfantastic.com/niod-voicemail-masque-50ml/11418894.html,Mask,"lactococcus ferment lysate, dimethicone, centaurea cyanus flower water, glycerin, dimethicone/vinyl dimethicone crosspolymer, hydroxyethyl acrylate/sodium acryloyldimethyl taurate copolymer, propanediol, aqua (water), pentylene glycol, origanum vulgare leaf extract, leontopodium alpinum callus culture extract, plantago lanceolata leaf extract, melanin, sodium hyaluronate, arginine, sodium chloride, isohexadecane, polysorbate 60, xanthan gum, citric acid, ethoxydiglycol, ppg-26-buteth-26, peg-40 hydrogenated castor oil, potassium sorbate, sodium benzoate, ethylhexylglycerin, phenoxyethanol, chlorphenesin.",£30.00,['Dry'],hydration
NIP+FAB Retinol Fix Sheet Mask 10g,https://www.lookfantastic.com/nip-fab-retinol-fix-sheet-mask-10g/12192676.html,Mask,"(aqua) water, glycerin, butylene glycol, pentaerythrityl tetraethylhexanoate, 1,2-hexanediol, hydroxyacetophenone, cetyl ethylhexanoate, cetearyl alcohol, betaine, glyceryl stearate, dimethicone, adenosine, c14-22 alcohols, trehalose, acrylates/c10-30 alkyl acrylate crosspolymer, arginine, dipotassium glycyrrhizate, c12-20 alkyl glucoside, caprylic/capric triglyceride, sodium hyaluronate, parfum (fragrance), glyceryl acrylate/acrylic acid copolymer, leontopodium alpinum callus culture extract, cocos nucifera (coconut) fruit juice, cocos nucifera (coconut) water, polysorbate 20, polycaprolactone, retinol, lecithin, palmitoyl tripeptide-5, ceramide np, sodium magnesium silicate, phaseolus radiatus seed extract, bht, glucose, avena sativa (oat) meal extract.",£7.95,"['Dry', 'Oily', 'Normal']","hydration, anti-aging, firmness, under-eye"
Origins Clear Improvement Charcoal Honey Mask to Purify and Nourish 75ml,https://www.lookfantastic.com/origins-clear-improvement-charcoal-honey-mask-to-purify-and-nourish-75ml/11862064.html,Mask,"water\aqua\eau, butylene glycol, bentonite, montmorillonite, honey\mel\miel, polysorbate 20, peg-100 stearate, polybutene, jojoba esters, lavandula angustifolia (lavender) oil, citrus limon (lemon) peel oil, cananga odorata flower oil, mentha viridis (spearmint) leaf oil, rosmarinus officinalis leaf oil, eugenia caryophyllus (clove) bud oil, gaultheria procumbens (wintergreen) leaf oil, citrus aurantium amara (bitter orange) flower extract, triethyl citrate, ethyl phenylacetate, limonene, linalool, eugenol, citral, benzyl benzoate, yeast extract\faex\extrait de levure, kaolin, charcoal powder, caffeine, sodium hyaluronate, glycerin, trehalose, lecithin, ethylhexylglycerin, xanthan gum, caprylyl glycol, peg-150 distearate, silica, hexylene glycol, disodium edta, tetrasodium edta, dehydroacetic acid, phenoxyethanol, mica, titanium dioxide (ci 77891), iron oxides (ci 77491, ci 77492, ci 77499).",£30.00,"['Dry', 'Oily']","hydration, sun protection, oil control, blackheads, under-eye"
Filorga Hydra-Filler Mask 23g,https://www.lookfantastic.com/filorga-hydra-filler-mask-23g/11395502.html,Mask,"aqua (water), glycerin, pentylene glycol, xanthan gum, polysorbate 20, sodium hyaluronate, sodium pca, sodium lactate, parfum (fragrance), tetrasodium glutamate diacetate, citric acid, aloe barbadensis leaf juice powder, fructose, glycine, niacinamide, sodium benzoate, urea, sodium hydroxide, inositol.",£10.00,"['Dry', 'Oily', 'Normal']","acne, hydration, brightening, dark spots, oil control, under-eye"
Bulldog Oil Control Face Mask 100ml,https://www.lookfantastic.com/bulldog-oil-control-face-mask-100ml/11393163.html,Mask,"aqua (water), kaolin, glycerin, decyl glucoside, montmorillonite, phenoxyethanol, xanthan gum, hamamelis virginiana (witch hazel) water, chlorphenesin, parfum (fragrance), disodium edta, alcohol, sodium dehydroacetate, salix alba (willow) bark extract, limonene, juniperus communis fruit extract, potassium sorbate, sodium benzoate, citric acid, sodium hydroxide.",£4.50,"['Dry', 'Oily']",hydration
MAGICSTRIPES Chin & Cheek Lifting Mask (1 Mask),https://www.lookfantastic.com/magicstripes-chin-cheek-lifting-mask-1-mask/11422054.html,Mask,"water, sodium polyacrylate, butylene glycol, glycerin, hydrolyzed collagen, caffeine, tocopherol, ascorbic acid, avena sativa extract, aroma",£10.00,['Dry'],"hydration, anti-aging, firmness, under-eye"
Neutrogena Purifying Boost Hydrogel Recovery Mask 30ml,https://www.lookfantastic.com/neutrogena-purifying-boost-hydrogel-recovery-mask-30ml/11671604.html,Mask,"aqua, dipropylene glycol, propanediol, butyrospermum parkii butter, chondrus crispus extract, moringa oleifera seed extract, tocopherol, plukenetia volubilis seed oil, peg-60 hydrogenated castor oil, sucrose cocoate, glycerin, ceratonia siliqua gum, potassium chloride, xanthan gum, disodium edta, trisodium edta, citric acid, disodium phosphate, chlorphenesin, phenoxyethanol, parfum, linalool, hexyl cinnamal, ci 42090, ci 19140.",£3.99,['Dry'],hydration
APIVITA Express Line Reducing Face Mask - Grape 2x8ml,https://www.lookfantastic.com/apivita-express-line-reducing-face-mask-grape-2x8ml/11902647.html,Mask,"aqua (water), glycerin, hydrogenated vegetable oil, cetearyl alcohol, dipalmitoyl hydroxyproline, biosaccharide gum-4, olea europaea (olive) fruit oil, dicaprylyl carbonate, vitis vinifera (grape) seed oil, caprylyl glycol, tocopheryl acetate, cetearyl glucoside, mannitol, ethylhexyglycerin, decyl glucoside, helianthus annuus (sunflower) seed oil, aqua (water), cellulose, polyglyceryl-10 stearate, phospholipids, cetyl palmitate, sorbitan olivate, sorbitan palmitate, allantoin, bisabolol, tocopherol, disodium edta, camellia sinensis leaf extract, sodium hyaluronate, retinyl palmitate, ubiquinone, sodium acrylates copolymer, hydrogenated polyisobutene, phenoxyethanol, panthenol, xantham gum, rosa damascena flower oil, pogostemon calbin leaf oil, parfum (fragrance), geraniol, hydroxycitronellal, linalool, hexyl cinnamal, limonene, alphasomethyl ionone, citronellol, benzyl salicylate, hydroxypropyl methylcellulose, ci 77491 (iron oxides), ci 77492 (iron oxides), ci 77891 (titanium dioxide).",£4.00,"['Dry', 'Sensitive']","hydration, sun protection"
PIXI Collagen Plumping Mask 45ml,https://www.lookfantastic.com/pixi-collagen-plumping-mask-45ml/12040129.html,Mask,"aqua/water/eau, glycerin, propanediol, caprylic/capric triglyceride, hydrogenated polydecene, cetearyl alcohol, glyceryl stearate, propylene glycol, sorbitan stearate, phenoxyethanol, acacia seyal gum extract, ethylhexylglycerin, adenosine, potassium sorbate, acetyl hexapeptide-8, avena strigosa seed extract, beta-glucan, camellia japonica flower extract, chamomilla recutita (matricaria) extract, salvia officinalis (sage) extract, rosa canina fruit extract, jasminum officinale (jasmine) extract, mentha viridis (spearmint) extract, lavandula angustifolia (lavender) extract, rosmarinus officinalis (rosemary) leaf extract, melissa officinalis extract, lavandula angustifolia (lavender) oil, citrus aurantium dulcis (orange) peel oil, citrus aurantifolia (lime) oil, citric acid, palmitic acid, stearic acid, sodium polyacrylate starch, arginine, carbomer, allantoin, lecithin, 1,2-hexanediol, butylene glycol, disodium edta.",£18.00,"['Dry', 'Sensitive']",hydration
FOREO UFO Activated Masks - Make My Day (7 Pack),https://www.lookfantastic.com/foreo-ufo-activated-masks-make-my-day-7-pack/11740180.html,Mask,"aqua (water), methylpropanediol, glycerin, 1,2-hexanediol, panthenol, hydroxyacetophenone, betaine, brassica oleracea italica (broccoli) sprout extract, gelidium cartilagineum extract, hydroxyethyl acrlate/sodium acryloyldimethleaurate copolymer, carbomer, arginine, hydroxyethyl cellulose, sodium hyaluronate, sodium acetylated hyaluronate, hydrolyzed hyaluronic acid, parfum (fragrance).",£9.99,['Dry'],"hydration, firmness"
Elemis Pro-Collagen Hydra-Gel Eye Mask (Pack of 6),https://www.lookfantastic.com/elemis-pro-collagen-hydra-gel-eye-mask-pack-of-6/10955088.html,Mask,"aqua/water/eau, glycerin, ceratonia siliqua gum, carrageenan, phenoxyethanol, panthenol, lactobacillus, scutellaria baicalensis root, camellia sinensis leaf, artemisia princeps leaf, houttuynia cordata leaf, citrus junos (yuzu) fruit extract ferment filtrate, peg-60 hydrogenated castor oil, simmondsia chinensis (jojoba) seed oil, maris aqua (sea water), ethylhexylglycerin, sodium hyaluronate, caprylyl glycol, 1,2-hexanediol, plankton extract, disodium edta, chlorella vulgaris extract, potassium hydroxide, ricinus communis (castor) seed oil, butylene glycol, padina pavonica thallus extract.",£52.00,['Dry'],hydration
REN Clean Skincare Clarimatte Invisible Pores Detox Mask,https://www.lookfantastic.com/ren-clean-skincare-pore-minimising-detox-mask-50ml/10364158.html,Mask,"citrus aurantium amara (bitter orange) flower water, glycerin, alcohol, caprylic/capric triglyceride, cetearyl olivate, phospholipids, glycine soja (soybean) oil, sorbitan olivate, phenoxyethanol, vaccinium vitis-idaea (lingonberry) seed oil, inulin, lactose, milk protein, aster maritima/ tripolium extract, arnica montana flower extract, laminaria digitata extract, sodium hyaluronate, sodium carboxymethyl betaglucan, alpha-glucan oligosaccharide, rumex occidentalis extract, laminaria ochroleuca extract, tocopherol, xanthan gum, sodium hydroxymethylglycinate, lactic acid, sodium citrate.",£28.00,"['Dry', 'Oily']","hydration, uneven texture"
Eve Lom Rescue Mask (100ml),https://www.lookfantastic.com/eve-lom-rescue-mask-100ml/10365803.html,Mask,"kaolin, aqua (water), glycerin, alcohol denat., mel (honey), prunus amygdalus dulcis (almond meal and extract), camphor, magnesium aluminum silicate, sodium chloride, allantoin, aluminum chlorohydrate, propylene glycol, calcium chloride.",£55.00,"['Dry', 'Sensitive']",hydration
GLAMGLOW Supermud Mask 50g,https://www.lookfantastic.com/glamglow-supermud-mask-50g/11422899.html,Mask,"water\aqua\eau, kaolin, magnesium aluminum silicate, mandelic acid, carbon, eucalyptus globulus leaf, tartaric acid, pyruvic acid, lactic acid, salicylic acid, glycolic acid, eucalyptus globulus leaf powder, aloe barbadensis leaf juice, glycyrrhiza glabra (licorice) root extract, cucumis sativus (cucumber) fruit extract, hedera helix (ivy) extract, symphytum officinale (comfrey) leaf extract, chamomilla recutita (matricaria) extract, peg-12 dimethicone, caprylyl glycol, sodium hydroxide, butylene glycol, mentha piperita (peppermint) oil, hectorite, hexylene glycol, glycerin, calendula officinalis extract, maltodextrin, ethylhexylglycerin, xanthan gum, fragrance (parfum), limonene, benzyl benzoate, linalool, phenoxyethanol, potassium sorbate, sodium benzoate, iron oxides (ci 77499).",£44.00,"['Dry', 'Oily', 'Sensitive']","acne, hydration, brightening, sensitivity, dark spots, blackheads, uneven texture"
BeautyPro Nourishing Collagen Sheet Mask with Olive Extract,https://www.lookfantastic.com/beautypro-nourishing-collagen-sheet-mask-with-olive-extract/11432735.html,Mask,"aqua, glycerin, glycereth-26, propylene glycol, butylene glycol, hamamelis virginiana (witch hazel), peg-60 hydrogenated castor oil, camellia sinensis leaf extract, aloe barbadensis leaf juice, olea europaea (olive) fruit oil, rosa centifolia flower water, jania rubens extract hydrolyzed collagen, sodium hyaluronate, pentylene glycol, hydroxyethylcellulose, carbomer, triethanolamine, caprylhydroxamic acid, boswellia serrata resin extract, disodium edta, 1,2-hexanediol, phenoxyethanol, ethylhexylglycerin, caprylyl glycol, parfum.",£4.95,"['Dry', 'Oily']","hydration, anti-aging, firmness"
Oh K! Chok Chok Smoothing Undereye Mask 2 x 1.5g,https://www.lookfantastic.com/oh-k-chok-chok-smoothing-undereye-mask-2-x-1.5g/12132626.html,Mask,"aqua (water), glycerin, dipropylene glycol, niacinamide, ceratonia siliqua gum, chondrus crispus powder, calcium aluminum borosilicate, butylene glycol, paeonia suffruticosa root extract, centella asiatica extract, cellulose gum, polyacrylate-13, 1,2-hexanediol, titanium dioxide, sodium hyaluronate, chamomilla recutita (matricaria) flower extract, polyisobutene, glyceryl caprylate, polysorbate 20, adenosine, ethylhexylglycerin, silica, sorbitan isostearate, tin oxide, hamamelis virginiana (witch hazel) leaf extract, magnesium ascorbyl phosphate, hyaluronic acid, laminaria japonica extract, disodium edta, parfum (fragrance).",£4.25,"['Dry', 'Oily', 'Sensitive', 'Normal']","acne, hydration, brightening, sensitivity, dark spots, sun protection, oil control, firmness, under-eye"
AHAVA Purifying Mud Mask 100ml,https://www.lookfantastic.com/ahava-purifying-mud-mask-100ml/11286067.html,Mask,"kaolin, silt (dead sea mud), aqua (mineral spring water), cocamide mea, dmdm hydantoin, sodium lauroamphoacetate, sodium trideceth sulfate, propanediol (corn derived glycol), glyceryl stearate, ethylhexyl palmitate, aloe barbadensis leaf extract, propylene glycol, glycerin, simmondsia chinensis (jojoba) seed oil, ceteareth-30, cetearyl alcohol, maris sal (dead sea water), sodium lactate, zinc oxide, caprylyl glycol, chlorphenesin, phenoxyethanol, panthenol (pro vitamin b5), chamomilla recutita (matricaria) flower oil, stearyl alcohol, magnesium aluminum silicate, hydroxyethylcellulose, peg-40 stearate, allantoin, lactic acid, dimethicone, sorbitan tristearate, xanthan gum, peg-5 cocoate, peg-8 dicocoate, peg-9, iodopropynyl butylcarbamate, triclosan, methylisothiazolinone, bha, tocopherol (vitamin e).",£28.99,"['Dry', 'Oily', 'Sensitive', 'Normal']","hydration, sun protection, oil control, uneven texture"
BeautyPro THERMOTHERAPY Warming Gold Foil Mask 30g,https://www.lookfantastic.com/beautypro-thermotherapy-warming-gold-foil-mask-30g/11855347.html,Mask,"aqua/water/eau, glycerin, propylene glycol, propylene glycol dicaprylate/dicaprate, polysorbate 80, panthenol, hydrolyzed collagen, adenosine, glycine soja (soybean) seed extract, caprylic/capric triglyceride, sodium hyaluronate, hydrogenated lecithin, ubiquinone, tocopheryl acetate, disodium edta, arginine, carbomer, hydroxyethylcellulose, sodium nitrate, glyoxal, benzyl glycol, ethylhexylglycerin, raspberry ketone, butylene glycol, phenoxyethanol, parfum/fragrance.",£5.95,['Dry'],"hydration, anti-aging, firmness"
L'Oréal Paris Pure Clay Blemish Rescue Face Mask 50ml,https://www.lookfantastic.com/l-oreal-paris-pure-clay-blemish-rescue-face-mask-50ml/11740136.html,Mask,"aqua / water, kaolin, glycerin, alcohol denat., isononyl isononanoate, cetearyl alcohol, mica, ci 77891 / titanium dioxide, stearic acid, stearyl alcohol, zinc sulfate, glyceryl stearate citrate, cetearyl glucoside, sodium hydroxide, laminaria saccharina extract, pyridoxine hci, myristic acid, palmitic acid, moroccan lava clay, capryloyl glycine, xanthan gum, montmorillonite, butylene glycol, tocopherol, phenoxyethanol, ci 77499 / iron oxides, ci 77510 / ferric ferrocyanide.",£7.99,"['Dry', 'Oily']","acne, hydration, sun protection, oil control, blackheads"
Garnier Pure Active Anti Blackhead Charcoal Mask Peel Off,https://www.lookfantastic.com/garnier-pure-active-anti-blackhead-charcoal-mask-peel-off/11850178.html,Mask,"aqua/water, alcohol denat., vp/va copolymer, polyvinyl alcohol, glycerin, peg-8, ci 7749/iron oxides, cellulose gum, charcoal powder, citric acid, polyglycerin-10, polyglyceryl-10 myristate, polyglyceryl-10 stearate, salicylic acid, sodium dehydroacetate, sodium hydroxide, xanthan gum, parfum/fragrance.",£7.99,"['Dry', 'Oily']","acne, hydration, oil control, blackheads"
Chantecaille Jasmine & Lily Healing Mask,https://www.lookfantastic.com/chantecaille-jasmine-lily-healing-mask/11219064.html,Mask,"rosa damascena flower water, aqua/water/eau, glycerin, caprylic/capric triglyceride, ppg-15 stearyl ether, c12-20 acid peg-8 ester, coco-caprylate/caprate, potassium cetyl phosphate, carbomer, phenoxyethanol, saccharide isomerate, ci 77891 (titanium dioxide), ethylhexylglycerin, sodium hydroxide, chlorphenesin, macadamia integrifolia seed oil, oenothera biennis (evening primrose) oil, chondrus crispus powder (carrageenan), bisabolol, panthenol, glycyrrhetinic acid, sodium hyaluronate, acacia decurrens flower wax, jasminum grandiflorum (jasmine) flower wax, narcissus poeticus flower wax, jasminum grandiflorum (jasmine) flower extract, peg-8, citric acid, sodium citrate, tocopherol, pelargonium graveolens oil, rosa damascena flower oil, lilium candidum bulb extract, ascorbyl palmitate, ascorbic acid, citronellol, geraniol, benzyl benzoate, linalool, eugenol",£75.00,"['Dry', 'Sensitive']","hydration, sun protection"
Omorovicza Deep Cleansing Mask (50ml),https://www.lookfantastic.com/omorovicza-deep-cleansing-mask-50ml/10448801.html,Mask,"aqua (hungarian thermal water), kaolin, glycerin, cetearyl alcohol, silt (hungarian mud), stearic acid, cetearyl olivate, zinc oxide, phenoxyethanol, sorbitan olivate, mannitol, malpighia punicifolia (acerola) fruit extract, saccharomyces (hungarian thermal water) ferment extract, tocopherol, ethylhexylglycerin, sodium hydroxide, parfum (fragrance), yeast extract, phospholipids, linalool, limonene, citronellol, geraniol.",£72.00,"['Dry', 'Oily']","hydration, sun protection, oil control"
Sukin Oil Balancing + Charcoal Anti-Pollution Facial Masque 100ml,https://www.lookfantastic.com/sukin-oil-balancing-charcoal-anti-pollution-facial-masque-100ml/11254342.html,Mask,"water (aqua), kaolin, bentonite, stearic acid, cetyl alcohol, cetearyl alcohol, glyceryl stearate, caprylic/capric triglyceride, ceteareth-20, persea gratissima (avocado) oil, rosa canina fruit oil (rose hip), charcoal powder (bamboo charcoal), biosaccharide gum-4, cydonia oblonga leaf extract (quince), cocos nucifera (coconut) oil, aloe barbadensis leaf juice, cucumis sativus (cucumber) fruit extract, moringa oleifera leaf extract, aspalathus linearis leaf extract (rooibos), chamomilla recutita (matricaria) flower extract (chamomile), epilobium angustifolium extract (willowherb), punica granatum fruit extract (pomegranate), vaccinium myrtillus fruit extract (bilberry), glycerin, tocopherol, xanthan gum, citrus nobilis (mandarin orange) peel oil, lavandula angustifolia (lavender) oil, backhousia citriodora leaf oil (lemon myrtle), citrus aurantifolia (lime) oil, citrus aurantium amara (bitter orange) leaf/twig oil (petitgrain), citric acid, phenoxyethanol, benzyl alcohol, limonene, linalool.",£11.95,"['Dry', 'Oily', 'Sensitive']","hydration, sensitivity, oil control, blackheads"
La Roche-Posay Hydraphase Intense Masque 50ml,https://www.lookfantastic.com/la-roche-posay-hydraphase-intense-masque-50ml/11091834.html,Mask,"aqua, glycerin, dimethicone, alcohol denat, butyrospermum parkii butter, glyceryl stearate, paraffinum liquidum, cetyl alcohol, peg-100 stearate, nylon-12.",£18.00,['Dry'],hydration
Peter Thomas Roth Pumpkin Enzyme Mask 150ml,https://www.lookfantastic.com/peter-thomas-roth-pumpkin-enzyme-mask-150ml/11030448.html,Mask,"water/aqua/eau, cucurbita pepo (pumpkin), aluminum oxide, glycerin, triethanolamine, lactobacillus/pumpkin ferment extract, ascorbic acid, tocopherol, retinyl palmitate, sodium hyaluronate, leuconostoc/radish root ferment filtrate, edta, edetate discodium, dihydrate, usp, methyl eugenol, carbomer, potassium sorbate, sodium benzoate, chlorphenesin, phenoxyethanol.",£50.00,['Dry'],hydration
AHAVA Single Use Hydration Cream Mask 8ml,https://www.lookfantastic.com/ahava-single-use-hydration-cream-mask-8ml/12054132.html,Mask,"aqua (mineral spring water), glycerin, ceteareth-20 & cetearyl alcohol, caprylic/capric triglyceride, glyceryl stearate, ethylhexyl palmitate, propanediol (corn derived glycol), cetyl alcohol, alanine & creatine & glycerin & glycine & magnesium aspartate & saccharide hydrolysate & urea, butyrospermum parkii (shea butter), caprylyl glycol & chlorphenesin & phenoxyethanol, 1,2 hexanediol & sodium hyaluronate & aqua (water), aloe barbadensis leaf juice, aloe barbadensis leaf extract & propylene glycol, maris sal (dead sea water), peg-40 stearate, xanthan gum, sorbitan tristearate, tocopheryl (vitamin e) acetate, silt (dead sea mud), parfum (fragrance), lactic acid, saccharide isomerate, tocopherol (vitamin e), hexyl cinnamal, limonene, benzyl salicylate, linalool, hydroxycitronellal.",£2.36,"['Dry', 'Oily', 'Normal']","hydration, uneven texture"
Sanctuary Spa 5 Minute Thermal Charcoal Detox Mask 75ml,https://www.lookfantastic.com/sanctuary-spa-5-minute-thermal-charcoal-detox-mask-75ml/11794100.html,Mask,"zeolite, butylene glycol, glycerin, peg-8, kaolin, dimethicone, prunus amygdalus dulcis (sweet almond) oil, cetyl alcohol, peg-150, cera alba (beeswax), titanium dioxide, xanthan gum, carbon, commiphora myrrha oil.",£10.00,['Dry'],"hydration, sun protection"
Shiseido Benefiance Pure Retinol Express Smoothing Eye Mask x 12 Sachets,https://www.lookfantastic.com/shiseido-benefiance-pure-retinol-express-smoothing-eye-mask-x-12-sachets/10991445.html,Mask,"water (aqua), butylene glycol, pentaerythrityl tetraethylhexanoate, diphenylsiloxy phenyl trimethicone, glycerin, dipropylene glycol, peg-60 hydrogenated castor oil, tocopheryl acetate, phenoxyethanol, alcohol, carbomer, sodium citrate, fragrance (parfum), bht, squalane, xanthan gum, potassium hydroxide, retinol, polysorbate 20, citric acid, trisodium edta, magnesium ascorbyl phosphate, butylphenyl methylpropional, sapindus mukurossi peel extract (sapindus mukurossi), limonene, linalool, uncaria gambir extract (uncaria gambir), citronellol, alpha-isomethyl ionone, paeonia suffruticosa root extract, geraniol, benzyl benzoate, sodium acetylated hyaluronate, hydroxyproline, chlorella vulgaris extract, beta-carotene (ci 75130).",£62.00,"['Dry', 'Oily']","hydration, anti-aging, firmness, under-eye"
Murad Pore Extractor Pomegranate Mask,https://www.lookfantastic.com/murad-pore-extractor-pomegranate-mask/11502948.html,Mask,"water/aqua/eau, sodium c14-16 olefin sulfonate, bentonite, butylene glycol, jojoba esters, glyceryl stearate, peg-100 stearate, cetearyl alcohol, titanium dioxide (ci 77891), polylactic acid, sodium palmamphoacetate, hydrolyzed jojoba esters, kaolin, methyl gluceth-20, lithium magnesium sodium silicate, polysorbate 20, punica granatum extract, schinus molle extract, acacia concinna fruit extract, balanites aegyptiaca fruit extract, gypsophila paniculata root extract, urea, yeast amino acids, trehalose, inositol, taurine, betaine, xanthan gum, propanediol, disodium carboxyethyl siliconate, citric acid, cocamidopropyl betaine, caprylyl glycol, chlorphenesin, phenoxyethanol, fragrance (parfum), red 40 lake (ci 16035).",£30.00,"['Oily', 'Normal']","hydration, sun protection, uneven texture"
Holika Holika Skin Rescuer Mask Sheet - Vita C,https://www.lookfantastic.com/holika-holika-skin-rescuer-mask-sheet-vita-c/11693486.html,Mask,"water, glycerin, niacinamide, isopentyldiol, dipropylene glycol, butylene glycol, centella asiatica extract, paeonia suffruticosa root extract, sodium hyaluronate, 1,2-hexanediol, peg-60 hydrogenated castor oil, chamomilla recutita (matricaria) flower extract, carbomer, arginine, glyceryl caprylate, hydroxyethylcellulose, ethylhexylglycerin, magnesium ascorbyl phosphate, salvia officinalis (sage) leaf extract, malva sylvestris (mallow) flower extract, scabiosa arvensis extract, glutathione, disodium edta, fragrance.",£3.95,"['Dry', 'Oily', 'Sensitive', 'Normal']","acne, hydration, brightening, sensitivity, dark spots, oil control, under-eye"
BARBER PRO Gentlemen's Sheet Mask Rejuvenating and Hydrating with Anti-Ageing Collagen,https://www.lookfantastic.com/barber-pro-gentlemen-s-sheet-mask-rejuvenating-and-hydrating-with-anti-ageing-collagen/11432732.html,Mask,"aqua, glycerin, propylene glycol, glycereth-26, hydrolyzed collagen, sodium pca, camellia sinensis leaf extract, janria rubens extract, sodium hyaluronate, butylene glycol, caprylhydroxamic acid, 1,2-hexanediol, boswellia serrata resin extract, peg-60 hydrogenated castor oil, natto gum, punica granatum fruit extract, hamamelis virginiana (witch hazel) extract, charcoal powder, tocopheryl acetate, disodium edta, triethanolamine, hydroxyethylcellulose, carbomer parfum, phenoxyethanol, ethylhexylglycerin",£4.95,"['Dry', 'Oily']","hydration, anti-aging, oil control, blackheads, firmness"
APIVITA Moisturizing Face Mask - Aloe 50ml,https://www.lookfantastic.com/apivita-moisturizing-face-mask-aloe-50ml/11902627.html,Mask,"aqua (water), caprylic/capric triglyceride, simmondsia chinensis (jojoba) seed oil, glycerin, triticum vulgare (wheat) germ oil, peg-40 hydrogenated castor oil, butyrosper-mum parkii (shea) butter, aloe barbadensis leaf juice powder, rosa centifolia flower juice, camellia sinensis leaf extract, sodium hyaluronate, mel (honey) extract, citrus aurantium bergamia (bergamot) fruit oil, pelargonium graveolens flower oil, glyceryl stearate, cyclopentasiloxane, arginine, tocopheryl acetate, peg-100 stearate, phenoxyethanol, panthenol, caprylyl glycol, carbomer, acrylates/c10-30 alkyl acrylate crosspolymer, ethylhexylglycerin, xanthan gum, allantoin, aqua (water), sodium phytate, sorbitan oleate, parfum (fragrance), butylphenyl methylpropional, linalool, limonene, citronellol, ci 19140 (yellow 5), ci 61570 (green 5).",£12.30,"['Dry', 'Sensitive']",hydration
Project Lip Mask,https://www.lookfantastic.com/project-lip-mask/11928476.html,Mask,"water, glycerin, dipropylene glycol, caprylic/capric triglyceride, ceratonia siliqua gum, butylene glycol, chondrus crispus powder, chondrus crispus extract, polysorbate 60, mica, cellulose gum, paeonia suffruticosa root extract, centella asiatica extract, 1,2-hexanediol, potassium chloride,  titanium dioxide, sodium polyacrylate, chamomilla recutita (matricaria) flower extract, hydrogenated polydecene, glyceryl caprylate, glyceryl stearate, peg-100 stearate, sucrose, ethylhexylglycerin, trideceth-6, citrus aurantium dulcis (orange) fruit extract, sodium hyaluronate, tin oxide, citrus limon (lemon) fruit extract, theobroma cacao (cocoa) extract, sodium oleate, hydrogenated lecithin, acetyl hexapeptide-8, disodium edta, phenoxyethanol, fragrance.",£3.95,"['Dry', 'Sensitive']","hydration, sensitivity, sun protection"
AHAVA Uplifting & Firming Sheet Mask,https://www.lookfantastic.com/ahava-uplifting-firming-sheet-mask/11813087.html,Mask,"aqua (mineral spring water), galactoarabinan, aloe barbadensis leaf juice, glycerin, peg-40 hydrogenated castor oil, propanediol (corn derived glycol), lycium barbarum (tibetian goji berry) fruit extract, phenoxyethanol, sodium hyaluronate, phoenix dactylifera (date) fruit extract, caprylyl glycol, ethylhexylglycerin, allantoin, sodium citrate, parfum (fragrance), xanthan gum, citric acid, maris aqua (dead sea water), hydroxyethylcellulose, methylsilanol mannuronate, 1,2-hexanediol, pichia/resveratrol ferment extract, sorbic acid.",£6.30,"['Dry', 'Sensitive']",hydration
Antipodes Halo Skin Brightening Facial Mud Mask 75g,https://www.lookfantastic.com/antipodes-halo-skin-brightening-facial-mud-mask-75g/11633027.html,Mask,"aqua (water), kaolin, volcanic new zealand mud, glycerine, propanediol (natural), simmondsia chinensis (jojoba) esters, zinc oxide, glucolactone and sodium benzoate, magnesium aluminium silcate, butylene glycol, arbutin, citric acid, sodium sulphite, acetyl tyrosine, saxifraga sarmentosa (strawberry begonia) extract, paeonia suffruticosa (peony) root extract, aminopropyl ascorbyl phosphate, scutellaria baicalensis (skullcap) root extract, glutathione, dehydroacetic acid, benzyl alcohol, xanthan gum, pongamia glabra (indian beech) seed oil, asteriscus graveolens (oxeye) flower extract, persea gratissima (avocado) pear oil, coco-glucoside, vinaza grape and kiwi (vitis vinifera [grape] seed and actinidia deliciosa [kiwi] fruit) extract, pure plant fragrance of vanilla, raspberry, wild berry and musk: benzyl salicylate, citral, citronella, geraniol, d-limonene, linalool.",£26.99,"['Dry', 'Oily']","hydration, sun protection, oil control"
APIVITA Deep Cleansing Face Mask - Green Clay 50ml,https://www.lookfantastic.com/apivita-deep-cleansing-face-mask-green-clay-50ml/11902634.html,Mask,"aqua (water), montmorillonite, c12-20 acid peg-8 ester, helianthus annuus (sunflower) seed oil, magnesium aluminum silicate, caprylic/capric triglyceride, butylene glycol, alcohol denat, talc, ci77891 (titanium dioxide), ethylhexyl palmitate, glyceryl stearate, hydrolyzed wheat protein, calendula officinalis flower extract, glycerin, tocopheryl acetate, aqua (water), bisabolol, tocopherol, disteardimonium hectorite, panthenol, phenoxyethanol, peg-40 hydrogenated castor oil, caprylyl glycol, xanthan gum, propylene carbonate, ethylhexylglycerin, camellia sinensis leaf extract, propolis extract, aloe barbadensis leaf juice powder, lavandula angustifolia (lavender) oil, citrus limon (lemon) peel oil, parfum (fragrance), hexyl cinnamal, butylphenyl methylpropional, hydroxycitronellal, cintrellol, hydroxyiso-hexyl hydroxyiso-hexyl 3-cyclohexene carboxaldehyde, alpha-isomethyl ionone, geraniol.",£12.30,"['Dry', 'Sensitive']","hydration, sensitivity, sun protection"
L'Oréal Paris Pure Clay Glow Face Mask 50ml,https://www.lookfantastic.com/l-oreal-paris-pure-clay-glow-face-mask-50ml/11740139.html,Mask,"aqua / water, kaolin, glycerin, glyceryl stearate, propylene glycol, cyclohexasiloxane, hydrogenated polyisobutene, dimethicone, peg-100 stearate, prunus armeniaca seed powder / apricot seed powder, perlite, polysorbate 20, carbomer, triethanolamine, dimethiconol, palmaria palmata extract, moroccan, lava clay, caprylyl glycol, xanthan gum, montmorillonite, tocopherol, phenoxyethanol, ci 77491, ci 77492, ci 77499 / iron oxides, linalool, parfum / fragrance.",£7.99,"['Dry', 'Oily']","acne, hydration, oil control, blackheads"
The Ordinary Lactic Acid 10% + HA 2% Superficial Peeling Formulation 30ml,https://www.lookfantastic.com/the-ordinary-lactic-acid-10-ha-2-superficial-peeling-formulation-30ml/11363400.html,Peel,"aqua (water), lactic acid, glycerin, pentylene glycol, arginine, potassium citrate, triethanolamine, sodium hyaluronate crosspolymer, tasmannia lanceolata fruit/leaf extract, acacia senegal gum, xanthan gum, trisodium ethylenediamine disuccinate, ppg-26-buteth-26, ethyl 2,2-dimethylhydrocinnamal, peg-40 hydrogenated castor oil, ethylhexylglycerin, 1,2-hexanediol, caprylyl glycol.",£6.10,"['Dry', 'Oily']","hydration, uneven texture"
The Ordinary Lactic Acid 5% + HA 2% Superficial Peeling Formulation 30ml,https://www.lookfantastic.com/the-ordinary-lactic-acid-5-ha-2-superficial-peeling-formulation-30ml/11363397.html,Peel,"aqua (water), lactic acid, glycerin, arginine, potassium citrate, triethanolamine, sodium hyaluronate crosspolymer, tasmannia lanceolata fruit/leaf extract, acacia senegal gum, xanthan gum, pentylene glycol, trisodium ethylenediamine disuccinate, peg-40 hydrogenated castor oil, ppg-26-buteth-26, ethylhexylglycerin, 1,2-hexanediol, caprylyl glycol.",£5.80,"['Dry', 'Oily']","hydration, uneven texture"
The INKEY List Apple Cider Vinegar Acid Peel 30ml,https://www.lookfantastic.com/the-inkey-list-apple-cider-vinegar-acid-peel-30ml/12435693.html,Peel,"aqua (water/eau), glycolic acid, glycerin, caprylyl/capryl glucoside, polysorbate 20, vaccinium myrtillus (bilberry) fruit extract, acetum (apple vinegar/vinaigre), sodium hydroxide, propanediol, xanthan gum, saccharum officinarum (sugar cane) extract, lactobacillus/vaccinium macrocarpon fruit ferment filtrate, phenoxyethanol, hippophae rhamnoides (seabuckthorn) fruit oil, salix alba (willow) bark extract, maltodextrin, citrus aurantium dulcis (orange) fruit extract, citrus limon (lemon) fruit extract, citronellyl methylcrotonate, acer saccharum (sugar maple) extract, ethylhexylglycerin, leuconostoc/radish root ferment filtrate, biosaccharide gum-1, phytic acid, agastache mexicana flower/leaf/stem extract.",£14.99,"['Dry', 'Oily']","hydration, uneven texture"
Elemis Papaya Enzyme Peel 50ml,https://www.lookfantastic.com/elemis-papaya-enzyme-peel-50ml/10365474.html,Peel,"aqua/water/eau, propylene glycol, octyldodecanol, glyceryl stearate se, cetearyl alcohol, glycerin, c12-16 alcohols, helianthus annuus (sunflower) seed oil, niacinamide (vitamin b3), xanthan gum, phenoxyethanol, palmitic acid, hydrogenated lecithin, fragrance (parfum), papain, chlorphenesin, lactis proteinum/milk protein/protéine du lait, ananas sativus (pineapple) fruit extract, sodium dehydroacetate, disodium edta, porphyridium cruentum (red algae) extract, cinnamyl alcohol, fucus vesiculosus (bladderwrack) extract, capsicum annuum fruit extract, tocopherol, citronellol, geraniol, limonene, citral, mentha arvensis (mint) leaf oil, cuminum cyminum (cumin) seed oil.",£35.00,"['Dry', 'Oily', 'Normal']","acne, hydration, brightening, dark spots, oil control, under-eye"
AHAVA Single Use Facial Renewal Peel 8ml,https://www.lookfantastic.com/ahava-single-use-facial-renewal-peel-8ml/12054130.html,Peel,"maris aqua (dead sea water), glycerin, propanediol (corn derived glycol), acer saccharinum (sugar maple) extract & citrus aurantium dulcis (orange) fruit extract & citrus medica limonum (lemon) fruit extract & saccharum officinarum (sugar cane) extract & vaccinium myrtillus (bilberry) leaf extract & aqua (water), aqua (mineral spring water), pvp, aminomethyl propanediol, ascorbic acid (vitamin c), phenoxyethanol & ethylhexylglycerin, aloe barbadensis leaf juice, allantoin, bisabolol, butylene glycol & calendula officinalis flower extract & propylene glycol, aloe barbadensis leaf extract, citrus aurantium bergamia (bergamot) fruit oil, disodium lauriminodipropionate tocopheryl phospates, tocopheryl (vitamin e) acetate, dunaliella salina extract & hydrogenated polydecene, helianthus annuus (sunflower) seed oil & melissa officinalis leaf extract & polyglyceryl-3 polyricinoleate.",£2.36,"['Dry', 'Sensitive', 'Normal']","hydration, anti-aging, brightening, sensitivity, dark spots"
PIXI Peel and Polish,https://www.lookfantastic.com/pixi-peel-and-polish/11384921.html,Peel,"water/aqua/eau, lacticacid, polylactic acid, helianthus annuus (sunflower) seed oil, cetearyl alcohol, propanediol, ceteareth-20, beraclay light red, hamamelis virginiana (witch hazel) water, panax ginseng root extract, carica papaya (papaya) fruit extract, saccharum officinarum (sugar cane) extract, acer saccharum (sugar maple), extract, cucumis sativus (cucumber) fruit extract, citrus aurantium dulcis (orange) fruit extract, citrus limon (lemon) fruit extract, vaccinium myrtillus fruit extract, hydroxyethylcellulose, polyglceryl-3,cocoate, butylene glycol, maltooligosyl glucoside, glyceryl stearate, peg-100 stearate, caprylic/capric triglyceride, dipentaerythrityl tri-polyhydroxystearate, hydrogenated starch hydrolysate, phenoxyethanol, caprylyl glycol, sodium hydroxide, xanthan gum, polyglceryl-4, caprate, polyglceryl-6 caprylate, polyglceryl-6 ricinoleate, pentylene glycol, sorbic acid, hydroxyphenyl, propamidobenzoic acid, ascorbyl, palmitate, benzoic acid, tocopherol.",£24.00,['Oily'],"acne, oil control, blackheads, uneven texture"
Elizabeth Arden Visible Difference Peel & Reveal Revitalizing Mask (50ml),https://www.lookfantastic.com/elizabeth-arden-visible-difference-peel-reveal-revitalizing-mask-50ml/10626212.html,Peel,"water/aqua/eau, alcohol denat., propylene glycol, citrus medica limonum (lemon) fruit extract, cucumis sativus (cucumber) fruit extract, daucus carota sativa (carrot) root extract, ginkgo biloba leaf extract, hamamelis virginiana (witch hazel) bark/leaf/stem extract, hamamelis virginiana (witch hazel) water, rosmarinus officinalis (rosemary) leaf extract, ascorbic acid polypeptide, retinyl linoleate, tocopheryl acetate, glycyrrhetinic acid, tridecyl salicylate, peg-40 stearate, ppg-5-ceteth-20, sorbitan stearate, citric acid, disodium edta, silica, dimethicone, parfum/fragrance, benzyl alcohol, butylphenyl methylpropional, hexyl cinnamal, limonene, linalool, zinc oxide (ci 77947).",£26.00,['Oily'],"sun protection, oil control"
Murad Replenishing Multi-Acid Peel 100ml,https://www.lookfantastic.com/murad-replenishing-multi-acid-peel-100ml/12245718.html,Peel,"water/aqua/eau, caprylic/capric triglyceride, c13-16 isoparaffin, glycolic acid, simmondsia chinensis (jojoba) seed oil, triolein, glycerin, sodium hydroxide, propylene glycol caprylate, lactic acid, malic acid, tranexamic acid, salicylic acid, sodium hyaluronate, bisabolol, tocopheryl acetate, ocimum sanctum leaf extract, melia azadirachta leaf extract, melia azadirachta flower extract, amino esters-1, amber powder, coccinia indica fruit extract, solanum melongena (eggplant) fruit extract, curcuma longa (turmeric) root extract, corallina officinalis extract, moringa oleifera seed oil, urea, yeast amino acids, trehalose, inositol, taurine, betaine, caprylhydroxamic acid, propanediol, 1,2 hexanediol.",£48.00,"['Dry', 'Oily', 'Sensitive', 'Normal']","acne, hydration, blackheads, uneven texture"
Peter Thomas Roth FirmX Peeling Gel 100ml,https://www.lookfantastic.com/peter-thomas-roth-firmx-peeling-gel-100ml/11289133.html,Peel,"water/aqua/eau, peg-32, cellulose, butylene glycol, citrus aurantium bergamia (bergamot) fruit water, sorbitol, r-bacillus licheniformis keratinase, ananas sativus (pineapple) fruit extract, lactobacillus/punica granatum fruit ferment extract, leuconostoc/radish root ferment filtrate, sodium hyaluronate, glycerin, sodium hydroxide, citric acid, tetrasodium edta, algin, carbomer, tromethamine, isopropyl myristate, sodium chloride, calcium chloride, potassium sorbate, sodium benzoate, mica, phenoxyethanol.",£40.00,['Dry'],hydration
Murad Intensive-C Radiance Peel 50ml,https://www.lookfantastic.com/murad-intensive-c-radiance-peel-50ml/10803380.html,Peel,"cyclomethicone, ascorbic acid, dimethicone crosspolymer, c12-15 alkyl ethylhexanoate, di-c12-15 alkyl fumarate, tocopheryl acetate, retinol, bisabolol, allantoin, lysine lauroyl methionate, rice amino acids, zinc aspartate, chitosan ascorbate, retinyl palmitate, cyanocobalamin, beta-carotene, ranunculus ficaria extract, glycine, glutamic acid, caprylic/capric triglyceride, vegetable oil (olus), limonene, carthamus tinctorius (safflower) seed oil, citrus aurantium dulcis (orange) peel oil, citrus nobilis (mandarin orange) peel oil, ocimum basilicum (basil) oil, citrus grandis (grapefruit) peel oil, ferula galbaniflua (galbanum) resin oil.",£55.00,"['Oily', 'Sensitive', 'Normal']","anti-aging, oil control, firmness, under-eye"
Peter Thomas Roth Peptide 21 Amino Acid Exfoliating Peel Pads - 60 Pads,https://www.lookfantastic.com/peter-thomas-roth-peptide-21-amino-acid-exfoliating-peel-pads-60-pads/12128571.html,Peel,"water/aqua/eau, butylene glycol, sodium lactate, phytic acid, ppg-5-ceteth-20, rosa centifolia flower water, hamamelis virginiana (witch hazel) water, salicylic acid, threonine, glutamic acid, serine, aspartic acid, arginine, alanine, proline, valine, histidine, glycine, lysine, chamomilla recutita (matricaria) flower extract, camellia sinensis leaf extract, ascorbic acid, retinyl palmitate, tocopheryl acetate, aloe barbadensis leaf juice, borago officinalis seed oil, symphytum officinale leaf extract, citrus limon (lemon) peel extract, citrus aurantifolia (lime) peel extract, citrus aurantium dulcis (orange) fruit extract, citrus tangerina (tangerine) peel extract, mentha piperita (peppermint) extract, salvia officinalis (sage) leaf extract, zingiber officinale (ginger) root extract, phenoxyethanol, sodium hydroxide, aminobutyric acid, potassium sorbate, sodium benzoate, caprylic/- capric triglyceride, peg-8 dimethicone, leucine, sodium ascorbyl phosphate, limonene, benzoic acid, tyrosine, phenylalanine, isoleucine, citric acid, octyldodecanol, silica, sodium propoxyhydroxypropyl thiosulfate silica.",£41.60,['Oily'],"acne, blackheads"
Lancer Skincare Caviar Lime Acid Peel 50ml,https://www.lookfantastic.com/lancer-skincare-caviar-lime-acid-peel-50ml/11542313.html,Peel,"water, glycolic acid, sodium hydroxide, phytic acid, glyceryl stearate, peg-100 stearate, galactoarabinan, caprylic/capric triglyceride, dimethyl isosorbide, ethoxydiglycol, neopentyl glycol diethylhexanoate, stearyl alcohol, propanediol, polyacrylate crosspolymer-6, glycerin, maltodextrin, sodium ascorbate, retinol, oryza sativa (rice) bran extract, citrus grandis (grapefruit) peel oil, rosmarinus officinalis (rosemary) leaf oil, helianthus annuus (sunflower) seed extract, rosmarinus officinalis (rosemary) leaf extract, microcitrus australasica fruit extract, citrus aurantifolia (lime) oil, citrus aurantium dulcis (orange) peel oil, mentha piperita (peppermint) oil, eucalyptus globulus leaf oil, allantoin, bromelain, papain, tocopherol, dimethicone, polymethylsilsesquioxane, vanillyl butyl ether, ethylhexylglycerin, hdi/trimethylol hexyllactone crosspolymer, xanthan gum, disodium edta, benzyl alcohol, menthoxypropanediol, limonene, linalool.",£90.00,"['Dry', 'Oily', 'Sensitive']","hydration, anti-aging, uneven texture, firmness, under-eye"
Alpha-H Beauty Sleep Power Peel 50ml,https://www.lookfantastic.com/alpha-h-beauty-sleep-power-peel-50ml/11282237.html,Peel,"aqua, glycolic acid, caprylic/capric triglyceride, dimethicone, cetearyl alcohol, glyceryl stearate, peg-100 stearate, cyclopentasiloxane, euglena gracilis extract, potassium hydroxide, ceteareth-20, sodium carrageenan, glycerin, stearic acid, hydrolyzed wheat flour, phenoxyethanol, maltodextrin, simmondsia chinensis seed oil, dimethicone crosspolymer, parfum, butyrospermum parkii butter, mangifera indica seed butter, prunus amygdalus dulcis oil, retinol, tocopheryl acetate, vitis vinifera seed oil, panthenol, tanacetum annuum flower oil, gluconolactone, allantoin, disodium edta, sodium benzoate, aloe barbadensis leaf, calcium pantothenate, xanthan gum, caprylyl glycol, proline, serine, sodium hyaluronate, urea, magnesium lactate, papain, ethylhexylglycerin, calcium gluconate, alanine, magnesium chloride, sodium citrate, limonene, linalool.",£43.20,"['Dry', 'Oily', 'Sensitive']","hydration, anti-aging, uneven texture, firmness, under-eye"
Elemis Peptide4 Overnight Radiance Peel 30ml,https://www.lookfantastic.com/elemis-peptide4-overnight-radiance-peel-30ml/12435919.html,Peel,"aqua/water/eau, lactic acid, hibiscus sabdariffa flower extract, sodium hydroxide, polyacrylate crosspolymer-6, phenoxyethanol, hydroxyethyl acrylate/sodium acryloyldimethyl taurate copolymer, glycerin, squalane, hydrolyzed jojoba esters, fragrance (parfum), perilla ocymoides seed oil, echium plantagineum seed oil, disodium edta, matthiola longipetala (night scented stock) seed oil, ethylhexylglycerin, magnesium hydroxide, benzyl benzoate, yeast extract, polysorbate 60, sorbitan isostearate, propylene glycol dicaprylate/dicaprate, linalool, limonene, t-butyl alcohol, hexyl cinnamal, potassium sorbate, soy amino acids, xanthan gum, cananga odorata flower oil, citrus aurantium dulcis (orange) peel oil, myristica fragrans (nutmeg) kernel oil, sodium benzoate, hydrolyzed yeast protein, eugenol, coumarin, citrus aurantium amara (bitter orange) leaf/twig oil, citrus aurantium amara (bitter orange) peel oil, coriandrum sativum (coriander) fruit oil, tocopherol.",£56.00,"['Dry', 'Oily', 'Normal']","hydration, uneven texture"
PIXI Hydrating Milky Peel 80ml,https://www.lookfantastic.com/pixi-hydrating-milky-peel-80ml/12040137.html,Peel,"aqua/water/eau, cellulose, propanediol, phenoxyethanol, arginine, carbomer, polysorbate 20, allantoin, bifida ferment lysate, cocos, nucifera (coconut) fruit extract, avena, strigosa seed extract, origanum vulgare, leaf extract, chamaecyparis obtusa leaf, extract, salix alba (willow) bark extract, lactobacillus/soybean ferment extract, portulaca oleracea extract, cinnamomum cassia bark extract, scutellaria baicalensis root extract, lecithin, potassium sorbate, citric acid, trehalose, glycerin, ethylhexylglycerin, parfum/fragrance, disodium edta, butylene glycol.",£24.00,"['Dry', 'Sensitive']",hydration
Embryolisse Gentle Night Peeling Care Radiance Secret 40ml,https://www.lookfantastic.com/embryolisse-gentle-night-peeling-care-radiance-secret-40ml/11719395.html,Peel,"aqua (water), glycerin, coco-caprylate/caprate, cetearyl alcohol, butyrospermum parkii (shea) butter, caprylic/capric triglyceride, hydrogenated polyisobutene, macadamia ternifolia seed oil, tridecyl trimellitate, argania spinosa kernel oil, glyceryl stearate, aluminium starch, octenyl succinate, phenoxyethanol, cetearyl glucoside, hydroxyethyl acrylate/sodium acryloyldimethyl taurate copolymer, cera alba (beeswax), isohexadecane, sodium stearoyl glutamate, acrylates/c10-30 alkylacrylate crosspolymer, bisabolol, tocopheryl acetate, parfum (fragrance), alcohol denat, ethylhexylglycerin, polysorbate-60, disodium edta, sorbitan isostearate, microcitrus australasica fruit extract, sodium hydroxide, limonene.",£18.00,"['Dry', 'Sensitive']",hydration
Estée Lauder Perfectionist Pro Instant Resurfacing Peel with 9.9% AHAs + BHA,https://www.lookfantastic.com/estee-lauder-perfectionist-pro-instant-resurfacing-peel-with-9.9-ahas-bha/12040206.html,Peel,"water\aqua\eau, dimethicone, citric acid, glycolic acid, sodium hydroxide, butylene glycol, tartaric acid, algae extract, decyl oleate, polyacrylate crosspolymer-6, polyacrylamide, salicylic acid, polysilicone-11, resveratrol, sodium hyaluronate, hordeum vulgare (barley) extract\extrait d'orge, caffeine, triticum vulgare (wheat) germ extract, phospholipids, hydrogenated lecithin, pantethine, sucrose, tocopheryl acetate, biosaccharide gum - 1, peg-11 methyl ether dimethicone, c13-14 isoparaffin, propylene glycol caprylate, squalane, oleth-10, stearamidopropyl dimethylamine, caprylyl glycol, laureth-7, stearic acid, t-butyl alcohol, hexylene glycol, fragrance (parfum), disodium edta, phenoxyethanol.",£56.70,"['Dry', 'Oily']","acne, hydration, blackheads, uneven texture, under-eye"
L'Oréal Paris Revitalift Laser Glycolic Peel Pads x 25 Pads,https://www.lookfantastic.com/l-oreal-paris-revitalift-laser-glycolic-peel-pads-x-25-pads/11740148.html,Peel,"aqua / water, alcohol denat, hydroxyethylpiperazine ethane sulfonic acid, propylene glycol, glycerin, glycolic acid, sodium hydroxide, citric acid, ppg-26-buteth-26, peg-40 hydrogenated castor oil, allantoin, ascorbyl glucoside, biosaccharide gum-1, panthenol, phenoxyethanol, linalool, limonene, hexyl cinnamal, benzyl salicylate, parfum / fragrance.",£22.49,"['Dry', 'Oily', 'Sensitive']","hydration, uneven texture"
Radical Skincare Express Delivery Enzyme Peel 50ml,https://www.lookfantastic.com/radical-skincare-express-delivery-enzyme-peel-50ml/11296467.html,Peel,"water, butylene glycol, carbomer, sodium hydroxide, papain, sodium, hyaluronate, glycosaminoglycans, glycerin, ananas sativus (pineapple) fruit extract, carica papaya fruit extract, lactobacillus/pumpkin ferment extract, vitis vinifera (grape) seed extract, coffea robusta seed extract, camelia sinensis leaf extract, lactobacillus/punica granatum fruit ferment extract, leuconostoc/radish root ferment filtrate, prunus armeniaca (apricot) fruit extract, aniba rosaeodora (rosewood) wood extract, citrus aurantifolia (lime) peel extract, citrus aurantium dulcis, (orange) peel extract, vanilla planifolia fruit extract, citrus grandis (grapefruit) peel extract, mangifera indica (mango) fruit extract, cucumis sativus (cucumber) fruit extract, citrus limon (lemon) fruit extract, citrus junos (yuzu) fruit extract, cocos nucifera (coconut) oil, tocopheryl, acetate, ascorbic acid, niacinamide, lecithin, allantoin, maltodextrin, xanthan gum, phenoxyethanol, ethylhexylglycerin, red 40.",£45.00,"['Dry', 'Oily', 'Sensitive', 'Normal']","acne, hydration, brightening, dark spots, oil control, under-eye"
Dermalogica Rapid Reveal Peel,https://www.lookfantastic.com/dermalogica-rapid-reveal-peel/11853575.html,Peel,"water/aqua/eau, glycerin, lactic acid, lactobacillus/pumpkin fruit ferment filtrate, ethoxydiglycol, peg-40 hydrogenated castor oil, sodium hydroxide, oryza sativa (rice) bran extract, microcitrus australasica fruit extract, citrus limon (lemon) peel oil, pullulan, lecithin, tocopherol, leuconostoc/radish root ferment filtrate, sclerotium gum, cocamidopropyl pg-dimonium chloride phosphate, xanthan gum, menthyl lactate, tetrasodium glutamate diacetate, vanillyl butyl ether, silica, ethylhexylglycerin, ppg-26-buteth-26, citral, geraniol, linalool, limonene, phenoxyethanol.",£71.10,"['Dry', 'Oily']","hydration, uneven texture"
Radical Skincare Detox Charcoal Enzyme Peel 50ml,https://www.lookfantastic.com/radical-skincare-detox-charcoal-enzyme-peel-50ml/12291567.html,Peel,"water, butylene glycol, carbomer, sodium hydroxide, sodium hyaluronate, glycerin, allantoin, glycosaminoglycans, niacinamide, hydrophilic polyether polyurethane, papain, carbon, vitis vinifera (grape) seed extract, coffea robusta seed extract, camelia sinensis leaf extract, mangifera indica (mango) fruit extract, citrus junos (yuzu) fruit extract, ananas sativus (pineapple) fruit extract, carica papaya fruit extract, lactobacillus/pumpkin ferment extract, lactobacillus/punica granatum fruit ferment extract, cucumis sativus (cucumber) fruit extract, citrus limon (lemon) fruit extract, prunus armeniaca (apricot) fruit extract, aniba rosaeodora (rosewood) wood extract, citrus aurantifolia (lime) peel extract, citrus aurantium dulcis (orange) peel extract, vanilla planifolia fruit extract, citrus grandis (grapefruit) peel extract, cocos nucifera (coconut) oil, tocopheryl acetate, lecithin, ascorbic acid, leuconostoc/radish root ferment filtrate, xanthan gum, phenoxyethanol, ethylhexylglycerin.",£45.00,"['Dry', 'Oily', 'Sensitive', 'Normal']","acne, hydration, brightening, dark spots, oil control, under-eye"
Polaar Northern Light Micro-Peeling Foam 100ml,https://www.lookfantastic.com/polaar-northern-light-micro-peeling-foam-100ml/12045705.html,Peel,"aqua (water), cetearyl alcohol, glycerin, hydrogenated vegetable glycerides, prunus amygdalus dulcis (sweet almond) oil, dicaprylyl carbonate, argania spinosa kernel oil, butyrospermum parkii (shea) butter, caprylic/capric triglyceride, butylene glycol, cetearyl glucoside, benzyl alcohol, parfum (fragrance), sodium hydroxide, gaultheria procumbens (wintergreen) leaf extract, sodium stearoyl glutamate, citric acid, tocopherol, aloe barbadensis leaf extract, helianthus annuus (sunflower) seed oil, xanthan gum, sodium gluconate, dehydroacetic acid, hippophae rhamnoides fruit extract, hydrolyzed algin, linalool, limonene, ci 15985 (yellow 6), citral, citronellol, geraniol, ci 19140 (yellow 5), ci 17200 (red 33).",£28.00,['Dry'],hydration
Omorovicza Blue Diamond Peel (50ml),https://www.lookfantastic.com/omorovicza-blue-diamond-peel-50ml/10997778.html,Peel,"glycerin, aqua (water), lactobionic acid, cetearyl olivate, sorbitan olivate, phenoxyethanol, lactic acid, sodium lactate, mangifera indica (mango) pulp extract, spondias mombin pulp extract, musa sapientum (banana) pulp extract, copper gluconate, parfum (fragrance), behenyl alcohol, butyrospermum parkii (shea butter), mica, saccharomyces (hungarian thermal water) ferment extract, ethylhexylglycerin, xanthan gum, aqua (hungarian thermal water), titanium dioxide, hydrogenated castor oil, stearyl alcohol, protease, subtilisin, benzyl alcohol, potassium sorbate, phospholipids, acetyl pentapeptide, diamond, silica, linalool, limonene, geraniol, citral, lilial, benzyl benzoate",£155.00,"['Dry', 'Oily']","hydration, sun protection, uneven texture"
VERSO Enzyme Peel 50ml,https://www.lookfantastic.com/verso-enzyme-peel-50ml/11751923.html,Peel,"aqua, lactobacillus/punica granatum fruit ferment extract, glycerin, gluconolactone, propylene glycol, glycolic acid, lactic acid, sodium lactate, polyacrylate crosspolymer-6, hydroxyethyl acrylate/sodium acryloyldimethyl taurate copolymer, niacinamide, curcuma longa root extract, leuconostoc/radish root ferment filtrate, polysorbate 60, sorbitan isostearate, dehydroacetic acid, formic acid, t-butyl alcohol, biosaccharide gum-4, sodium hydroxide, benzonic acid, phenoxyethanol, parfum.",£80.00,"['Dry', 'Oily', 'Normal']","acne, hydration, brightening, dark spots, oil control, uneven texture, under-eye"
Natura Bissé Glyco Extreme Peel 30ml,https://www.lookfantastic.com/natura-bisse-glyco-extreme-peel-30ml/11329114.html,Peel,"water (aqua), glycolic acid, alcohol denat., sodium hydroxide, ethoxydiglycol, hydroxypropyl starch phosphate, lactic acid, propylene glycol, glycerin, salicyloyl phytosphingosine, hydrolyzed opuntia ficus-indica flower extract, hexanoyl dipeptide-3 norleucine acetate, salix alba (willow) bark extract, avena sativa (oat) kernel extract, lecithin, peg-60 hydrogenated castor oil, tartaric acid, malic acid, citric acid, ethylhexylglycerin, disodium edta, phenoxyethanol, methylparaben, ethylparaben, butylparaben, propylparaben, fragrance (parfum), limonene, geraniol, hydroxycitronellal, linalool, citronellol, cinnamyl alcohol, citral.",£230.00,"['Dry', 'Oily']","hydration, uneven texture"
Natura Bissé Tolerance Enzyme Peel 50ml,https://www.lookfantastic.com/natura-bisse-tolerance-enzyme-peel-50ml/11329132.html,Peel,"water (aqua), caprylic/capric triglyceride, coco-caprylate, octyldodeceth-25, methyl gluceth-10, glycerin, cyclopentasiloxane, ethoxydiglycol, pentylene glycol, lactic acid, salicylic acid, hydrolyzed opuntia ficus-indica flower extract, carica papaya (papaya) fruit extract, chamomilla recutita (matricaria) flower extract, allantoin, propylene glycol, ethylhexylglycerin, tocopherol, disodium edta, sodium hydroxide, potassium sorbate, sodium benzoate, phenoxyethanol, methylisothiazolinone, flavor (aroma), fragrance (parfum), yellow 5 (ci 19140), red 4 (ci 14700).",£89.00,"['Dry', 'Oily', 'Sensitive']","acne, hydration, blackheads, uneven texture"
Mavala Skin Vitality Beauty Enhancing Micro-Peel 65ml,https://www.lookfantastic.com/mavala-skin-vitality-beauty-enhancing-micro-peel-65ml/11484403.html,Peel,"water (aqua), glycerin, butylene glycol, caprylic/capric triglyceride, synthetic wax, hydrogenated polyisobutene, squalane, steareth-2, glyceryl stearate, cetyl alcohol, steareth-21, sodium polyacrylate, vitis vinifera (grape) seed oil, prunus armeniaca (apricot) fruit extract, malva sylvestris (mallow) flower extract, allantoin, chlorphenesin, cocamidopropyl betaine, dimethicone, methylcellulose, polysorbate 65, potassium hydroxide, pvm/ma decadiene crosspolymer, simethicone, tocopheryl acetate, ethylparaben, methylparaben, phenoxyethanol.",£17.00,"['Dry', 'Sensitive']",hydration
Goldfaden MD Fresh A Peel Multi Acid Resurfacing Peel 50ml,https://www.lookfantastic.com/goldfaden-md-fresh-a-peel-multi-acid-resurfacing-peel-50ml/12026257.html,Peel,"purified water (aqua), lactic acid, vaccinium myrtillus extract, saccharum officinarum (sugar cane) extract, acer saccharinum (sugar maple) extract, citrus aurantium dulcis (orange) fruit extract, citrus medica limonum (lemon) extract.",£50.25,['Oily'],uneven texture
Manuka Doctor ApiClear Facial Peel 100ml,https://www.lookfantastic.com/manuka-doctor-apiclear-facial-peel-100ml/11291257.html,Peel,"aqua (water), titanium dioxide (ci 77891), polyvinyl alcohol, alcohol denat, butylene glycol, montmorillonite, kaolin, calcium sulfate, magnesium aluminum silicate, peg-60 hydrogenated castor oil, phenoxyethanol, polysorbate 80, 1,2-hexanediol, caprylyl glycol, parfum (fragrance), hydrolyzed silk, carica papaya (papaya) leaf extract, hordeum distichon (barley) extract, artemisia vulgaris extract, citrus grandis (grapefruit) seed extract, glycerin, dipotassium glycyrrhizate, disodium edta, hydrolyzed collagen, lecithin, chamaecyparis obtusa water, mel (honey) extract, bee venom, bambusa textilis stem extract, pinus palustris leaf extract, ceramide 3, sodium hyaluronate, soy isoflavones, tocopherol, linalool, benzyl benzoate",£29.99,"['Dry', 'Normal']","hydration, anti-aging, sun protection, firmness"
Comfort Zone Sublime Skin Peel Pad (14 Pack),https://www.lookfantastic.com/comfort-zone-sublime-skin-peel-pad-14-pack/11447250.html,Peel,"aqua / water / eau, glycolic acid, gluconolactone, propanediol, niacinamide, arginine, sodium hydroxide, 3-o-ethyl ascorbic acid, caprylyl glycol, tetrasodium glutamate diacetate, caprylhydroxamic acid, glycerin.",£80.00,"['Dry', 'Oily', 'Normal']","acne, hydration, brightening, dark spots, oil control, uneven texture, under-eye"
Recipe for Men Peeling Mask,https://www.lookfantastic.com/recipe-for-men-peeling-mask/11919962.html,Peel,"aqua, glycerin, glycolic acid, salix nigra bark extract, polyacrylate crosspolymer-6, hydroxyethyl acrylate/sodium acryloyldimethyl taurate copolymer, sodium lactate, lactic acid, xylitylglucoside, phenoxyethanol, hydrated silica, anhydroxylitol, butylene glycol, parfum, xylitol, polysorbate 60, sorbitan isostearate, ethylhexylglycerin, glucose, formic acid, t-butyl alcohol, limonene, ci 74160, cinnamomum cassia bark extract, sanguisorba officinalis root extract, zingiber officinale root extract, ci 42051.",£25.00,"['Dry', 'Oily']","hydration, uneven texture"
Comfort Zone Essential Peeling 60ml,https://www.lookfantastic.com/comfort-zone-essential-peeling-60ml/11447209.html,Peel,"aqua/water/eau, caprylic/capric triglyceride, glyceryl stearate citrate, glycerin, octyldodecanol, betaine, cyclodextrin, cetearyl isononanoate, c12-15 alkyl benzoate, propanediol, butyrospermum parkii butter/butyrospermum parkii (shea) butter, dicaprylyl ether, panthenol, sodium acrylates/beheneth-25 methacrylate crosspolymer, hydrogenated polydecene, 1,2-hexanediol, sorbitan laurate, sodium levulinate, sodium anisate, caprylhydroxamic acid, tocopherol, o-cymen-5-ol, lauryl glucoside, magnolia officinalis bark extract, bromelain.",£30.00,['Dry'],hydration
CeraVe Eye Repair Cream 14ml,https://www.lookfantastic.com/cerave-eye-repair-cream-14ml/11798690.html,Eye Care,"purified water, niacinamide, cetyl alcohol, caprylic/capric triglyceride, glycerin, propanediol, isononyl isononanoate, jojoba esters, peg-20 methyl glucose sesquistearate, cetearyl alcohol, dimethicone, methyl glucose sesquistearate, ceramide 3, ceramide 6-ll, ceramide 1, hyaluronic acid, zinc citrate, prunus amygdalus dulcis (almond) oil, aloe barbadensis leaf juice, chrysanthellum indicum extract, tocopherol, equisetum arvense extract, asparagopsis armata extract, ascophyllum nodosum extract, phenoxyethanol, carbomer, behentrimonium methosulfate, sorbitol, triethanolmanie, laureth-4, butylene glycol, hydrogenated vegetable oil, tetrasodium edta, ethylhexylglycerin, sodium lauroyl lactylate, sodium hydroxide, phytosphingosine, cholesterol, xanthan gum.",£12.00,"['Dry', 'Oily', 'Normal']","acne, hydration, brightening, dark spots, oil control, firmness, under-eye"
The INKEY List Caffeine Eye Serum 15ml,https://www.lookfantastic.com/the-inkey-list-caffeine-eye-serum-15ml/12208011.html,Eye Care,"propanediol, polyglyceryl-6 distearate, cetyl alcohol, hydroxyethyl acrylate/sodium acryloyldimethyl taurate copolymer, jojoba esters, glyceryl dibehenate, albizia julibrissin bark extract, squalane, caffeine, polyglyceryl-3 beeswax, phospholipids, tribehenin, ethylhexylglycerin, xanthan gum, glycine soja (soybean) extract, polysorbate 60, disodium edta, glyceryl behenate, butylene glycol, glycine soja (soybean) sterol, leuconostoc/radish root ferment filtrate, hyaluronic acid, carbomer, darutoside, polysorbate 20, palmitoyl tetrapeptide-7, palmitoyl tripeptide-1, phenoxyethanol.",£8.99,['Dry'],"hydration, firmness, under-eye"
Avène Soothing Eye Contour Cream 10ml,https://www.lookfantastic.com/avene-soothing-eye-contour-cream-10ml/11571252.html,Eye Care,"avene thermal spring water (avene aqua), mineral oil (paraffin liquidum), caprylic/capric triglyceride, cyclomethicone, glycerin, sucrose stearate, peg-12, sucrose distearate, triethanolamine, batyl alcohol, bisabolol, caprylic/capric triglycerides, carbomer, dextran sulfate, disodium edta, sodium hyaluronate, tocopheryl glucoside.",£10.00,"['Dry', 'Sensitive']",hydration
Bobbi Brown Extra Eye Repair Cream 15ml,https://www.lookfantastic.com/bobbi-brown-extra-eye-repair-cream-15ml/11511540.html,Eye Care,"water\aqua\eau, petrolatum, dimethicone, butyrospermum parkii (shea butter), glycerin, ceresin, phenyl trimethicone, acetyl glucosamine, pentylene glycol, lauryl peg-9 polydimethylsiloxyethyl dimethicone, lanolin alcohol, camellia sinensis (green tea) leaf extract, olea europaea (olive) fruit extract, triticum vulgare (wheat bran) extract, scutellaria baicalensis root extract, ascophyllum nodosum extract, asparagopsis armata extract, pyrus malus (apple) fruit extract, morus bombycis (mulberry) root extract, salvia sclarea (clary) extract, oenothera biennis (evening primrose) oil, limnanthes alba (meadowfoam) seed oil, vitis vinifera (grape) seed oil, tocopheryl acetate, caffeine, sucrose, silica, cholesterol, sorbitol, di-c12-15 alkyl fumarate, peg-30 dipolyhydroxystearate, behenyl alcohol, hydroxystearic acid, micrococcus lysate, peg-8 distearate, acetyl hexapeptide-8, trehalose, linoleic acid, butylene glycol, sodium hyaluronate, lecithin, potassium stearate, potassium palmitate, fragrance (parfum), sodium chloride, trisodium edta, limonene, benzyl salicylate, chlorphenesin, phenoxyethanol",£48.50,"['Dry', 'Sensitive', 'Normal']","hydration, sensitivity, under-eye"
Antipodes Kiwi Seed Oil Eye Cream 30ml,https://www.lookfantastic.com/antipodes-kiwi-seed-oil-eye-cream-30ml/10977981.html,Eye Care,"aqua (water), persea gratissima (avocado oil), glycerin (vegetable), cetearyl alcohol (coconut derived), cetearyl wheat straw glycosides, steraic acid (vegetable), glyceryl stearate, tocopherol acetate (vitamin e), daucus carota sativa (carrot oil), kiwifruit seed oil (actinidia chinensis), borage oil (borago officinalis), gluconolactone, sodium benzoate, calcium gluconate, vitis vinifera (vinanza grape® grapeseed extract).",£27.99,"['Dry', 'Normal']",hydration
La Roche-Posay Toleriane Ultra Eyes (20ml),https://www.lookfantastic.com/la-roche-posay-toleriane-ultra-eyes-20ml/11094702.html,Eye Care,"aqua, glycerin, squalane, propanediol, butylene glycol, butyrospermum parkii butter, pentylene glycol, niacinamide, dimethicone, pothmethylsilsequioxane, polysorbate 20, glyceryl acrylate/acrylic acid copolymer, dimethiconol, aluminium starch octenylsuccinate, ammonium polyacryldimethyltauramide/ammonium polyacryldimiethyl taurate, disodium edta, citric acid, acetyl dipeptide-1 cetyl ester.",£16.00,"['Dry', 'Oily', 'Normal']","acne, hydration, brightening, dark spots, oil control, under-eye"
Bobbi Brown Hydrating Eye Cream 15ml,https://www.lookfantastic.com/bobbi-brown-hydrating-eye-cream-15ml/11511621.html,Eye Care,"water\aqua\eau, ethylhexyl palmitate, squalane, butylene glycol, cetyl alcohol, glyceryl stearate, hydrogenated vegetable oil, simmondsia chinensis (jojoba) seed oil, persea gratissima (avocado) oil, hamamelis virginiana (witch hazel) extract, aloe barbadensis leaf juice, cholesterol, peg-100 stearate, glycerin, sodium pca, trehalose, ascorbyl palmitate, ethylhexylglycerin, hydroxyproline, proline, acrylates copolymer, phytantriol, glycine, linoleic acid, phytosphingosine, sodium hydroxide, tocopheryl acetate, sodium hyaluronate, tocopherol, carbomer, disodium edta, phenoxyethanol",£33.50,"['Dry', 'Oily']",hydration
First Aid Beauty Skin Lab Retinol Eye Cream with Triple Hyaluronic Acid 15ml,https://www.lookfantastic.com/first-aid-beauty-skin-lab-retinol-eye-cream-with-triple-hyaluronic-acid-15ml/12021142.html,Eye Care,"aqua (water), caprylic/capric triglyceride, polymethyl methacrylate, glycerin, squalane, glyceryl stearate, butylene glycol, vinyl dimethicone/methicone silsesquioxane crosspolymer, polysorbate 20, glyceryl stearate citrate, butyrospermum parkii (shea) butter, magnesium ascorbyl phosphate, retinol, caffeine, ceramide ng, palmitoyl tripeptide-1, tocopherol, allantoin, sodium hyaluronate, atelocollagen, avena sativa (oat) kernel extract, sodium chondroitin sulfate, hydroxypropyl cyclodextrin, aloe barbadensis leaf juice powder, linoleic acid, phytosteryl canola glycerides, palmitic acid, oleic acid, stearic acid, triolein, cholesterol, sodium acrylates copolymer, hydrogenated lecithin, lecithin, sodium polyacrylate, polysilicone-11, xanthan gum, caprylyl glycol, mica, ethylhexylglycerin, polyglyceryl-3 stearate, hydrogenated poly(c6-12 olefin), stearyl alcohol, cetyl alcohol, polyethylene, ethylene/propylene/styrene copolymer, butylene/ethylene/styrene copolymer, pentaerythrityl tetra-di-t-butyl hydroxyhydrocinnamate, steareth-30, dipropylene glycol, phenoxyethanol, chlorphenesin, tin oxide, citric acid, ci 77891 (titanium dioxide).",£34.00,"['Dry', 'Oily', 'Sensitive', 'Normal']","hydration, anti-aging, sun protection, firmness, under-eye"
Medik8 Retinol Eye TR Serum 7ml,https://www.lookfantastic.com/medik8-retinol-eye-tr-serum-7ml/11795623.html,Eye Care,"carthamus tinctorius (safflower) seed oil, cyclopentasiloxane, cyclohexasiloxane, ppg-12/smdi copolymer, tocopheryl acetate, caprylic/capric triglyceride, retinol, lecithin, bht.",£19.00,['Oily'],"anti-aging, firmness, under-eye"
Clinique All About Eyes Eye Cream 15ml,https://www.lookfantastic.com/clinique-all-about-eyes-eye-cream-15ml/11144763.html,Eye Care,"cyclopentasiloxane, water\aqua\eau, isostearyl palmitate, polyethylene, butylene glycol, polysilicone-11, ethylene/acrylic acid copolymer, morus bombycis (mulberry) root extract, caffeine, phytosphingosine, triticum vulgare (wheat) bran extract, scutellaria baicalensis root extract, whey protein\lactis protein\protéine du petit-lait, olea europaea (olive) fruit extract, camellia sinensis (green tea) leaf extract, cholesterol, linoleic acid, tocopheryl acetate, magnesium ascorbyl phosphate, pyridoxine dipalmitate, sucrose, glycerin, dimethicone, glyceryl laurate, peg/ppg-18/18 dimethicone, petrolatum, cetyl peg/ppg-10/1 dimethicone, propylene carbonate, sodium chloride, quaternium-90 bentonite, disodium edta, phenoxyethanol, iron oxides (ci 77491, ci 77492, ci 77499)",£27.50,"['Dry', 'Oily', 'Sensitive', 'Normal']","hydration, sensitivity, under-eye"
Clinique Moisture Surge Eye 96-Hour Hydro-Filler Concentrate 15ml,https://www.lookfantastic.com/clinique-moisture-surge-eye-96-hour-hydro-filler-concentrate-15ml/12075756.html,Eye Care,"water\aqua\eau , glycerin , butylene glycol , propanediol , phenyl trimethicone , sucrose , hydroxyethyl urea , camellia sinensis (green tea) leaf extract , hypnea musciformis (algae) extract , trehalose , algae extract , alteromonas ferment extract , acetyl glucosamine , gelidiella acerosa extract , chlorella vulgaris extract , aloe barbadensis leaf water , sorbitol , cholesterol , niacinamide , pentaerythrityl tetraethylhexanoate , sodium polyaspartate , aloe barbadensis leaf extract , cocos nucifera (coconut) oil , hydrolyzed rice extract , caffeine , acetyl hexapeptide-8 , tocopheryl acetate , cucumis sativus (cucumber) fruit extract , palmitoyl hexapeptide-12 , glyceryl acrylate/acrylic acid copolymer , glyceryl polymethacrylate , acrylates/c10-30 alkyl acrylate crosspolymer , peg-7m , dextrin palmitate , dehydroxanthan gum , sodium hyaluronate , pentaerythrityl adipate/caprate/caprylate/heptanoate , tetrahexyldecyl ascorbate , carbomer , peg-8 , sodium hydroxide , citric acid , triethoxycaprylylsilane , disodium edta , sodium citrate , pentaerythrityl tetra-di-t-butyl hydroxyhydrocinnamate , bht , phenoxyethanol , chlorphenesin , blue 1 lake (ci 42090) , yellow 5 lake (ci 19140) , iron oxides (ci 77491).",£27.50,"['Dry', 'Oily', 'Sensitive', 'Normal']","acne, hydration, brightening, sensitivity, dark spots, oil control, under-eye"
VICHY Minéral 89 Eyes Hyaluronic Acid +Caffeine 15ml,https://www.lookfantastic.com/vichy-mineral-89-eyes-hyaluronic-acid-caffeine-15ml/12098877.html,Eye Care,"aqua/water, propanediol, butyrospermum parkii butter/shea butter, glycerin, carbomer, caffeine, sodium hyaluronate, adenosine, phenoxyethanol, chlorella vulgaris extract, citric acid, caprylyl glycol, biosaccharide gum-1.",£20.00,['Dry'],"hydration, under-eye"
La Roche-Posay Redermic [R] Retinol Eye Cream 15ml,https://www.lookfantastic.com/la-roche-posay-redermic-r-retinol-eye-cream-15ml/11091870.html,Eye Care,"aqua / water, isocetyl stearate, glycerin, octyldodecanol, propylene glycol, pentylene glycol, dimethicone, acrylamide/sodium acryloyldimethyltaurate copolymer, cetearyl alcohol, dimethicone/vinyl dimethicone crosspolymer, caffein, isohexadecane, sodium hyaluronate, sodium hydroxide, retinol, retinyl linoleate, adenosine, ammonium polyacryldimethyltauramide / ammonium polyacryloyldimethyl taurate, caprylyl glycol, citric acid, polysilicone-8, polysorbate 80, phenoxyethanol.",£27.00,"['Dry', 'Oily']","hydration, anti-aging, firmness, under-eye"
Liz Earle Eyebright Soothing Eye Lotion 150ml Bottle,https://www.lookfantastic.com/liz-earle-eyebright-soothing-eye-lotion-150ml-bottle/12528860.html,Eye Care,"aqua (water), hamamelis virginiana (witch hazel) water, peg-60 almond glycerides, glycerin, decyl glucoside, centaurea cyanus (cornflower) flower extract, euphrasia officinalis extract, aloe barbadensis (aloe vera) leaf juice, phenoxyethanol, panthenol, benzoic acid, dehydroacetic acid, ethylhexylglycerin, sodium hydroxide, citric acid, sodium benzoate, potassium sorbate.",£16.00,"['Dry', 'Oily', 'Sensitive']","hydration, sensitivity"
PIXI Retinol Eye Cream 25ml,https://www.lookfantastic.com/pixi-retinol-eye-cream-25ml/12237592.html,Eye Care,"aqua/ water/ eau, persea gratissima (avocado oil), glycerin, cetearyl alcohol, potassium cetyl phosphate, butyrospermum parkii (shea) butter, simmondsia chinensis (jojoba) seed oil, squalane, hydroxyethyl acrylate/sodium acryloyldimethyl taurate copolymer, panthenol, retinol, sambucus nigra flower extract, vaccinium angustifolium (blueberry) fruit extract, helianthus annuus (sunflower) seed oil, glycyrrhiza glabra (licorice) root extract, hydrolyzed collagen, tocopherol, adenosine, sodium hyaluronate, c12-15 alkyl benzoate, sorbitan laurate, c18-36 acid glycol ester, c18-36 acid triglyceride, palmitoyl tripeptide-1, palmitoyl tetrapeptide-7, caffeine, xanthan gum, disodium edta, polysorbate 60, phenoxyethanol, ethylhexyglycerin, laureth-23, bht, bha.",£22.00,"['Dry', 'Oily']","hydration, anti-aging, brightening, dark spots, uneven texture, firmness, under-eye"
Elemis Pro-Collagen Advanced Eye Treatment (15ml),https://www.lookfantastic.com/elemis-pro-collagen-advanced-eye-treatment-15ml/10621773.html,Eye Care,"aqua/water/eau, propylene glycol, glycerin, phenoxyethanol, oryza sativa (rice) hull powder, ammonium acryloyldimethyltaurate/vp copolymer, sclerotium gum, disodium edta, sodium pca, sodium lactate, simmondsia chinensis (jojoba) seed oil, arginine, tromethamine, aspartic acid, hydrolyzed wheat protein, pca, aesculus hippocastanum (horse chesnut) seed extract, centaurea cyanus flower extract, linum usitatissimum (linseed) seed extract, plantago ovata seed extract, sodium hyaluronate, glycine, alanine, caramel, iodopropynyl butylcarbamate, serine, linalool, valine, aniba rosaeodora (rosewood) wood oil, anthemis nobilis flower oil, isoleucine, lavandula angustifolia (lavender) oil, lavandula hybrida oil, osmanthus fragrans flower extract, proline, threonine, histidine, phenylalanine, padina pavonica thallus extract.",£46.00,['Dry'],hydration
L’Oréal Paris Revitalift Filler Renew Eye Cream (15ml),https://www.lookfantastic.com/l-oreal-paris-revitalift-filler-renew-eye-cream-15ml/11223509.html,Eye Care,"aqua/water, glycerin, dimethicone, isohexadecane, hydroxyethylpiperazine ethane sulfonic acid, alcohol denat., dipropylene glycol, synthetic wax, peg-10 dimethicone, secale cereale extract / rye seed extract, dimethicone/peg-10/15 crosspolymer, dimethicone/polyglycerin-3 crosspolymer, caffeine, sodium acrylates copolymer, sodium hyaluronate, adenosine, nylon-12, dipotassium glycyrrhizate, disodium edta, caprylic/capric triglyceride, caprylyl glycol, pentylene glycol, disteardimonium hectorite, methylparaben, phenoxyethanol.",£19.99,['Dry'],"hydration, under-eye"
Bulldog Age Defence Eye Roll-On 15ml,https://www.lookfantastic.com/bulldog-age-defence-eye-roll-on-15ml/11639544.html,Eye Care,"aqua (water), glycerin, ethylhexyl stearate, cetearyl alcohol, pentaerythrityl distearate, phenoxyethanol, sodium polyacrylate, tocopherol (vitamin e), sodium stearoyl glutamate, sorbitol, helianthus annuus (sunflower) seed oil, xanthan gum, benzoic acid, echinacea purpurea flower/leaf/stem extract, dehydroacetic acid, asparagopsis armata extract, ascophyllum nodosum extract, rosmarinus officinalis (rosemary) leaf extract, citric acid, potassium sorbate, sodium benzoate, sodium hydroxide.",£7.50,"['Dry', 'Normal']",hydration
La Roche-Posay Hydraphase Intense Eyes 15ml,https://www.lookfantastic.com/la-roche-posay-hydraphase-intense-eyes-15ml/11091828.html,Eye Care,"aqua / water, glycerin, carbomer, glycinesoja protein / soybean protein, caffeine, isohexadecane, sodium cocoyl glutamate, sodium hyaluronate, sodium hydroxide, disodium edta, hydrolyzed hyaluronic acid, caprylyl glycol, polysorbate 80, acrylamide / sodium acryloyldimethyltaurate copolymer, potassium sorbate, sodium benzoate.",£16.00,['Dry'],"hydration, firmness, under-eye"
Balance Me Wonder Eye Cream 15ml,https://www.lookfantastic.com/balance-me-wonder-eye-cream-15ml/11419258.html,Eye Care,"aqua (water), glycerin (vegetable), hamamelis virginiana (witch hazel) water, cetearyl alcohol, glyceryl stearate, cocos nucifera (coconut) oil, cetearyl glucoside, cucumis sativus (cucumber) seed oil, hydroxystearic/linolenic/oleic polyglycerides, oleic/linoleic/linolenic polyglycerides, simmondsia chinensis (jojoba) seed oil, rosa canina (rosehip) fruit oil, hydrolyzed hyaluronic acid, picea abies (spruce knot) extract, rubus chamaemorus (cloudberry) seed extract, aloe barbadensis (aloe vera) leaf extract, anthemis nobilis (roman chamomile) flower oil, lavandula angustifolia (lavender) flower oil, pelargonium graveolens (rose geranium) flower oil, daucus carota (carrot) seed oil, styrax tonkinensis (benzoin) resin extract, cymbopogon martini (palmarosa) oil, citrus limon (lemon) peel oil, rosmarinus officinalis (rosemary) extract, vitis vinifera (grape) seed oil, tocopherol (vitamin e), helianthus annuus (sunflower) seed oil, xanthan gum, sodium stearoyl lactylate, coco-caprylate, dehydroacetic acid, benzyl alcohol, sodium citrate, limonene, linalool, geraniol, citral, benzyl benzoate, citronellol.",£16.00,"['Dry', 'Oily', 'Sensitive', 'Normal']","hydration, sensitivity, firmness"
Medik8 C-Tetra Eye Serum 7ml,https://www.lookfantastic.com/medik8-c-tetra-eye-serum-7ml/11795618.html,Eye Care,"simmondsia chinensis (jojoba) seed oil, cyclopentasiloxane, cyclohexasiloxane, tetrahexyldecyl ascorbate, tocopheryl acetate, citrus grandis (grapefruit) peel oil, limonene.",£19.00,['All'],general
Fade Out Advanced Even Skin Tone Eye Defence Cream 15ml,https://www.lookfantastic.com/fade-out-advanced-even-skin-tone-eye-defence-cream-15ml/11284058.html,Eye Care,"aqua (water), ethylhexyl methoxycinnamate, homosalate, glycerin, dimethicone, propylene glycol, titanium dioxide, niacinamide, phenoxyethanol, hydroxyethyl acrylate/sodium acryloyldimethyl taurate copolymer, sucrose palmitate, hexylresorcinol, acrylates/c10-30 alkyl acrylate crosspolymer, squalane, triethanolamine, glyceryl linoleate, tocopheryl acetate, sodium sulfite, alumina, disodium edta, ethylhexylglycerin, steareth-20, polysorbate 60, simethicone, potassium sorbate, sodium hyaluronate, glyceryl oleate, chlorhexidine digluconate, sorbitan isostearate, ascorbyl palmitate, tocopherol, n-hydroxysuccinimide, chrysin, palmitoyl oligopeptide, palmitoyl tetrapeptide-7, citric acid.",£9.99,"['Dry', 'Oily', 'Normal']","acne, hydration, brightening, dark spots, sun protection, oil control, under-eye"
Estée Lauder Advanced Night Repair Matrix Synchronized Recovery Eye Concentrate 15ml,https://www.lookfantastic.com/estee-lauder-advanced-night-repair-matrix-synchronized-recovery-eye-concentrate-15ml/11515581.html,Eye Care,"water\aqua\eau , dimethicone , isohexadecane , glycerin , butylene glycol , bis-peg-18 methyl ether dimethyl silane , peg-10 dimethicone , disteardimonium hectorite , isopropyl isostearate , ppg-15 stearyl ether , sucrose , trehalose , pentylene glycol , hydroxyethyl urea , cucumis sativus (cucumber) fruit extract , garcinia mangostana peel extract , anthemis nobilis (chamomile) flower extract , hordeum vulgare (barley) extract\extrait d'orge , silybum marianum (lady's thistle) extract , glycine soja (soybean) seed extract , lactobacillus ferment , algae extract , sorbitol , betula alba (birch) extract , scutellaria baicalensis root extract , morus bombycis (mulberry) root extract , poria cocos sclerotium extract , camelina sativa seed oil , bifida ferment lysate , propylene glycol dicaprate , caffeine , sodium hyaluronate , sodium polyaspartate , hydrogenated lecithin , aminopropyl ascorbyl phosphate , phytosphingosine , yeast extract\faex\extrait de levure , ethylhexylglycerin , sodium rna , hydrolyzed algin , tripeptide-32 , polysilicone-11 , isododecane , tocopheryl acetate , helianthus annuus (sunflower) seedcake , polyethylene , propylene carbonate , polyacrylate crosspolymer-6 , sodium dehydroacetate , potassium sorbate , lecithin , disodium edta , bht , phenoxyethanol , iron oxides (ci 77491).",£44.10,"['Dry', 'Sensitive']","hydration, sensitivity, under-eye"
L'Oréal Paris Dermo Expertise Revitalift Anti-Wrinkle + Firming Eye Cream (15ml),https://www.lookfantastic.com/l-oreal-paris-dermo-expertise-revitalift-anti-wrinkle-firming-eye-cream-15ml/10528814.html,Eye Care,"aqua / water, dimethicone, glycerin, ci12-15 alkyl benzoate, shorea robusta butter / shorea robusta seed butter, stearic acid, palmitic acid, peg-100 stearate, glyceryl stearate, acetyl trifluoromethylphenyl valylglycine, acrylamide/sodium acryloyldimethyltaurate copolymer, acrylates copolymer, caffeine, cetyl alcohol, chlorhexidine digluconate, ethylparaben, faex extract / yeast extract, glycine soja protein / soybean protein, hydrolyzed soy protein, isohexadecane, methylparaben, paraffin, peg-20 stearate, phenyl ethyl alcohol, polysorbate 80, potassium sorbate, retinyl palmitate, sodium benzoate, stearyl alcohol, triethanolamine, phenoxyethanol.",£11.49,['Dry'],"hydration, under-eye"
DHC Revitalizing Moisture Strip: Eyes - 6 Applications,https://www.lookfantastic.com/dhc-revitalizing-moisture-strip-eyes-6-applications/11207483.html,Eye Care,"water/aqua/eau, glycerin, sodium polyacrylate, pentylene glycol, sodium polyacrylate starch, dipropylene glycol, tartaric acid, aloe barbadensis leaf juice, butylene glycol, phenoxyethanol, alcloxa, sorbitan isostearate, pca ethyl cocoyl arginate, alpha-arbutin, ppg-8-ceteth-20, olea europaea (olive) leaf extract, morus alba root extract, acetyl tyrosine, pueraria lobata root extract, paeonia suffruticosa root extract, glycine soja (soybean) seed extract, aloe barbadensis leaf extract, chlorella vulgaris extract",£9.00,['Dry'],hydration
Lancôme Advanced Génifique Eye Care 15ml,https://www.lookfantastic.com/lancome-advanced-genifique-eye-care-15ml/11765723.html,Eye Care,"aqua/water, cyclohexasiloxane, bifida ferment lysate, glycerin, propanediol, alcohol denat, polysilicone-11, dimethicone, polymethylsilsesquioxane, di-c12-13 alkyl malate, ci 77891/titanium dioxide, ascorbyl, glucoside, mica, hydrogenated vegetable oil, sodium hyaluronate, sodium benzoate, phenoxyethanol, adenosine, faex extract/yeast extract, ptfe, peg-10 dimethicone, triethanolamine, chlorphenesin, chlorhexidine digluconate, polygonum fagopyrum extract/polygonum fagopyrum seed extract, silica, salicyloyl phytosphingosine, chlorella, vulgaris extract, ammonium polyacryldimethyltauramide/ammonium polyacryloyldimethyl taurate, dimethiconol, limonene, synthetic fluorphlogopite, caprylic/capric triglyceride, carbomer, boron nitride, acrylates/c10-30 alkyl, acrylate crosspolymer, bis-peg/ppg-16/16 peg/ppg-16/16 dimethicone, disodium edta, ceteareth-20, potassium cetyl, phosphate, citronellol, parfum/fragrance.",£39.15,['Dry'],"hydration, sun protection"
La Roche-Posay Hyalu B5 Eyes 15ml,https://www.lookfantastic.com/la-roche-posay-hyalu-b5-eyes-15ml/11883559.html,Eye Care,"aqua / water, glycerin, butyrospermum parkii butter / shea butter, dimethicone, prunus armeniaca kernel oil / apricot kernel oil, pentaerythrityl tetraethylhexanoate, panthenol, silica, isohexadecane, zea mays starch / corn starch, propylene glycol, hydroxypropyl tetrahydropyrantriol, cera alba / beeswax, stearic acid, palmitic acid, peg-100 stearate, glyceryl stearate, peg-20 stearate, stearyl alcohol, tin oxide, bis-peg-18 methyl ether dimethyl silane, sorbitan oleate, dimethiconol, sodium hyaluronate, arginine pca, serine, myristic acid, alumina, disodium edta, isopropyl titanium triisostearate, hydrolyzed hyaluronic acid, hydrolyzed linseed extract, citric acid, acetyl dipeptide-1 cetyl ester, toluene sulfonic acid, polysorbate 80, acrylamide/sodium acryloyldimethyltaurate copolymer, bht, pentaerythrityl tetra-di-t-butyl hydroxyhydrocinnamate, sodium benzoate, phenoxyethanol, benzoic acid, ci 77491, ci 77492, ci 77499 / iron oxides, ci 77891 / titanium dioxide, mica.",£25.50,['Dry'],"hydration, sun protection, firmness"
Estée Lauder Daywear Eye Cooling Anti-Oxidant Moisture Gel Créme,https://www.lookfantastic.com/estee-lauder-daywear-eye-cooling-anti-oxidant-moisture-gel-creme/11731028.html,Eye Care,"water\aqua\eau, dimethicone, butylene glycol, trisiloxane, glycerin, ammonium acryloyldimethyltaurate/vp copolymer, trehalose, sucrose, algae extract, cucumis sativus (cucumber) fruit extract, ascophyllum nodosum extract, asparagopsis armata extract, ergothioneine, thermus thermophillus ferment, dipotassium glycyrrhizate, sodium hyaluronate, caffeine, artemia extract, acetyl glucosamine, palmaria palmata extract, hydrolyzed rice extract, lauryl pca, oleth-10, lauryl peg-9 polydimethylsiloxyethyl dimethicone, sorbitol, sodium pca, urea, tetrahexyldecyl ascorbate, tocopheryl acetate, carbomer, citric acid, polyquaternium-51, ethylbisiminomethylguaiacol manganese chloride, potassium sorbate, cyclodextrin, tromethamine, disodium edta, bht, phenoxyethanol, yellow 5 (ci 19140), blue 1 (ci 42090).",£26.55,['Dry'],"hydration, under-eye"
Elemis Pro-Collagen Eye Renewal 15ml,https://www.lookfantastic.com/elemis-pro-collagen-eye-renewal-15ml/10366344.html,Eye Care,"aqua/water/eau, dicaprylyl carbonate, peg-8, glycerin, methylsilanol mannuronate, sodium polyacrylate, hexyldecanol, hexyldecyl laurate, sorbitol, padina pavonica thallus extract, propylene glycol, diazolidinyl urea, sodium benzoate, disodium edta, potassium sorbate, caprylic/capric triglyceride, chlorella vulgaris extract, butylene glycol, algae extract, phenoxyethanol, hydrogenated vegetable oil, equisetum arvense extract, persea gratissima (avocado) leaf extract, tocopherol, polygonum fagopyrum (buckwheat) seed extract, sorbic acid.",£69.00,['Dry'],hydration
Medik8 Advanced Night Eye 15ml,https://www.lookfantastic.com/medik8-advanced-night-eye-15ml/11899390.html,Eye Care,"aqua (water), caprylic/capric triglyceride, dimethicone, stearic acid, glycerin, cetearyl alcohol, nylon-12, cetearyl olivate, propylene glycol, c12-16 alcohols, sorbitan olivate, squalane, sodium acrylate/sodium acryloyldimethyl taurate copolymer, sodium hyaluronate, palmitic acid, caffeine, amelanchier alnifolia (saskatoon) fruit extract, hydrogenated lecithin, tremella fuciformis (snow mushroom) extract, niacinamide, candelilla/jojoba/rice bran polyglyceryl-3 esters, glyceryl stearate, ferric hexapeptide-35, hylocereus undatus (dragon fruit) fruit extract, arginine, sodium stearoyl lactylate, butylene glycol, cera microcristallina, ascorbic acid, ethylhexylglycerin, tocopherol, pogostemon cablin (patchouli) leaf oil, glucosyl hesperidin, sorbitol, phenoxyethanol, carbomer, palmitoyl tetrapeptide-7, palmitoyl tripeptide-1, polysorbate 20.",£36.00,"['Dry', 'Oily', 'Normal']","acne, hydration, brightening, dark spots, oil control, under-eye"
GLAMGLOW Bright Eyes Cream 15ml,https://www.lookfantastic.com/glamglow-bright-eyes-cream-15ml/12267917.html,Eye Care,"water\aqua\eau, butyrospermum parkii (shea) butter, butylene glycol, dimethicone, glycerin, cetearyl alcohol, cetyl esters, isostearyl neopentanoate, cetyl alcohol, polybutene, sodium hyaluronate, caffeine, tocopheryl acetate, narcissus tazetta bulb extract, aminopropyl ascorbyl phosphate, linoleic acid, acetyl hexapeptide-8, artemia extract, hibiscus sabdariffa flower extract, trifluoroacetyl tripeptide-2, anthemis nobilis (chamomile) flower extract, laminaria digitata extract, cucumis melo (melon) fruit extract, cetearyl glucoside, cholesterol, persea gratissima (avocado) oil, pyrus malus (apple) fruit extract, lens esculenta (lentil) fruit extract, citrullus lanatus (watermelon) fruit extract, algae extract, lauryl pca, whey protein\lactis protein\proteine du petit-lait, yeast extract\faex\extrait de levure, sodium lactate, sorbitol, trehalose, zinc pca, glucose, acetyl glucosamine, neopentyl glycol diheptanoate, carbomer, sodium hydroxide, propylene glycol dicaprylate, polymethyl methacrylate, sodium pca, dextran, acrylates/c10-30 alkyl acrylate crosspolymer, polyethylene, decarboxy carnosine hcl, potassium sulfate, caprylylglycol, 1,2-hexanediol, tetradecyl aminobutyroylvalylaminobutyric urea trifluoroacetate, methyl glucose sesquistearate, bht, disodium edta, phenoxyethanol, potassium sorbate, sodium benzoate, mica, titanium dioxide (ci 77891), iron oxides (ci 77491).",£29.00,"['Dry', 'Oily', 'Sensitive']","hydration, sensitivity, sun protection, oil control, under-eye"
PIXI 24K Eye Elixir 10ml,https://www.lookfantastic.com/pixi-24k-eye-elixir-10ml/11200044.html,Eye Care,"water, dipropylene glycol, glycerin, phenoxyethanol, allantoin, ethylhexylglycerin, arginine, acrylates/c10-30 alkyl acrylate crosspolymer, peg-60 hydrogenated castor oil, disodium edta, adenosine, trideceth-10, cucumis sativus (cucumber) fruit extract, rubus idaeus (raspberry) fruit extract, butylene glycol, iron oxides (ci 15985, ci 17200), steareth-20, 1,2-hexanediol, hydrolyzed collagen, n-hydroxysuccinimide, chlorhexidine digluconate, potassium sorbate, gold, acetyl hexapeptide-8, chrysin, palmitoyl oligopeptide, palmitoyl tetrapeptide-7.",£22.00,"['Dry', 'Sensitive']","hydration, anti-aging, firmness"
Caudalie VineActiv Energizing and Smoothing Eye Cream 15ml,https://www.lookfantastic.com/caudalie-vineactiv-energizing-and-smoothing-eye-cream-15ml/11416699.html,Eye Care,"aqua/water/eau, glycerin, butylene glycol, isononyl isononanoate, caprylic/capric triglyceride, cetearyl alcohol, hydrogenated vegetable oil, peg-20 stearate, cetyl alcohol, tocopheryl acetate, palmitoyl grape seed extract, carbomer, ethylhexylglycerin, arginine, cyathea cumingii leaf extract, escin, ammonium glycyrrhizate, caprylyl glycol, hamamelis virginiana (witch hazel) leaf extract, calendula officinalis flower extract, xanthan gum, picea abies extract, tocopherol, helianthus annuus (sunflower) seed oil, ascorbyl tetraisopalmitate, sodium phytate, polysorbate 20, glyceryl caprylate, cinnamic acid, levulinic acid, sodium levulinate, palmitoyl tripeptide-1, palmitoyl tetrapeptide-7, citric acid (194/002).",£27.50,"['Dry', 'Oily', 'Sensitive']","hydration, sensitivity"
Murad Resurgence Renewing Eye Cream (15ml),https://www.lookfantastic.com/murad-resurgence-renewing-eye-cream-15ml/10475436.html,Eye Care,"water (aqua), butylene glycol, tricaprylyl citrate, bis-diglyceryl polyacyladipate-2, jojoba esters, pentylene glycol, boron nitride, caprylic/capric/myristic/stearic triglyceride, cetyl alcohol, stearic acid, glyceryl stearate, peg-100 stearate, glycerin, glycine soja (soybean) protein, palmitoyl pentapeptide-4, iris florentina root extract, dioscorea villosa (wild yam) root extract, glycine soja (soybean) sterols, trifolium pratense (clover) flower extract, citrus unshiu peel extract, palmitoyl tetrapeptide-7, retinol, polyquaternium-51, serenoa serrulata fruit extract, oenothera biennis (evening primrose) oil, borago officinalis seed oil, dipeptide-2, hesperidin methyl chalcone, caprylic/capric triglyceride, mangifera indica (mango) seed butter, dimethicone, sodium pca, panthenol, cetyl phosphate, oleyl alcohol, steareth-20, lecithin, carbomer, polysorbate 20, aminomethyl propanol, disodium edta, silica, phenoxyethanol, propylparaben, methylparaben, titanium dioxide (ci 77891), iron oxides (ci 77491)",£65.00,"['Dry', 'Oily']","hydration, anti-aging, sun protection, firmness, under-eye"
La Roche-Posay Pigmentclar Eyes 15ml,https://www.lookfantastic.com/la-roche-posay-pigmentclar-eyes-15ml/11091882.html,Eye Care,"aqua / water, glycerin, butylene glycol, dimethicone, niacinamide, isopropyl palmitate, cetearyl alcohol, ammonium polyacryldimethyltauramide / ammonium polyacryloyldimethyltaurate, butyrospermum parkii butter / shea butter, peg - 100 stearate, peg / ppg / polybutylene glycol-8/5/3 glycerin, stearic acid, glyceryl stearate, dimethicone / vinyl dimethicone crosspolymer, dimethiconol, caffeine, sodium hydroxide, silica, ginkgo bilboa extract / ginkgo leaf extract, palmitic acid, alumina, phenylethyl resorcinol, ascorbyl glucoside, poloxamer 338, disodium edta, isopropyl titanium triisostearate, hydrolyzed rice protein, caprylyl glycol, xanthan gum, ferulic acid, phenoxyethanol, ci77491, ci77492, ci77499 / iron oxides, ci 77891 / titanium dioxide, mica.",£25.50,"['Dry', 'Oily', 'Normal']","acne, hydration, brightening, dark spots, sun protection, oil control, under-eye"
Avene Gentle Eye Make-Up Remover 125ml,https://www.lookfantastic.com/avene-gentle-eye-make-up-remover-125ml/11571264.html,Eye Care,"avene thermal spring water (avene aqua), triethanolamine, sodium chloride, poloxamer 188, acrylates/c10-30 alkyl acrylate crosspolymer, phenethyl alcohol, sorbitol, water (aqua).",£10.00,['All'],general
REN Clean Skincare Keep Young and Beautiful Firm and Lift Eye Cream,https://www.lookfantastic.com/ren-clean-skincare-keep-young-and-beautiful-firm-and-lift-eye-cream/10597209.html,Eye Care,"rosa damascena flower water, cetearyl alcohol, cetearyl ethylhexanoate, triheptanoin, camellia oleifera seed oil, caprylic/ capric triglyceride, squalane, glycerin, cetearyl glucoside, rosa canina (rose hip) fruit oil, butyrospermum parkii (shea butter), myristyl myristate, dipalmitoyl hydroxyproline, lauryl laurate, oryzanol, palmitoyl hydrolyzed wheat protein, phenoxyethanol, vaccinium vitis-idaea (lingonberry) seed oil, hexapeptide-11, safflower glyceride/ palm oil aminopropanediol esters, bisabolol, sodium hydroxymethylglycinate, tocopherol, xanthan gum, panthenol, faex (yeast) extract.",£33.00,"['Dry', 'Sensitive']",hydration
L'Oréal Paris Gentle Eye Make-Up Remover 125ml,https://www.lookfantastic.com/l-oreal-paris-gentle-eye-make-up-remover-125ml/10726520.html,Eye Care,"aqua/water, hexylane, glycol, disodium cocoamphodiacetate, panthenol, sodium laureth-8 sulfate, sodium, laureth sulfate, triethanolamine, allantoin, magnesium laureth-8 sulfate, magnesium laureth sulfate, magnesium oleth sulfate, sodium oleth sulfate, methylparaben, sodium benzoate, chlorhexidine dihydrochloride, disodium edta, quaternium-15, parfum / fragrance, geraniol, citronellol",£3.49,"['Dry', 'Sensitive']",hydration
DECLÉOR Jasmine Eye Cream 15ml,https://www.lookfantastic.com/decleor-jasmine-eye-cream-15ml/12085507.html,Eye Care,"dimethicone, glycerin, isononyl isononanoate, alcohol denat., niacinamide, cetyl alcohol, peg-100 stearate, glyceryl stearate, ascorbyl glucoside, amaranthus caudatus seed extract, butyrospermum parkii butter / shea butter, triethanolamine, dimethicone/vinyl dimethicone crosspolymer, ci 77163 / bismuth oxychloride, ci 77891 / titanium dioxide, stearic acid, silica, palmitic acid, phenoxyethanol, carbomer, caffeine, sodium citrate, ammonium polyacryloyldimethyl taurate, ethylhexyl hydroxystearate, mica, tocopheryl acetate, disodium edta, xanthan gum, ci 77491, ci 77492, ci 77499 / iron oxides, citric acid, glycyrrhiza glabra extract / licorice root extract, capryloyl salicylic acid, butylene glycol, dextrin, myristic acid, jasminum officinale flower extract / jasmine flower extract, hydroxypalmitoyl sphinganine, oxothiazolidinecarboxylic acid, benzyl alcohol, eperua falcata bark extract, benzyl benzoate, tin oxide, linalool, paeonia suffruticosa root extract, eugenol.",£25.90,"['Dry', 'Oily', 'Normal']","acne, hydration, brightening, dark spots, sun protection, oil control, blackheads, under-eye"
Dermalogica Multivitamin Power Firm 15ml,https://www.lookfantastic.com/dermalogica-multivitamin-power-firm-15ml/10362905.html,Eye Care,"cyclopentasiloxane, bis-diglyceryl polyacyladipate-2, dimethicone crosspolymer, cetyl ethylhexanoate, polyethylene, tocopheryl acetate, camellia sinensis (green tea) leaf extract, chamomilla recutita (matricaria) extract, corallina officinalis extract, carthamus tinctorius (safflower) seed oil, vitis vinifera (grape) seed oil, flavor, ascorbic acid, glycyrrhetinic acid, boron nitride, and retinyl palmitate.",£42.75,"['Sensitive', 'Normal']",sensitivity
Clinique Repairwear Anti-Gravity Eye Cream 15ml,https://www.lookfantastic.com/clinique-repairwear-anti-gravity-eye-cream-15ml/11144759.html,Eye Care,"water\aqua\eau, butyrospermum parkii (shea butter), cetearyl alcohol, butylene glycol, hydrogenated polyisobutene, phenyl trimethicone, polyglyceryl-3 beeswax, polybutene, sucrose, polymethyl methacrylate, cetyl esters, isostearyl neopentanoate, glycerin, cetearyl glucoside, whey protein\lactis protein\protéine du petit-lait, sigesbeckia orientalis (st paul's wort) extract, camellia sinensis (green tea) leaf extract, hordeum vulgare (barley) extract\extrait d'orge, triticum vulgare (wheat) germ extract, chlorella vulgaris extract, yeast extract\faex\extrait de levure, linoleic acid, cholesterol, caffeine, palmitoyl oligopeptide, squalane, phytosphingosine, sodium hyaluronate, dimethicone, caprylyl glycol, peg-8, methyl glucose sesquistearate, polysilicone-11, glyceryl polymethacrylate, peg-100 stearate, tocopheryl acetate, stearic acid, 1,2-hexanediol, acrylates/c10-30 alkyl acrylate crosspolymer, sodium dehydroacetate, tetrahexyldecyl ascorbate, aminomethyl propanol, potassium sulfate, phenoxyethanol, disodium edta, titanium dioxide (ci 77891), mica",£39.50,"['Dry', 'Sensitive', 'Normal']","hydration, sensitivity, sun protection, under-eye"
First Aid Beauty Eye Duty Triple Remedy Overnight Balm (15ml),https://www.lookfantastic.com/first-aid-beauty-eye-duty-triple-remedy-overnight-balm-15ml/11145379.html,Eye Care,"aqua/water/eau, glycerin, butyrospermum parkii (shea) butter, caprylic/capric triglyceride, dimethicone, c10-18 triglycerides, ethylhexyl palmitate, cetyl alcohol, aluminum starch octenylsuccinate, glyceryl stearate, niacinamide, chrysanthemum parthenium (feverfew) extract, spilanthes acmella flower extract, acacia decurrens flower wax, camellia sinensis leaf extract, glycyrrhiza glabra (licorice) root extract, jojoba esters, palmitoyl hexapeptide-12, palmitoyl tetrapeptide-7, algae extract, carbomer, hyaluronic acid, helianthus annuus (sunflower) seed wax, peg-75 stearate, caprylyl glycol, ceteth-20, steareth-20, acrylates/c10-30 alkyl acrylate crosspolymer, xanthan gum, butylene glycol, leuconostoc/radish root ferment filtrate, polyglycerin-3, sodium lactate, polysorbate 20, palmitic acid, sodium hydroxide, tetrasodium edta, edta, citric acid, phenoxyethanol.",£28.00,"['Dry', 'Oily', 'Normal']","acne, hydration, brightening, dark spots, oil control, firmness, under-eye"
Lumene Nordic Hydra [Lähde] Purity Dew Drops Hydrating Eye Gel 15ml,https://www.lookfantastic.com/lumene-nordic-hydra-lahde-purity-dew-drops-hydrating-eye-gel-15ml/11697304.html,Eye Care,"aqua (water), glycerin, butylene glycol, betula alba (birch) juice, betaine, phenoxyethanol, acrylates/c10-30 alkyl acrylate crosspolymer, panthenol, propanediol, xylitylglucoside, anhydroxylitol, trehalose, urea, hydrolyzed rice bran protein, sodium hydroxide, xylitol, ethylhexylglycerin, xanthan gum, disodium edta, caprylyl glycol, pentylene glycol, serine, sodium benzoate, glycine soja (soybean) oil, superoxide dismutase, algin, disodium phosphate, glyceryl polyacrylate, pullulan, sodium hyaluronate, citric acid, glucose, potassium sorbate, sodium dextran sulfate, potassium phosphate, chondrus crispus (carrageenan) extract.",£14.90,['Dry'],hydration
L'Oréal Paris Absolute Eye and Lip Make-Up Remover 125ml,https://www.lookfantastic.com/l-oreal-paris-absolute-eye-and-lip-make-up-remover-125ml/11205955.html,Eye Care,"aqua / water, cyclopentasiloxane, isohexadecane, isopropyl palmitate, sodium chloride, dipotassium phosphate, poloxamer 184, potassium phosphate, panthenol, polyaminopropyl biguanide, ci 61565 / green 6.",£5.49,['Dry'],hydration
Elemis Peptide Eye Recovery Cream 15ml,https://www.lookfantastic.com/elemis-peptide-eye-recovery-cream-15ml/11822932.html,Eye Care,"aqua/water/eau, glycerin, coco-caprylate, cocos nucifera (coconut) oil, glyceryl oleate citrate, buglossoides arvensis (star arvensis) seed oil, bellis perennis (daisy) flower extract, hieracium pilosella (hawkweed) extract, mica, simmondsia chinensis (jojoba) seed oil, panthenol, acrylates/c10-30 alkyl acrylate crosspolymer, hydroxyacetophenone, phenoxyethanol, xanthan gum, tocopherol, perilla ocymoides seed oil, sodium hydroxide, tocopheryl acetate, disodium edta, sodium citrate, citric acid, sodium benzoate, matthiola longipetala (night scented stock) seed oil, sodium dehydroacetate, hydrolyzed yeast protein.",£38.00,['Dry'],hydration
Goldfaden MD Bright Eyes Dark Circle Radiance Concentrate 15ml,https://www.lookfantastic.com/goldfaden-md-bright-eyes-dark-circle-radiance-concentrate-15ml/12026264.html,Eye Care,"water, simmondsia chinensis (jojoba) seed oil, cetyl alcohol, candelilla/jojoba/rice bran polyglyceryl-3 esters, glyceryl stearate, glycerin, sodium hyaluronate, squalane, glycine soja (soybean) oil, prunus armeniaca (apricot) kernel oil, magnesium aluminum silicate, cetearyl alcohol, sodium stearoyl lactylate, xanthan gum, glycine soja (soybean) protein, hydrolyzed rice protein, superoxide dismutase, chondrus crispus (seaweed) extract, mica, phenoxyethanol, ethylhexylglycerin, arnica montana flower extract, tocopherol, glyceryl caprylate, cellulose gum, citrus paradisi (grapefruit) peel oil, aspalathus linearis (red tea) leaf extract.",£32.16,['Dry'],hydration
L'Oréal Men Expert Hydra Energetic Cooling Eye Roll-On (10ml),https://www.lookfantastic.com/l-oreal-men-expert-hydra-energetic-cooling-eye-roll-on-10ml/10547026.html,Eye Care,"aqua / water, butylene glycol, glycerin, mentha piperita extract / peppermint leaf extract, c13-14 isoparaffin, caffeine, escin, sodium hyaluronate, sodi um hydroxide , palmitoyl oligopeptide, palmitoyl tetrapeptide-7, aluminum hydroxide, guanosine, ascorbyl glucoside, hydroxyproline, caprylyl glycol, laureth-7, biosaccharide gum-1, xanthan gum, panthenol, n-hydroxysuccinimide, polyacrylamide, chrysin, phenoxyethanol, mica, potassium sorbate, chlorhexidine digluconate.",£10.99,['Dry'],"hydration, under-eye"
Clinique Pep Start Eye Cream 15ml,https://www.lookfantastic.com/clinique-pep-start-eye-cream-15ml/11216236.html,Eye Care,"water\aqua\eau, glycerin, butylene glycol, butyrospermum parkii (shea butter), squalane, cetyl esters, dimethicone, methyl gluceth-20, polyethylene, glycereth-26, polybutene, sucrose, magnolia officinalis bark extract, sigesbeckia orientalis (st paul's wort) extract, algae extract, molasses extract\saccharum officinarum\extrait de mélasse, sapindus mukurossi fruit extract, palmitoyl tetrapeptide-7, whey protein\lactis protein\protéine du petit-lait, palmitoyl hexapeptide-12, trifluoroacetyl tripeptide-2, caffeine, phytosphingosine, acetyl hexapeptide-8, palmitoyl tripeptide-1, yeast extract\faex\extrait de levure, glycine soja (soybean) protein, caesalpinia spinosa gum, acrylates/c10-30 alkyl acrylate crosspolymer, glyceryl polymethacrylate, sucrose stearate, caprylyl glycol, peg-8, sodium hyaluronate, simethicone, polysorbate 20, carbomer, sodium hydroxide, dextran, hexylene glycol, sodium citrate, phenoxyethanol, mica, titanium dioxide (ci 77891).",£24.00,['Dry'],"hydration, sun protection, under-eye"
Lancôme Rénergie Multi-Lift Eye Cream 15ml,https://www.lookfantastic.com/lancome-renergie-multi-lift-eye-cream-15ml/11077902.html,Eye Care,"aqua, dimethicone, glycerin, isohexadecane, alcohol denat, squalane, cetyl alcohol, stearic acid, paraffinum liquidum, palmitic acid, peg-100 stearate, glyceryl stearate, peg-20 stearate, cera alba, octyldodecanol, ci 77891, ci 16035, ci 19140, c13-14 isoparaffin, mica, saccharomyces, hydrolyzed linseed extract, sodium hydroxide, hydrolyzed soy protein, hydrolyzed hyaluronic acid, sodium benzoate, phenoxyethanol, adenosine, acetyl tetrapeptide-9, caffeine, silica, polyacrylamide, chlorphenesin, chlorhexidine digluconate, polyethylene, dimethiconol, limonene, benzyl alcohol, linalool, capryloyl salicylic acid, cera microcristallina, paraffin, butyrospermum parkii butter, citronellol, laureth-7, coumarin, parfum.",£44.55,"['Dry', 'Oily']","acne, hydration, blackheads, firmness, under-eye"
Bulldog Energising Eye Roll On 15ml,https://www.lookfantastic.com/bulldog-energising-eye-roll-on-15ml/12037197.html,Eye Care,"aqua (water), glycerin, prunus amygdalus dulcis (sweet almond) oil, phenoxyethanol, sodium polyacrylate, mica, polyglyceryl-3 cocoate, polyglyceryl-4 caprate, polyglyceryl-6 caprylate, polyglyceryl-6 ricinoleate, titanium dioxide, sorbitol, xanthan gum, benzoic acid, glycogen (maize), dehydroacetic acid, phytic acid (rice), asparagopsis armata (red algae) extract, ascophyllum nodosum (brown algae) extract, citric acid, potassium sorbate, sodium hydroxide.",£7.50,['Dry'],"hydration, sun protection"
Avène Refreshing Eye Contour 15ml,https://www.lookfantastic.com/avene-refreshing-eye-contour-15ml/12098469.html,Eye Care,"avene thermal spring water (avene aqua), mineral oil (paraffinum liquidum), caprylic/capric triglyceride, glycerin, water (aqua), peg-12, glyceryl stearate, peg-100 stearate, 1,2-hexanediol, caprylyl glycol, carbomer, disodium edta, ribes rubrum (currant) fruit extract (ribes rubrum fruit extract), rubus idaeus (raspberry) fruit extract (rubus idaeus fruit extract), sodium benzoate, sodium dextran sulfate, sodium hydroxide, tocopheryl glucoside, vaccinium myrtillus fruit extract.",£16.00,['Dry'],hydration
Manuka Doctor ApiNourish Age-Defying Eye Cream 15ml,https://www.lookfantastic.com/manuka-doctor-apinourish-age-defying-eye-cream-15ml/11291266.html,Eye Care,"aqua (water), mel (honey), polyacrylamide, cyclopentasiloxane, caprylic/capric triglyceride, oryza sativa (rice) germ oil, ammonium acryloyldimethyltaurate/vp copolymer, phenoxyethanol, c13-14 isoparaffin, butylene glycol, shea butter oleyl esters, laureth-7, tocopheryl acetate, stearoxy dimethicone, glycerin, disodium edta, ethylhexylglycerin, glucosyl hesperidin, triethanolamine, dimethicone, panicum miliaceum (millet) seed extract, caprylyl glycol, opuntia ficus-indica stem extract, 1,2-hexanediol, bee venom, tannic acid, potassium sorbate, acetyl hexapeptide-37, acetyl octapeptide-3.",£10.99,['Dry'],hydration
VICHY Aqualia Thermal Eye Awakening Balm (15ml),https://www.lookfantastic.com/vichy-aqualia-thermal-eye-awakening-balm-15ml/11119866.html,Eye Care,"aqua, glycerin, dimethicone, propanediol, dimethicone/peg-10/15 crosspolymer, ci 42090, caffeine, sodium chloride, sodium citrate, sodium hyaluronate, sodium hydroxide, phenoxyethanol, p-anisic acid, chondrus crispus (carrageenan), disodium edta, citric acid b iosaccha r ide gum-1 and polymethylsilsesquioxane.",£15.00,['Dry'],"hydration, under-eye"
DECLÉOR Hydra Floral Everfresh Hydrating Wide-Open Eye Gel,https://www.lookfantastic.com/decleor-hydra-floral-everfresh-hydrating-wide-open-eye-gel/11740991.html,Eye Care,"centaurea cyanus flower water, aqua / water, propanediol, alcohol denat., glycerin, simmondsia chinensis seed oil / jojoba seed oil, tocopherol, ammonium, olyacryloyldimethyl taurate, caffeine, arginine, carbomer, caprylyl glycol, coco-betaine, scutellaria baicalensis root extract, sodium hyaluronate, helianthus annuus seed oil / sunflower seed oil, salicylic acid, citric acid.",£24.50,"['Dry', 'Oily']","acne, hydration, blackheads, under-eye"
Medik8 Eyelift Peptides 15ml,https://www.lookfantastic.com/medik8-eyelift-peptides-15ml/11791501.html,Eye Care,"aqua (water), alcohol denat., glycerin, c12-15 alkyl benzoate, xanthan gum, hydrolyzed rice protein, tribehenin, butylene glycol, hesperidin methyl chalcone, ceramide 2, glycine soja (soybean) protein, benzyl alcohol, peg-10 phytosterol, superoxide dismutase, steareth-20, carbomer, phenoxyethanol, chlorhexidine digluconate, palmitoyl tetrapeptide-7, sorbic acid, palmitoyl tripeptide-1, dehydroacetic acid, polysorbate 20, palmitoyl hexapeptide-12, palmitoyl tetrapeptide-3, potassium sorbate, sodium benzoate, n-hydroxysuccinimide, benzoic acid, sodium dextran sulfate, dipeptide-2, chrysin, tocopherol.",£38.00,"['Dry', 'Normal']",hydration
Shiseido Exclusive Ultimune Eye Power Infusing Eye Concentrate 15ml,https://www.lookfantastic.com/shiseido-exclusive-ultimune-eye-power-infusing-eye-concentrate-15ml/12194047.html,Eye Care,"water(aqua/eau), dimethicone, glycerin, dipropylene glycol, alcohol denat, sorbitol, peg-10 dimethicone, dimethicone/vinyl dimethicone crosspolymer, methyl gluceth-10, sodium chloride, nylon-12, peg/ppg-19/19 dimethicone, hydrogenated polyisobutene, phenoxyethanol, cetyl ethylhexanoate, erythritol, saccharide isomerate, cellulose gum, butylene glycol, peg/ppg-14/7 dimethyl ether, tocopheryl acetate, rosa damascena flower water, fragrance (parfum), tocopherol, trisodium edta, citric acid, sodium citrate, ppg-3 dipivalate, phytosteryl macadamiate, linalool, sodium metabisulfite, geraniol, ginkgo biloba leaf extract, citronellol, origanum majorana leaf extract, nelumbo nucifera germ extract, alcohol, sodium carboxymethyl beta-glucan, thymus serpyllum extract, perilla ocymoides leaf extract, iris florentina root extract, ganoderma lucidum (mushroom) stem extract.",£58.00,['Dry'],hydration
Dermalogica Total Eye Care 15ml,https://www.lookfantastic.com/dermalogica-total-eye-care-15ml/10363958.html,Eye Care,"titanium dioxide, bitter orange(citrus auratium amara) flower extract, c12-15, alkyl octanoate, lactic acid, butylene glycol, glycerin, silica, glyceryl stearate, peg-100 stearate, cetearyl alcohol, ceteareth-20, cyclomethicone, dea-cetyl phosphate, magnesium aluminum silicate, extracts of: meadowsweet (spirea ulmaria), hydrocotyl(cantella asiatica); tocopheryl acetate, bisabolol, allantoin, leucine, valine, tyrosine, argnine, lysine, sodium pca, xanthum gum, propylene glycol, disodium edta, diazolidinyl, urea, isopropylparaben, isobutylparaben, butylparaben, magnesium silicate, iron oxides(ci 77492, ci 77491), mica (ci77019).",£40.50,"['Dry', 'Oily', 'Sensitive']","hydration, sun protection, uneven texture"
Dermalogica Intensive Eye Repair (15ml),https://www.lookfantastic.com/dermalogica-intensive-eye-repair-15ml/10362796.html,Eye Care,"water , cyclopentasiloxane, butylene glycol, bis-diglyceryl polyacyladipate-2, squalane, persea gratissima oil unsaponifiables, butyrospermum parkii , glyceryl stearate, peg-100 stearate, cetyl alcohol, peg-40 stearate, extracts of: rosa centifolia flower, centella asiatica, echinacea purpurea, vitis vinifera seed, camellia oleifera leaf, ginkgo biloba leaf, dioscorea villosa root, cucumis sativus fruit, ruscus aculeatus root, arnica montana flower; lecithin, phospholipids, glycolipids, sodium pca, sodium hyaluronate, tocopheryl acetate, stearic acid, dea-cetyl phosphate, sorbitan tristearate, dimethicone, dimethiconol, sclerotium gum, superoxide dismutase, triethanolamine, panthenol, disodium edta, phenoxyethanol, retinyl palmitate, ascorbyl palmitate, methylparaben, propylparaben.",£44.55,"['Dry', 'Sensitive']","hydration, sensitivity"
benefit It's Potent Brightening Eye Cream 14g,https://www.lookfantastic.com/benefit-it-s-potent-brightening-eye-cream/10552536.html,Eye Care,"aqua (water), ethylene/acrylic acid copolymer, butylene glycol, glycerin, propylene glycol dicaprylate/dicaprate, squalane, caprylic/capric triglyceride, steareth-21, linum usitatissimum (linseed) seed extract, phenoxyethanol, stearalkonium hectorite, cetyl alcohol, stearyl alcohol, hexyldecanol, steareth-2, glyceryl hydroxystearate, sodium polyacrylate, alcohol, caprylyl glycol, palmitic acid, stearic acid, dimethicone, propylene carbonate, tocopheryl acetate, avena sativa (oat) kernel extract, althaea officinalis root extract, prunus amygdalus dulcis (sweet almond) fruit extract, hesperidin methyl chalcone, glyceryl acrylate/acrylic acid copolymer, acrylates/c10-30 alkyl acrylate crosspolymer, tetrasodium edta, steareth-20, tromethamine, ci 77891 (titanium dioxide), sodium hyaluronate, theobroma cacao (cocoa) extract, pyrus malus (apple) fruit extract, sanguisorba officinalis root extract, brassica campestris (rapeseed) sterols, xanthan gum, sodium citrate, potassium sorbate, chlorphenesin, caprylic/capric/succinic triglyceride, dipeptide-2, tocopherol, citric acid, eriobotrya japonica leaf extract, palmitoyl tetrapeptide-7, plankton extract.",£29.00,['Dry'],"hydration, sun protection"
DECLÉOR Prolagène Lift Lavandula Iris - Lift and Firm Eye Care 15ml,https://www.lookfantastic.com/decleor-prolagene-lift-lavandula-iris-lift-and-firm-eye-care-15ml/11537243.html,Eye Care,"aqua / water, glycerin, butylene glycol, coco-caprylate/caprate, macadamia, integrifolia seed oil, cetearyl alcohol, prunus domestica seed extract, polymethylsilsesquioxane, nylon-12, fluorescent brightener 230 salt, arachidyl alcohol, behenyl alcohol, sodium polyacrylate, phenoxyethanol, cetearyl glucoside, caprylyl glycol, arachidyl glucoside, glycine soja, protein / soybean protein, mica, ci 77891 / titanium dioxide, proline, disodium edta, polyvinylalcohol crosspolymer, tocopherol, glycine soja oil / soybean oil, sodium hyaluronate, steareth-20, sodium cocoyl glutamate, adenosine, hydrolyzed soy flour, ethylhexylglycerin, sodium benzoate, pentylene glycol, potassium sorbate, salix alba leaf, extract / willow leaf extract, hyaluronic acid, silanetriol, sorbic acid, chlorhexidine digluconate, citric acid, n-hydroxysuccinimide, helianthus, annuus seed oil / sunflower seed oil, palmitoyl oligopeptide, chrysin, palmitoyl tetrapeptide-7.",£35.00,['Dry'],"hydration, sun protection, firmness"
Skin Doctors Instant Eyelift (10ml),https://www.lookfantastic.com/skin-doctors-instant-eyelift-10ml/10307538.html,Eye Care,"aqua (water), sodium silicate, carbomer, hyaluronic acid, serum albumin, dextran sulfate, dmdm hydantoin, glycerin, ethylhexylglycerin, caprylyl glycol, sodium hyaluronate, benzyl alcohol, dehydroacetic acid.",£21.99,['Dry'],hydration
Instant Effects Instant Eye Lift,https://www.lookfantastic.com/instant-effects-instant-eye-lift/11185618.html,Eye Care,"aqua, butylene glycol, alcohol denat, glycerin, soluble collagen, dimethicone, argania spinosa kernel extract, sodium polyacrylate, sodium ascorbyl phosphate, methyl gluceth-10, benzyl alcohol, caffeine, acrylates/c10-30 alkyl acrylate crosspolymerm, cyclopentasiloxane, panthenol, sodium cocoyl glucamate, trideceth-6, camellia sinensis leaf extract, phenoxyethanol, escin, dehydroacetic acid, carbomer, ruscus aculeatus root extract, peg/ppg-18/18 dimethicone, ammonium glycyrrhizate, centella asiatica extract, hydrolyzed yeast protein, calendula officinalis flower extract, potassium sorbate, sodium benzoate, sodium hydroxide.",£24.99,"['Dry', 'Sensitive']","hydration, anti-aging, sensitivity, firmness, under-eye"
Aesop Parsley Seed Anti-Oxidant Eye Serum 15ml,https://www.lookfantastic.com/aesop-parsley-seed-anti-oxidant-eye-serum-15ml/10363561.html,Eye Care,"aloe babedensis lead juice, water (aqua), peg 60 almond glycerides, sodium lactate, hammelis virginiana (witch hazel) distilate, magnesium ascorbyl phosphate peg-150 distearate, benzyl alcohol. glycine soja (soybean) oil. lavendula angustifiolia (lavender) oil, phenoxyethanol, sorbitol, polysorbate 20, panthenol. disodium edta, camellia sinensis leaf extract, ormenis multicaulis oil, benzalkonium chloride, chamomilia recutita (matricaria) flower oil, methylisothiazolinone, carum petroslinum (parsley) seed oil, daucus carota sativa (carrot) root extract, beta-carotene, tocopherol, linalool, d-limonene.",£57.00,"['Dry', 'Oily']",hydration
Murad Essential C Eye Cream SPF15 15ml,https://www.lookfantastic.com/murad-essential-c-eye-cream-spf15-15ml/10375476.html,Eye Care,"water (aqua), butylene glycol, bis-diglyceryl polyacyladipate-2, caprylic/capric/stearic triglyceride, shorea stenoptera butter, peg-100 stearate, glyceryl stearate, cetyl alcohol, silica, stearic acid, lysine lauroyl methionate, rice amino acids, zinc aspartate, chitosan ascorbate, retinol, glycine soja (soybean) oil, persea gratissima (avocado) oil unsaponifiables, cimicifuga racemosa root extract, caffeine, siloxanetriol alginate, centella asiatica extract, methylsilanol mannuronate, phytonadione, dimethicone, phospholipids, tocopheryl acetate, retinyl palmitate, ascorbyl palmitate, panthenol, sodium pca, cetyl phosphate, carbomer, triethanolamine, disodium edta, phenoxyethanol, methylparaben, propylparaben, titanium dioxide (ci 77891), iron oxides (ci 77491)",£60.00,"['Dry', 'Oily', 'Sensitive', 'Normal']","hydration, anti-aging, sensitivity, sun protection, oil control, firmness, under-eye"
Medik8 r-Retinoate Day and Night Eye Serum 15ml,https://www.lookfantastic.com/medik8-r-retinoate-day-and-night-eye-serum-15ml/12207728.html,Eye Care,"aqua (water), caprylic/capric triglyceride, isododecane, cetearyl alcohol, 1,2-hexanediol, glycerin, cetearyl olivate, sodium acrylate/sodium acryloyldimethyl taurate copolymer, polylactic acid, sorbitan olivate, squalane, retinyl retinoate, hydrolyzed glycosaminoglycans, cholesteryl nonanoate, glucosyl hesperidin, caffeine, sodium hyaluronate, tetrahexyldecyl ascorbate, tocopheryl acetate, caprylhydroxamic acid, canola oil, scutellaria baicalensis root extract, vanilla planifolia (vanilla) fruit extract, illicium verum fruit extract, butylene glycol, theophylline, theobromine, disodium edta, citric acid.",£90.00,"['Dry', 'Oily']","hydration, uneven texture, under-eye"
Origins GinZing Refreshing Eye Cream to Brighten and Depuff On-the-Go 10ml,https://www.lookfantastic.com/origins-ginzing-refreshing-eye-cream-to-brighten-and-depuff-on-the-go/11789570.html,Eye Care,"water\aqua\eau; methyl trimethicone; butylene glycol; peg-100 stearate; dimethicone; cetyl ricinoleate; silica; olea europaea (olive) fruit oil; glycerin; behenyl alcohol; cucumis sativus (cucumber) fruit extract; panax ginseng (ginseng) root extract; castanea sativa (chestnut) seed extract; camellia sinensis (green tea) leaf extract; cordyceps sinensis extract; magnolia officinalis bark extract; pyrus malus (apple) fruit extract; scutellaria baicalensis root extract; pantethine; panthenol; caprylic/capric triglyceride; butyrospermum parkii (shea butter); caffeine; coleus barbatus extract; yeast extract\faex\extrait de levure; folic acid; hydrogenated lecithin; jojoba wax peg-120 esters; biotin; tribehenin; myristyl alcohol; palmitoyl tetrapeptide-7; trehalose; sodium hyaluronate; ascorbyl tocopheryl maleate; hesperidin methyl chalcone; sodium sulfite; sodium metabisulfite; steareth-20; dipeptide-2; ethylhexylglycerin; carbomer; tromethamine; sorbic acid; chlorphenesin; phenoxyethanol; mica; titanium dioxide (ci 77891); iron oxides (ci 77491, ci 77492, ci 77499)",£18.00,"['Dry', 'Sensitive', 'Normal']","hydration, sensitivity, sun protection, under-eye"
Estée Lauder Resilience Multi-Effect Tri-Peptide Eye Crème 15ml,https://www.lookfantastic.com/estee-lauder-resilience-multi-effect-tri-peptide-eye-creme-15ml/11995366.html,Eye Care,"alcohol denat, fragrance (parfum), water\aqua\eau, dipropylene glycol, ethylhexyl methoxycinnamate, butyl methoxydibenzoylmethane, ethylhexyl salicylate, bht, linalool, benzyl salicylate, hexyl cinnamal, alpha-isomethyl ionone, limonene, geraniol, citral, citronellol, benzyl alcohol, farnesol, amyl cinnamal.",£44.10,['All'],general
SVR Palpebral by Topialyse Eye Cream 15ml,https://www.lookfantastic.com/svr-palpebral-by-topialyse-eye-cream-15ml/11643712.html,Eye Care,"aqua (purified water), propanediol, hydrogenated polydecene, cyclopentasiloxane, orbignya oleifera seed oil, polyacrylamide, behenyl alcohol, caprylic/capric triglyceride, dipotassium glycyrrhizate, saccharide isomerate, sodium hyaluronate, tocopheryl acetate, 1,2-hexanediol, c13-14 isoparaffin, caprylyl glycol, ceteareth-20, citric acid, gossypium herbaceum (cotton) seed oil, laureth-7, pentylene glycol, sodium citrate, sodium polyacrylate starch.",£15.00,['All'],general
Liz Earle Superskin Eye Cream 15ml,https://www.lookfantastic.com/liz-earle-superskin-eye-cream-15ml/12528855.html,Eye Care,"aqua (water), caprylic/capric triglyceride, butyrospermum parkii (shea butter), sodium polyacrylate, borago officinalis seed oil, rosa rubiginosa seed oil, myristyl myristate, vaccinium macrocarpon (cranberry) seed oil, soybean glycerides, propanediol, tocopherol (vitamin e), camellia sinensis (green tea) leaf extract, punica granatum fruit extract, medicago sativa (alfalfa) seed extract, spilanthes acmella flower extract, alaria esculenta extract, rheum rhaponticum root extract, phenoxyethanol, sodium stearoyl glutamate, lactobacillus ferment lysate, butyrospermum parkii butter unsaponifiables, sodium hyaluronate, xanthan gum, saccharomyces cerevisiae extract, hydrolyzed lupine protein, arginine, trisodium ethylenediamine disuccinate, lactobacillus ferment, hydrolyzed hyaluronic acid, chlorphenesin, caffeine, ethylhexylglycerin, aspartic acid, ascorbyl palmitate, sodium chloride, citric acid.",£39.00,"['Dry', 'Sensitive', 'Normal']","hydration, sensitivity, firmness, under-eye"
bareMinerals Ageless Genius Firming and Wrinkle Smoothing Eye Cream 15g,https://www.lookfantastic.com/bareminerals-ageless-genius-firming-and-wrinkle-smoothing-eye-cream-15g/11643470.html,Eye Care,"water (aqua/eau), glycerin, butyrospermum parkii (shea) butter, butylene glycol, dimethicone, methyl gluceth-10, methyl methacrylate/peg/ppg-4/3 methacrylate crosspolymer, pentaerythrityl tetraethylhexanoate, hydrogenated polyisobutene, sodium acrylate/sodium acryloyldimethyl taurate copolymer, triisostearin, cetearyl alcohol, glyceryl stearate, peg-100 stearate, isohexadecane, dimethicone crosspolymer, polysorbate 80, ethylhexylglycerin, chamomilla recutita (matricaria) flower extract, panax ginseng root extract, fagus sylvatica bud extract, euphrasia officinalis extract, cola acuminata seed extract, xanthan gum, citric acid, silica, gold, tocopherol, cetyl alcohol, sorbitan laurate, sodium citrate, sorbitan oleate, hesperidin methyl chalcone, carbomer, steareth-20, chlorhexidine digluconate, sodium metaphosphate, hydroxyethylcellulose, potassium sorbate, sodium metabisulfite, saccharide hydrolysate, trisodium edta, acetyl dipeptide-1 cetyl ester, polysorbate 20, dipeptide-2, palmitoyl tripeptide-1, palmitoyl tetrapeptide-7, arginine/lysine polypeptide, acetyl hydroxyproline, phenoxyethanol",£37.00,['Dry'],hydration
Clinique for Men Super Energizer Anti-Fatigue Depuffing Eye Gel 15ml,https://www.lookfantastic.com/clinique-for-men-super-energizer-anti-fatigue-depuffing-eye-gel-15ml/11834362.html,Eye Care,"water\aqua\eau, butylene glycol, glycerin, caffeine, polygonum cuspidatum root extract, citrus reticulata (tangerine) peel extract, rosmarinus officinalis (rosemary) leaf extract, vitis vinifera (grape) seed extract, punica granatum (pomegranate) fruit juice, panthenol, sodium hyaluronate, humulus lupulus (hops) extract, linolenic acid, yeast extract\faex\extrait de levure, linoleic acid, glycine, nordihydroguaiaretic acid, hydroxyproline, proline, acrylates copolymer, ethylbisiminomethylguaiacol manganese chloride, carbomer, caprylyl glycol, polyacrylamide, c13-14 isoparaffin, hexylene glycol, laureth-7, biosaccharide gum - 1, xanthan gum, disodium edta, phenoxyethanol, mica, titanium dioxide (ci 77891)",£26.00,['Dry'],"hydration, sun protection, under-eye"
Clinique Naturally Gentle Eye Make-Up Remover 75ml,https://www.lookfantastic.com/clinique-naturally-gentle-eye-make-up-remover-75ml/11144727.html,Eye Care,"water\aqua\eau, hydrogenated polyisobutene, butylene glycol, sesamum indicum (sesame) seed oil, ammonium acryloyldimethyltaurate/vp copolymer, sucrose, hypnea musciformis (algae) extract, gellidiela acerosa (algae) extract, arginine, acrylates/c10-30 alkyl acrylate crosspolymer, peg-8 dilaurate, sodium chloride, disodium phosphate, disodium edta, phenoxyethanol, chlorphenesin",£19.00,['All'],general
Ultrasun SPF30+ Eye Cream (15ml),https://www.lookfantastic.com/ultrasun-spf30-eye-cream-15ml/11261405.html,Eye Care,"aqua, zinc oxide (nano), isopropyl palmitate, isostearyl isostearate, titanium dioxide (nano), pentylene glycol, potassium cetyl phosphate, butylene glycol, glycerin, squalane, silica, carrageenan, vitis vinifera seed extract, cetyl phosphate, hydrogenated phosphatidylcholine, panthenol, xanthan gum, alcohol, escin, ruscus aculeatus root extract, ammonium glycyrrhizate, centella asiatica extract, hydrolyzed yeast protein, calendula officinalis flower extract, sodium citrate, lecithin, caprylic/capric triglyceride, tocopheryl acetate, ascorbyl tetraisopalmitate, tocopherol, diisopropyl adipate, ubiquinone.",£20.00,"['Dry', 'Oily', 'Sensitive']","hydration, sensitivity, sun protection, oil control"
Zelens Triple Action Advanced Eye Cream,https://www.lookfantastic.com/zelens-triple-action-advanced-eye-cream/10644878.html,Eye Care,"aqua (water), dimethicone, cyclopentasiloxane, polysilicone-11, bifida ferment lysate, pentylene glycol, sinorhizobium meliloti ferment filtrate, glycerin, butylene glycol, carbomer, tromethamine, phenoxyethanol, acrylates copolymer, isohexadecane, ammonium polyacryloyldimethyl taurate, chlorphenesin, disodium edta, tocopheryl acetate, polysorbate 80, polysorbate 20, parfum (fragrance), caffeine, o-cymen-5-ol, steareth-20, sodium dehydroacetate, cetyl hydroxyethylcellulose, lecithin, caprylyl glycol, pvp/polycarbamyl polyglycol ester, sodium benzoate, hydrolysed sesam protein pg-propyl methylsilanediol, sodium hyaluronate, potassium sorbate, acetyl tetrapeptide-5, alchemilla vulgaris extract, betula alba leaf extract, calendula officinalis flower extract, chamomilla recutita (matricaria) flower/leaf extract, chlorhexidine digluconate, equisetum arvense extract, n-hydroxysuccinimide, salvia officinalis (sage) leaf extract, trisodium edta, acetyl octapeptide-3, tocopherol, linalool, citric acid, sodium citrate, soluble collagen, chrysin, palmitoyl oligopeptide, palmitoyl tetrapeptide-7.",£80.00,"['Dry', 'Sensitive']","hydration, anti-aging, sensitivity, firmness, under-eye"
Clinique Superdefense SPF20 Age Defense Eye Cream 15ml,https://www.lookfantastic.com/clinique-superdefense-spf20-age-defense-eye-cream-15ml/11144740.html,Eye Care,"water\aqua\eau, isocetyl stearoyl stearate, titanium dioxide, c12-15 alkyl benzoate, butylene glycol, cetyl alcohol, butyrospermum parkii (shea butter), dimethicone, laureth-4, cetyl esters, peg-100 stearate, polyethylene, rosmarinus officinalis (rosemary) leaf extract, sea whip extract, padina pavonica thallus extract, sigesbeckia orientalis (st paul's wort) extract, algae extract, lecithin, micrococcus lysate, caffeine, astrocaryum murumuru seed butter, isohexadecane, tocopheryl acetate, trehalose, glycerin, isostearic acid, caprylyl glycol, polyhydroxystearic acid, polysorbate 80, phytosphingosine, tetrahexyldecyl ascorbate, sodium rna, lauric acid, linoleic acid, sodium hyaluronate, hydrogenated lecithin, ascorbyl tocopheryl maleate, acrylamide/sodium acryloyldimethyltaurate copolymer, hexylene glycol, nordihydroguaiaretic acid, tromethamine, aluminum hydroxide, disodium edta, phenoxyethanol, mica, iron oxides (ci 77491, ci 77492, ci 77499), zinc oxide (ci 77947 nano)",£31.50,"['Dry', 'Oily']","hydration, sun protection, oil control, under-eye"
KLORANE Eye Make-Up Remover with Organically Farmed Cornflower 200ml,https://www.lookfantastic.com/klorane-eye-make-up-remover-with-organically-farmed-cornflower-200ml/12310357.html,Eye Care,"water (aqua), butylene glycol, centaurea cyanus flower water, poloxamer 184, hexylene glycol. peg-6 caprylic/capric glycerides, citric acid, phenethyl alcohol, sodium chloride, trisodium ethylenediamine disuccinate.",£9.50,['All'],hydration
Peter Thomas Roth Retinol Eye Care 15ml,https://www.lookfantastic.com/peter-thomas-roth-retinol-eye-care-15ml/11289147.html,Eye Care,"water, glyceryl stearate, caprylic/capric triglyceride, cetyl alcohol, propylene glycol stearate, cera alba (beeswax), caffeine, retinol, butyrospermum parkii (shea) butter, persea gratissima (avocado) oil, ascorbic acid, retinyl palmitate, tocopheryl acetate, sodium hyaluronate, sodium pca, bht, superoxide dismutase, squalane, aloe barbadensis leaf juice, soluble collagen, hydrolyzed elastin, lecithin, allantoin, panthenol, ceramide np, echinacea purpurea extract, algae extract, c13-14 isoparaffin, foeniculum vulgare (fennel) seed extract, rosa canina fruit oil, viola tricolor extract, camellia sinensis leaf extract, dimethicone, helianthus annuus (sunflower) seed oil, wheat amino acids, potassium phosphate, leuconostoc/radish root ferment filtrate, citric acid, disodium edta, carbomer, triethanolamine, steapyrium chloride, polyacrylamide, polysorbate 20, oleic acid, soy acid, laureth-7, ascorbyl methylsilanol pectinate, edta, methylpropanediol, butylene glycol, propylene glycol, potassium sorbate, sodium benzoate, pentylene glycol, alcohol, phenoxyethanol.",£46.00,"['Dry', 'Oily', 'Sensitive', 'Normal']","hydration, anti-aging, firmness, under-eye"
Clinique Rinse-Off Eye Makeup Solvent 125ml,https://www.lookfantastic.com/clinique-rinse-off-eye-makeup-solvent-125ml/11144728.html,Eye Care,"water\aqua\eau , peg-32 , butylene glycol , disodium cocoamphodiacetate , peg-6 , trisodium edta , phenoxyethanol",£19.00,['All'],general
Sukin Purely Ageless Eye Cream 20ml,https://www.lookfantastic.com/sukin-purely-ageless-eye-cream-20ml/11806706.html,Eye Care,"water (aqua), cetearyl alcohol, aloe barbadensis leaf juice, glyceryl stearate se, helianthus annuus (sunflower) seed oil, acacia senegal gum, ribose, caffeine, coffea arabica (coffee) seed extract, hydrolyzed rhizobian gum, macadamia ternifolia seed oil, argania spinosa kernel oil (argan), rosa canina fruit oil (rosehip), adansonia digitata fruit extract (baobab), hibiscus sabdariffa flower extract, lycium barbarum fruit extract (goji), euterpe oleracea fruit extract (acai), glycerin, cetearyl olivate, sorbitan olivate, xanthan gum, lecithin, sclerotium gum, pullulan, silica, tocopherol (vitamin e), citrus tangerina (tangerine) peel oil, citrus nobilis (mandarin orange) peel oil, lavandula angustifolia (lavender) oil, vanillin, daucus carota sativa (carrot) seed oil, lactic acid, phenoxyethanol, benzyl alcohol, ethylhexylglycerin, linalool, limonene.",£15.95,"['Dry', 'Oily', 'Normal']","hydration, uneven texture, under-eye"
SkinCeuticals A.G.E. Eye Complex Cream 15ml,https://www.lookfantastic.com/skinceuticals-a.g.e.-eye-complex-cream-15ml/11705706.html,Eye Care,"aqua/water, glycerin, dimethicone, isohexadecane, paraffin, propylene glycol, silica [nano]/silica, polyglyceryl-4 isosterarate, cetyl peg/ppg-10/1 dimethicone, hexyl laurate, nylon-12, hydroxypropyl tetrahydropyrantriol, methylsilanol/silicate crosspolymer, polyethylene, ascorbyl glucoside, caprylic/capric triglyceride, octyldodecanol, phenoxyethanol, tocopheryl acetate, ammonium polyacrykdimethyltauramide/ammonium polyacryloyldimethyl taurate, peg-6 isostearate, triethanolamine, sodium citrate, methylparaben, chlorphenesin, caffeine, titanium dioxide [nano]/titanium dioxide, ethylparaben, menthoxypropanediol, vacinium myrtillus fruit extract, hesperidin methyl chalcone, pentasodium pentetate, aluminium hydroxide, stearic acid, hesperitin laurate, n-hydroxysuccinimide, dipeptide-2, palmitoyl tetrapeptide-7, palmitoyl oligopeptide, chrysin.",£85.00,['Dry'],"hydration, sun protection, under-eye"
Benton Fermentation Eye Cream 30g,https://www.lookfantastic.com/benton-fermentation-eye-cream-30g/11401213.html,Eye Care,"galactomyces ferment filtrate, bifida ferment lysate, butylene glycol, caprylic /capric triglyceride, glycerin, cetostearyl alcohol, cetyl ethylhexanoate, water, macadamia temifolia seed oil, cetearyl olivate, sorbitan olivate, pentylene glycol, rh-oligopeptide-1, ceramide np, sodium hyaluronate, aloe barbadensis leaf extract, adenosine, allantoin, althaea rosea root extract, betaine, panthenol, beta-glucan, acrylates/c10-30 alkyl acrylate crosspolymer, arginine, zanthoxylum piperitum fruit extract, pulsatilla koreana extract, usnea barbata (lichen) extract, sorbitan stearate.",£25.00,"['Dry', 'Sensitive', 'Normal']",hydration
Estée Lauder Take It Away Gentle Eye and Lip Longwear Makeup Remover 100ml,https://www.lookfantastic.com/estee-lauder-take-it-away-gentle-eye-and-lip-longwear-makeup-remover-100ml/11141639.html,Eye Care,"water\aqua\eau, cyclopentasiloxane, isohexadecane, cucumis sativus (cucumber) fruit extract, rosa damascena (rose) flower water, aloe barbadensis leaf juice, peg-4 dilaurate, butylene glycol, dimethicone, lauryl methyl gluceth-10 hydroxypropyldimonium chloride, potassium phosphate, sodium chloride, hexylene glycol, dipotas",£18.90,['All'],general
Sarah Chapman Lash Boosting Eye Cleanse 70ml,https://www.lookfantastic.com/sarah-chapman-lash-boosting-eye-cleanse-70ml/11311686.html,Eye Care,"aqua (water), glycerin, olive oil peg-7 esters, rosa damascena flower water, albizia julibrissin (persian silk tree) bark extract, arnica montana flower extract, sodium lauryl glucose carboxylate, gluconolactone, lauryl glucoside, butylene glycol, parfum (fragrance), sodium benzoate, allantoin, cetrimonium bromide, disodium edta, sodium hydroxide, anthemis nobilis flower extract, sodium pca, sodium lactate, aloe barbadensis leaf juice powder, cucumis sativus (cucumber) fruit extract, arginine, aspartic acid, pca, sorbic acid, potassium sorbate, glycine, alanine, calcium gluconate, geraniol, serine, valine, citronellol, isoleucine, proline, threonine, darutoside, histidine, phenylalanine, dextran, acetyl tetrapeptide-3, trifolium pratense (clover) flower extract.",£33.00,"['Dry', 'Sensitive']",hydration
Sanctuary Spa Power Peptide Awakening Eye Serum 15ml,https://www.lookfantastic.com/sanctuary-spa-power-peptide-awakening-eye-serum-15ml/11975620.html,Eye Care,"aqua (water), glycerin, polymethyl methacrylate, glycereth-26, sodium polyacrylate, albizia julibrissin bark extract, phenoxyethanol, caffeine, sodium benzoate, acrylates/c10-30 alkyl acrylate crosspolymer, mica, sodium gluconate, hydrolyzed hyaluronic acid, hydroxypropyl cyclodextrin, darutoside, palmitoyl tripeptide-38, ci 77891 (titanium dioxide), ci 77491 (iron oxides).",£16.50,['Dry'],"hydration, sun protection, firmness, under-eye"
Eucerin® Anti-Age Hyaluron-Filler Eye Cream SPF 15 + UVA Protection (15ml),https://www.lookfantastic.com/eucerin-anti-age-hyaluron-filler-eye-cream-spf-15-uva-protection-15ml/11116004.html,Eye Care,"aqua, glycerin, butylene glycol dicaprylate/dicaprate, diethylamino hydroxybenzoyl hexyl benzoate, methylpropanediol, synthetic beeswax, behenyl alcohol, ethylhexyl triazone, hydrogenated coco-glycerides, octyldodecanol, stearyl alcohol, cetyl palmitate, glyceryl stearate citrate, glycine soja germ extract, aluminum starch octenylsuccinate, bis-ethylhexyloxyphenol methoxyphenyl triazine, dimethicone, sodium hyaluronate, methyl methacrylate crosspolymer, trisodium edta, carbomer, ethylhexylglycerin, 1,2-hexanediol, phenoxyethanol.",£24.50,['Dry'],hydration
RapidEye Firming Wrinkle Smoother 15ml,https://www.lookfantastic.com/rapideye-firming-wrinkle-smoother-15ml/11697376.html,Eye Care,"aqua (water), aloe barbadensis leaf juice, glycerin, dimethicone, cyclopentasiloxane, caprylyl, methicone, stearyl alcohol, butyrospermum parkii (shea) butter, caprylic/capric triglyceride, polysorbate 60, butylene glycol, helianthus annuus (sunflower) seed oil, sorbitan stearate, sodium pca, panthenol, acetyl tetrapeptide-5, retinol, caffeine, sodium hyaluronate, rosmarinus officinalis (rosemary) leaf extract, citrus aurantium dulcis (orange) peel extract, polymethyl methacrylate, silica, allantoin, acrylates/c10-30 alkyl acrylate crosspolymer, disodium edta, stearic acid, cetyl alcohol, tocopheryl acetate, ethyl ferulate, polyglyceryl-5 oleate, disodium uridine phosphate, polysorbate 20, sodium hydroxide, phenoxyethanol, potassium sorbate, sodium benzoate, menthyl lactate.",£21.55,"['Dry', 'Oily', 'Sensitive']","hydration, anti-aging, firmness, under-eye"
Dermalogica Stress Positive Eye Lift 25ml,https://www.lookfantastic.com/dermalogica-stress-positive-eye-lift-25ml/11434924.html,Eye Care,"water/aqua/eau, dimethicone, pentylene glycol, sorbitol, simmondsia chinensis (jojoba) seed oil, butylene glycol, glycerin, peg-40 hydrogenated castor oil, saccharomyces ferment lysate filtrate, tephrosia purpurea seed extract, hydrolyzed sodium hyaluronate, niacinamide, diglucosyl gallic acid, citrus reticulata (tangerine) leaf oil, ammonium acryloyldimethyltaurate/vp copolymer, maris aqua, propanediol, sodium hyaluronate, vetiveria zizanoides root oil, lavandula angustifolia (lavender) oil, rosa damascena flower oil, salvia sclarea (clary) oil, hydrolyzed algin, aniba rosaeodora (rosewood) wood oil, cananga odorata flower oil, glyceryl stearate se, methyl lactate, peg-100 stearate, acrylates/c10-30 alkyl acrylate crosspolymer, tocopherol, sucrose, caprylic/capric triglyceride, ethylhexylglycerin, sodium hydroxide, tetrasodium glutamate diacetate, aminomethyl propanol, xanthan gum, linalool, geraniol, phenoxyethanol.",£52.65,"['Dry', 'Oily', 'Normal']","acne, hydration, brightening, dark spots, oil control, under-eye"
Aesop Parsley Seed Anti-Oxidant Eye Cream 10ml,https://www.lookfantastic.com/aesop-parsley-seed-anti-oxidant-eye-cream-10ml/10366954.html,Eye Care,"aloe barbadensis leaf juice, water, peg-60 almond glycerides, hamamelis virginiana (witch hazel) water, magnesium ascorbly phosphate, peg-150 distearate, benzyl alcohol, clycine soja sorbitol, polysorbate 20, panthenol, linalool, disodium edta, camellia, sinensis leaf extracts, omenis multicaulis oil, benzalkonium chloride, chamomilla recutita (matricaria) flower oil, methylisothiazolinoe, carum petroselinum (parsley) seed oil, dancus carota sativa (carrot) root extract, d-limonene, beta-carotene, tocopherol.",£63.00,"['Dry', 'Oily']",hydration
SVR Densitium Lifting + Firming Eye Contour Cream -15ml,https://www.lookfantastic.com/svr-densitium-lifting-firming-eye-contour-cream-15ml/11643699.html,Eye Care,"aqua (purified water), glycerin, alumina, caprylic/capric triglyceride, cetearyl ethylhexanoate, hydrogenated polydecene, calcium pca, sodium acrylates copolymer, butylene glycol, cyclopentasiloxane, tocopheryl acetate, palmitoyl tripeptide-1, biotin, chrysin, helianthus annuus (sunflower) seed oil, hyaluronic acid, mica, n-hydroxysuccinimide, palmitoyl tetrapeptide-7, phospholipids, sodium dextran sulfate, tocopherol, 1,2-hexanediol, citric acid, glyceryl stearate, hydrogenated polyisobutene, hydroxyethylcellulose, lactic acid, peg-100 stearate, pentylene glycol, polyglyceryl-10 stearate, sodium bicarbonate, sodium citrate, steareth-20, xanthan gum crosspolymer, chlorhexidine digluconate, chlorphenesin, phenoxyethanol, potassium sorbate, citronellol, parfum (fragrance), ci 77891.",£36.00,"['Dry', 'Oily']","hydration, uneven texture, firmness"
Lumene Nordic C [Valo] Bright Eyes All-In-One Treatment 15ml,https://www.lookfantastic.com/lumene-nordic-c-valo-bright-eyes-all-in-one-treatment-15ml/11697317.html,Eye Care,"aqua (water), glycerin, decyl cocoate, aluminum starch octenylsuccinate, butylene glycol, persea gratissima (avocado) oil, dimethicone, butyrospermum parkii (shea butter), rubus chamaemorus (cloudberry) seed extract, phenoxyethanol, albizia julibrissin bark extract, panthenol, tocopheryl acetate, ceteth-20, cetyl alcohol, glyceryl stearate, peg-75 stearate, steareth-20, (ci 77891) titanium dioxide, mica, polysilicone-11, polyvinyl alcohol, sodium polyacrylate, undecane, ascorbyl glucoside, tridecane, propanediol, disodium edta, ethylhexylglycerin, allantoin, sodium hydroxide, xanthan gum, adenosine, caprylyl glycol, hydrolyzed hyaluronic acid, sodium citrate, sodium benzoate, darutoside, glucose, citric acid, chondrus crispus (carrageenan) extract, tocopherol, helianthus annuus (sunflower) seed oil.",£19.90,"['Dry', 'Sensitive']","hydration, sun protection, firmness"
Perricone MD Essential Fx Acyl-Glutathione: Eyelid Lift Serum,https://www.lookfantastic.com/perricone-md-essential-fx-acyl-glutathione-eyelid-lift-serum/11833577.html,Eye Care,"water/aqua, pantethine, avena sativa (oat) kernel extract, glycerin, carbomer, glycyrrhetinic acid, s-palmitoylglutathione, acetyl tyrosine, magnesium ascorbyl phosphate, tetrahexyldecyl ascorbate, silica, xanthan gum, dimethyl mea, phenoxyethanol, caprylyl glycol, magnesium silicate, titanium dioxide, magnesium aspartate, zinc gluconate, sorbic acid, hydroxypropyl cyclodextrin, fragrance/parfum, iron oxides/ci 77491, copper gluconate, linalool, sodium hyaluronate, citronellol, acetyl tetrapeptide-5, palmitoyl tripeptide-38.",£89.00,"['Dry', 'Oily']","hydration, sun protection, oil control"
Natio Ageless Brightening Eye Cream (20g),https://www.lookfantastic.com/natio-ageless-brightening-eye-cream-20g/10562423.html,Eye Care,"water (aqua), caprylic/capric triglyceride, ethylhexyl stearate, glycerin, dimethicone, cyclomethicone, steareth-21, nylon 12, palmitoyl pentapeptide-3, butylene glycol, carbomer, polysorbate 20, polyacrylamide, c13-14 isoparaffin, laureth-7, isopropyl palmitate, cetearyl alcohol, aloe barbadensis leaf juice, pentylene glycol, phenoxyethanol, methylparaben, ethylparaben, propylparaben, butylparaben, isobutylparaben, prunus amygdalus dulcis (sweet almond) oil, tocopheryl acetate, steareth-2, sodium ascorbyl phosphate, phospholipids, butyrospermum parkii (she butter), rosa canina fruit oil, equisetum arvense extract, tocopherol, cholesterol, aesculus hippocastanum (horse chestnut) seed extract, corylus americana (hazel) seed oil, citrus medica limonum (lemon) peel oil, cananga odorata flower oil, rose oil anatolia, styrax benzoin gum, acrylates/c10-30 alkyl acrylate crosspolymer, sodium hydroxide, tetrasodium edta, ci 77489, ci 77492, ci 77499.",£12.40,['Dry'],hydration
First Aid Beauty 5-in-1 Eye Cream (14.1ml),https://www.lookfantastic.com/first-aid-beauty-5-in-1-eye-cream-14.1ml/11054495.html,Eye Care,"water (aqua), glycerin, dimethicone, c12-15 alkyl benzoate, sodium polyacrylate, ethylhexyl palmitate, silica, hydrogenated lecithin, caprylyl methicone, sodium pca, phenoxyethanol, phenyl methicone, enteromorpha compressa extract, hydroxyethyl acrylate/sodium acryloyldimethyl taurate copolymer, retinyl palmitate, camellia sinensis leaf extract, glycyrrhiza glabra (licorice) root extract, chrysanthemum parthenium (feverfew) extract, polysilicone-11, alpha-arbutin, sodium hydroxide, xanthan gum, caesalpinia spinosa gum, sodium benzoate, potassium sorbate, glyceryl polyacrylate, bisabolol, niacinamide, tocopherol.",£26.00,"['Dry', 'Oily', 'Sensitive', 'Normal']","acne, hydration, brightening, dark spots, oil control, under-eye"
SkinCeuticals AOX+ Eye Gel 15ml,https://www.lookfantastic.com/skinceuticals-aox-eye-gel-15ml/11705726.html,Eye Care,"aqua/water, dipropylene glycol, butylene glycol, undecane, bis-hydroxyethooxypropyl dimethicone, alcohol denat, ascorbic acid, dimethicone, caprylic/capric triglyceride, tridcane, phloretin, lauryl peg-9, polydimethylsiloxyethyl dimethicone, dimethicone/peg-10/15 crosspolymer, dimethicone polyglycerin-3 crosspolymer, ferulic acid, ruscus aculeatus extract/ruscus aculeatus root extract, caffeine, disodium edta, sodium hydroxide.",£77.00,['Dry'],"hydration, under-eye"
MAC Fast Response Eye Cream 15ml,https://www.lookfantastic.com/mac-fast-response-eye-cream/11471912.html,Eye Care,"dimethicone, isododecane, water\aqua\eau, polysilicone-11, polyethylene, butylene glycol, cyclopentasiloxane, hexyldecyl stearate, caffeine, tocopheryl acetate, sodium hyaluronate, retinyl palmitate, yeast extract\faex\extrait de levure, triticum vulgare (wheat) germ oil, hordeum vulgare (barley) extract\extrait d'orge, pyrus malus (apple) fruit extract, cucumis sativus (cucumber) fruit extract, helianthus annuus (sunflower) seed oil, centella asiatica (hydrocotyl) extract, saccharomyces lysate extract, squalane, methyldihydrojasmonate, phytosphingosine, quaternium-18 bentonite, propylene carbonate, polymethyl methacrylate, cetyl peg/ppg-10/1 dimethicone, peg/ppg-18/18 dimethicone, tetrasodium edta, sodium dehydroacetate, phenoxyethanol",£22.00,"['Dry', 'Oily', 'Sensitive']","hydration, sensitivity, under-eye"
Dr. Brandt No More Baggage 15g,https://www.lookfantastic.com/dr.-brandt-no-more-baggage-15g/12293319.html,Eye Care,"water (aqua), sodium magnesium silicate, propanediol, magnesium aluminum silicate, phenoxyethanol, lecithin, kappaphycus alvarezii extract, caffeine, synthetic, fluorphlogopite, acetyl glutamine, hesperidin methyl chalcone, caesalpinia spinosa fruit extract, titanium dioxide, caprylyl glycol, ethylhexylglycerin, hexylene glycol, steareth-20, sh-oligopeptide-1, sh- oligopeptide-2, dipeptide-2, sodium hyaluronate, sh-polypeptide-1, sh- polypeptide-9, sh-polypeptide-11, bacillus/soybean/folic acid ferment, boswellia serrata extract, centella asiatica extract, palmitoyl tetrapeptide-7, butylene glycol, betula alba bark extract, chlorhexidine digluconate, tin oxide, 1,2- hexanediol, potassium sorbate, polygonum cuspidatum root extract, peg-12 dimethicone, camellia sinensis leaf extract, sodium benzoate, iron oxides (ci 77491, ci 77492).",£30.00,"['Dry', 'Sensitive']","hydration, sensitivity, sun protection, under-eye"
Sukin Eye Serum (30ml),https://www.lookfantastic.com/sukin-eye-serum-30ml/10961550.html,Eye Care,"water (aqua), aloe barbadensis leaf juice, sesamum indicum (sesame) seed oil, cetearyl alcohol, glycerin, ceteareth-20, cetyl alcohol, rosa canina fruit oil (rose hip), oenothera biennis (evening primrose) oil, borago officinalis seed oil (borage), tocopherol (vitamin e), cucumis sativus (cucumber) fruit extract, arctium lappa root extract (burdock), urtica dioica (nettle) leaf extract, xanthan gum, citric acid, phenoxyethanol, benzyl alcohol.",£14.95,"['Dry', 'Normal']",hydration
VICHY LiftActiv Serum 10 Eyes & Lashes 15ml,https://www.lookfantastic.com/vichy-liftactiv-serum-10-eyes-lashes-15ml/11091744.html,Eye Care,"aqua / water, rhamnose, glycerin, alcohol denat., dimethicone, hydroxyethylpiperazine ethane sulfonic acid, peg-20 methyl glucose sesquistearate, ci 77891 / titanium dioxide, mica, triethanolamine, sodium hyaluronate, salicyloyl phytosphingosine, palmitoyl oligopeptide, palmitoyl tetrapeptide-7, phenoxyethanol, adenosine, ammonium polyacryldimethyltauramide/ammonium polyacryloyldimethyl taurate, chlorphenesin, disodium edta, xanthan gum, octyldodecanol, acrylates/c10-30 alkyl acrylate crosspolymer, n-hydroxysuccinimide, chrysin.",£27.00,['Dry'],"hydration, sun protection"
Perricone MD Cold Plasma Plus Eye Cream 15ml,https://www.lookfantastic.com/perricone-md-cold-plasma-plus-eye-cream-15ml/11648204.html,Eye Care,"water/aqua/eau, isopropyl palmitate, cetearyl alcohol, glyceryl stearate, peg-100 stearate, hydrolyzed jojoba esters, ceteareth-20, olea europaea (olive) fruit oil, tetrahexyldecyl ascorbate, benzyl alcohol, phosphatidylcholine, acetyl tetrapeptide-5, palmitoyl tripeptide-1, palmitoyl tetrapeptide-7, echium plantagineum seed oil, helianthus annuus (sunflower) seed oil, copper tripeptide-1, magnesium aspartate, zinc gluconate, rosmarinus officinalis (rosemary) leaf extract, copper gluconate, n-hydroxysuccinimide, tocopherol, sodium hyaluronate, chrysin, disodium edta, hydrogenated vegetable oil, glycerin, dimethicone, cyclopentasiloxane, steareth-20, silica, titanium dioxide (ci 77891), iron oxides (ci 77491).",£80.00,"['Dry', 'Oily']","hydration, sun protection, oil control"
REN Clean Skincare Keep Young and Beautiful Instant Brightening Beauty Shot Eye Lift 15ml,https://www.lookfantastic.com/ren-clean-skincare-keep-young-and-beautiful-instant-brightening-beauty-shot-eye-lift-15ml/11202112.html,Eye Care,"aqua (water), silica, sodium hyaluronate, hydroxypropyl methylcellulose, glycerin, pullulan, carbomer, mica, ci77891 (titanium dioxide), polianthes tuberosa callus extract, sodium hydroxide, phenoxyethanol, porphyridium cruentum extract, sodium hydroxymethylglycinate, rosa damascena flower oil, rosa damascena extract, citronellol, geraniol",£33.00,['Dry'],"hydration, sun protection"
CeraVe Hydrating Cleanser 236ml,https://www.lookfantastic.com/cerave-hydrating-cleanser-236ml/11798700.html,Cleanser,"aqua/water, glycerin, cetearyl alcohol, phenoxyethanol, stearyl alcohol, cetyl alcohol, peg-40 stearate, behentrimonium methosulfate, glyceryl stearate, polysorbate 20, ethylhexylglycerin potassium phosphate, disodium edta, dipotassium phosphate, sodium lauroyl lactylate, ceramide np, ceramide ap, phytosphingosine, cholesterol, sodium hyaluronate, xanthan gum, carbomer, tocopherol, ceramide eop.",£9.50,"['Dry', 'Normal']",hydration
CeraVe Hydrating Cleanser 473ml,https://www.lookfantastic.com/cerave-hydrating-cleanser-473ml/11798699.html,Cleanser,"aqua/water, glycerin, cetearyl alcohol, phenoxyethanol, stearyl alcohol, cetyle alcohol, peg-40 stearate, behentrimonium methosulfate, glyceryl stearate, polysorbate 20, ethlyhexylglycerin, potassium phosphate, disodium edta, dipotassium phosphate, sodium lauroyl lactylate, ceramide np, ceramide ap, phytosphingosine, cholesterol, sodium hyaluronate, xanthum gum, carbomer, tocopherol, ceramide eop.",£15.00,"['Dry', 'Normal']",hydration
The Ordinary Squalane Cleanser Supersize Exclusive 150ml,https://www.lookfantastic.com/the-ordinary-squalane-cleanser-supersize-exclusive-150ml/12236022.html,Cleanser,"squalane, aqua (water), coco-caprylate/caprate, glycerin, sucrose stearate, ethyl macadamiate, caprylic/capric triglyceride, sucrose laurate, hydrogenated starch hydrolysate, sucrose dilaurate, sucrose trilaurate, polyacrylate crosspolymer-6, isoceteth-20, sodium polyacrylate, tocopherol, hydroxymethoxyphenyl decanone, trisodium ethylenediamine disuccinate, malic acid, ethylhexylglycerin, chlorphenesin.",£14.20,['Dry'],hydration
CeraVe Foaming Facial Cleanser 473ml,https://www.lookfantastic.com/cerave-foaming-facial-cleanser-473ml/11798697.html,Cleanser,"aqua / water, glycerin, coco-betaine, propylene glycol, sodium cocoyl glycinate, peg-120 methyl glucose dioleate, sodium chloride, acrylates copolymer, citric acid, capryloyl glycine, caprylyl glycol, sodium hydroxide, niacinamide, disodium edta, sodium hyaluronate, sodium lauroyl lactylate, ceramide np, phenoxyethanol, ceramide ap, phytosphingosine, cholesterol, xanthan gum, carbomer, ethylhexylglycerin, ceramide eop.",£15.00,"['Dry', 'Oily', 'Normal']","acne, hydration, brightening, dark spots, oil control, under-eye"
CeraVe Smoothing Cleanser 236ml,https://www.lookfantastic.com/cerave-smoothing-cleanser-236ml/12207663.html,Cleanser,"aqua/water, sodium lauroyl sarcosinate, cocamidopropyl, hydroxysultaine, glycerin, niacinamide, gluconolactone, sodium methyl cocoyl taurate, peg-150 pentaerythrityl tetrastearate, ceramide np, ceramde ap, ceramide eop, carbomer, calcium gluconate, salicylic acid, sodium benzoate, sodium lauroyl, lactylate, cholesterol, phenoxyethanol, disodium edta, tetrasodium edta, hydrolyzed hyaluronic acid, phytosphingosine, xanthan gum, ethylhexylglycerine.",£12.00,"['Dry', 'Oily', 'Normal']","acne, hydration, brightening, dark spots, oil control, blackheads, firmness, under-eye"
COSRX Salicylic Acid Daily Gentle Cleanser 170g,https://www.lookfantastic.com/cosrx-salicylic-acid-daily-gentle-cleanser-170g/11540297.html,Cleanser,"water, glycerin, myristic acid, stearic acid, potassium hydroxide, lauric acid, butylene glycol, glycol distearate, polysorbate 80, sodium methyl cocoyl taurate, salicylic acid, cocamidopropyl betaine, peg-60 hydrogenated castor oil, fragrance, sodium chloride, melaleuca alternigolia (tea tree) leaf oil, caprylyl glycol, ethylhexylglycerin, salix alba (willow) bark water, saccharomyces ferment, cryptomeria japonica leaf extract, nelumbo nucifera leaf extract, pinus palustris leaf extract, ulmus davidiana root extract, oenothera biennis (evening primrose) flower extract, pueraria lobata root extract,  1,2-hexanediol, ethyl hexanediol, citric acid, disodium edta.",£8.50,"['Dry', 'Oily']","acne, hydration, oil control, blackheads"
Elemis Pro-Collagen Cleansing Balm 105g,https://www.lookfantastic.com/elemis-pro-collagen-cleansing-balm-105g/10757840.html,Cleanser,"prunus amygdalus dulcis (sweet almond) oil, caprylic/capric triglyceride, peg-6 caprylic/capric glycerides, peg-8 beeswax, cetearyl alcohol, sambucus nigra (elderberry) oil, sorbitan stearate, peg-60 almond glycerides, silica, triticum vulgare (wheat) germ oil, avena sativa (oat) kernel oil, butyrospermum parkii (shea butter), glycerin, lecithin, borago officinalis (starflower) seed oil, citrus aurantium dulcis (orange) peel cera (wax), padina pavonica thallus extract, phenoxyethanol, acacia decurrens (mimosa) flower cera (wax), rosa multiflora (rose) flower cera (wax), cocos nucifera (coconut) oil, lavandula angustifolia (lavender) oil, pelargonium graveolens (geranium) flower oil, tocopherol, lavandula hybrida (lavandin) oil, eucalyptus globulus leaf oil, anthemis nobilis (chamomile) flower oil, simmondsia chinensis (jojoba) seed oil, cinnamomum camphora (ho wood) wood oil, mentha arvensis (mint) leaf oil, vitis vinifera (grape) seed oil, citrus aurantium dulcis (orange) oil, menthol, eugenia caryophyllus (clove) leaf oil, citric acid, linalool, geraniol, eugenol, citronellol, limonene.",£44.00,"['Dry', 'Sensitive']","hydration, sensitivity"
FARMACY Green Clean Make Up Meltaway Cleansing Balm 100ml,https://www.lookfantastic.com/farmacy-green-clean-make-up-meltaway-cleansing-balm-100ml/11787600.html,Cleanser,"cetyl ethylhexanoate, caprylic/capric triglyceride, peg-20 glyceryl triisostearate, peg-10 isostearate, polyethylene, phenoxyethanol, sorbitan sesquioleate, citrus aurantifolia (lime) oil, citrus aurantium bergamia (bergamot) fruit oil, melia azadirachta leaf extract, melia azadirachta flower extract, amino esters-1, citrus aurantium dulcis (orange) peel oil, amber powder, cananga odorata flower oil, coccinia indica fruit extract, solanum melongena (eggplant) fruit extract, curcuma longa (turmeric) root extract, ocimum sanctum leaf extract, corallina officinalis extract, moringa oleifera seed oil, zingiber officinale (ginger) root oil, helianthus annuus (sunflower) seed oil, water/ aqua/ eau, glycerin, butylene glycol, echinacea purpurea root extract, carica papaya (papaya) fruit extract, moringa pterygosperma seed extract, disodium phosphate, citric acid.",£32.00,['Dry'],hydration
La Roche-Posay Effaclar H Hydrating Cleansing Cream (200ml),https://www.lookfantastic.com/la-roche-posay-effaclar-h-hydrating-cleansing-cream-200ml/11227837.html,Cleanser,"aqua/water, ethylhexyl palmitate, propanediol, glycerin, pentylene glycol, sodium laureth sulfate, niacinamide, coco-glucoside, acrylates/c10-30 alkyl acrylate crosspolymer, zinc pca, sodium hydroxide, disodium edta, caprylyl glycol, phenoxyethanol, parfum/fragrance.",£12.50,"['Dry', 'Oily', 'Normal']","acne, hydration, brightening, dark spots, oil control, under-eye"
La Roche-Posay Effaclar Purifying Cleansing Gel 200ml,https://www.lookfantastic.com/la-roche-posay-effaclar-purifying-cleansing-gel-200ml/11091822.html,Cleanser,"water, decyl glucoside, sodium laureth sulfate, peg-120 methylglucose dioleate, polyglyceryl 3-hydroxylauryl ether, peg-4 dilaurate, peg-4 laurate, zinc pca, disodium edta, citric acid, polyquaternium-7, iodoproponyl butylcarbamate, peg-4, methylparaben, propylparaben, fragrance",£12.50,['Oily'],oil control
La Roche-Posay Effaclar Cleansing Gel 400ml,https://www.lookfantastic.com/la-roche-posay-effaclar-cleansing-gel-400ml/11434754.html,Cleanser,"aqua / water, sodium laureth sulfate, peg-8, coco-betaine, hexylene glycol, sodium chloride, peg-120 methyl glucose dioleate, zinc pca, sodium hydroxide, citric acid, sodium benzoate, phenoxyethanol, caprylyl glycol, parfum / fragrance.",£18.50,['Oily'],oil control
Emma Hardie Moringa Cleansing Balm with Professional Cleansing Cloth 100ml,https://www.lookfantastic.com/emma-hardie-moringa-cleansing-balm-with-professional-cleansing-cloth-100ml/11255285.html,Cleanser,"vitis vinifera (grape) seed oil, prunus amygdalus dulcis (sweet almond) oil, caprylic/capric triglyceride, cetearyl alcohol, peg-8 beeswax, peg-6 caprylic/capric glycerides, peg-60 almond glycerides, sorbitan stearate, palmitic/stearic triglycerides, limonene, citrus aurantium dulcis (orange) peel oil, silica, glycerin, phenoxyethanol, benzyl alcohol, citrus aurantium bergamia (bergamot) fruit oil, citrus aurantium amara (bitter orange) flower oil, citrus nobilis (mandarin orange) peel oil, juniperus virginiana oil, aqua (water), lecithin, linalool, butylene glycol, octyldodecyl pca, menthyl pca, tocopherol, ascorbyl palmitate, crithmum maritimum extract, helianthus annuus (sunflower) seed oil, moringa pterygosperma seed extract, jasminum officinale (jasmine) flower oil, rosa damascena flower oil, disodium phosphate, citronellol, citric acid, geraniol, citral.",£47.00,['Dry'],hydration
Clinique Take the Day off Cleansing Balm 30ml,https://www.lookfantastic.com/clinique-take-the-day-off-cleansing-balm-30ml/12076052.html,Cleanser,"ethylhexyl palmitate, carthamus tinctorius (safflower) seed oil, caprylic/capric triglyceride, sorbeth-30 tetraoleate, polyethylene, peg-5 glyceryl triisostearate, water\aqua\eau, tocopherol, phenoxyethanol",£9.00,['All'],general
Clinique Liquid Facial Soap Mild 200ml,https://www.lookfantastic.com/clinique-liquid-facial-soap-mild-200ml/11144710.html,Cleanser,"water\aqua\eau, sodium laureth sulfate, sodium chloride, cocamidopropyl hydroxysultaine, lauramidopropyl betaine, sodium cocoyl sarcosinate, tea-cocoyl glutamate, di-ppg-2 myreth-10 adipate, aloe barbadensis leaf juice, peg-120 methyl glucose dioleate, sucrose, sodium hyaluronate, cetyl triethylmonium dimethicone peg-8 succinate, butylene glycol, hexylene glycol, polyquaternium-7, laureth-2, caprylyl glycol, sodium sulfate, tocopheryl acetate, edta, disodium edta, phenoxyethanol.",£17.50,['All'],general
Elemis Dynamic Resurfacing Facial Wash 200ml,https://www.lookfantastic.com/elemis-dynamic-resurfacing-facial-wash-200ml/10362741.html,Cleanser,"aqua/water/eau, sodium lauroyl sarcosinate, glycerin, cocamidopropyl betaine, acrylates copolymer, polysorbate 20, coco-glucoside, glycol distearate, glyceryl oleate, sodium lactate, dicaprylyl ether, phenoxyethanol, lauryl alcohol, fragrance (parfum), sodium chloride, orbignya oleifera (babassu) seed oil, xanthan gum, caprylyl glycol, propylene glycol, sodium hydroxide, chlorphenesin, citric acid, glyceryl stearate, papain, disodium edta, galactoarabinan, behenyl alcohol, butyrospermum parkii (shea) butter, benzoic acid, moringa pterygosperma seed extract, hydrogenated castor oil, disodium phosphate, stearyl alcohol, protease, subtilisin, tocopherol, hydrogenated palm glycerides citrate, poria cocos (white truffle) extract.",£34.00,['Dry'],hydration
First Aid Beauty Face Cleanser (142g),https://www.lookfantastic.com/first-aid-beauty-face-cleanser-142g/11054487.html,Cleanser,"water (aqua), sodium cocoyl isethionate, glycerin, stearic acid, aloe barbadensis leaf juice, stearyl alcohol, sodium pca, camellia sinensis leaf extract, chrysanthemum parthenium (feverfew) extract, glycyrrhiza glabra (licorice) root extract, allantoin, hydroxypropyl methylcellulose, disodium cocoamphodiacetate, coco glucoside, glyceryl stearate, disodium edta, caprylyl glycol, phenoxyethanol.",£16.00,"['Dry', 'Sensitive']","hydration, brightening, dark spots"
Garnier Micellar Water Facial Cleanser and Makeup Remover for Sensitive Skin 400ml,https://www.lookfantastic.com/garnier-micellar-water-facial-cleanser-and-makeup-remover-for-sensitive-skin-400ml/11171628.html,Cleanser,"aqua / water, hexylene glycol, glycerin, poloxamer 184, disodium cocoamphodiacetate, disodium edta, myrtrimonium bromide.",£4.99,['Dry'],hydration
Caudalie Duo Foaming Cleanser (2 x 150ml) (Worth £30),https://www.lookfantastic.com/caudalie-duo-foaming-cleanser-2-x-150ml/10809273.html,Cleanser,"aqua/water/eau, glycerin, sodium cocoyl glutamate, cocamidopropyl betainamide mea chloride, caprylyl/capryl glucoside, caprylyl glycol, parfum (fragrance), sodium chloride, coco-betaine, potassium sorbate, citric acid, sodium methyl cocoyl taurate, sodium cocoyl isethionate, sodium phytate, butylene glycol, salvia officinalis (sage) leaf extract, chamomilla recutita (matricaria) flower extract, vitis vinifera (grape) fruit extract, linalool, citronellol, butylphenyl methylpropional.",£22.00,['Dry'],hydration
Liz Earle Cleanse & Polish 100ml Pump,https://www.lookfantastic.com/liz-earle-cleanse-polish-100ml-pump/12528854.html,Cleanser,"aqua (water), caprylic/capric triglyceride, theobroma cacao (cocoa) seed butter, cetearyl alcohol, cetyl esters, cera alba (beeswax), glycerin, polysorbate 60, sorbitan stearate, eucalyptus globulus leaf oil, rosmarinus officinalis (rosemary) leaf extract, humulus lupulus (hops) extract, chamomilla recutita (matricaria) flower extract, propylene glycol, phenoxyethanol, panthenol, benzoic acid, dehydroacetic acid, sorbitol, limonene, ethylhexylglycerin, polyaminopropyl biguanide, citric acid, sodium hydroxide.",£15.50,['Dry'],hydration
Garnier Micellar Water Facial Cleanser and Makeup Remover for Sensitive Skin 700ml,https://www.lookfantastic.com/garnier-micellar-water-facial-cleanser-and-makeup-remover-for-sensitive-skin-700ml/11919593.html,Cleanser,"aqua / water, hexylene glycol, glycerin, disodium cocoamphodiacetate, disodium edta, poloxamer 184, polyaminopropyl biguanide.",£6.99,['Dry'],hydration
Caudalie Vinopure Purifying Gel Cleanser 150ml,https://www.lookfantastic.com/caudalie-vinopure-purifying-gel-cleanser-150ml/12269260.html,Cleanser,"aqua/water/eau, vitis vinifera (grape) fruit water, decyl glucoside, glycerin, sodium cocoyl glutamate, sucrose cocoate, acacia senegal gum, xanthan gum, propanediol, sodium glutamate, sodium chloride, caprylyl glycol, coconut acid, salicylic acid, vitis vinifera (grape) juice, cymbopogon citratus leaf oil, lavandula hybrida oil, melissa officinalis leaf oil, mentha piperita (peppermint) oil, pelargonium graveolens flower oil, rosmarinus officinalis (rosemary) leaf oil, citric acid, potassium sorbate, sodium benzoate, citral, citronellol, geraniol, linalool.",£16.00,"['Dry', 'Oily']","acne, hydration, blackheads"
Bulldog Original Face Wash 150ml,https://www.lookfantastic.com/bulldog-original-face-wash-150ml/11200187.html,Cleanser,"aqua (water), cocamidopropyl betaine, coco-glucoside, glycerin, glycereth-26, sodium lauroyl sarcosinate, acrylates/c10-30 alkyl acrylate crosspolymer, phenoxyethanol, sodium chloride, benzoic acid, dehydroacetic acid, sodium laurate, sodium hydroxide, camellia sinensis (green tea) leaf extract, citrus aurantium bergamia (bergamot) peel oil, citrus limon (lemon) peel oil, ethylhexylglycerin, artemesia vulgaris oil, sodium sarcosinate, pelargonium graveolens oil, pogostemon cablin leaf oil, citrus aurantifolia (lime) oil, evernia furfuracea (treemoss) extract, juniperus virginiana oil, vetiveria zizanoides root oil, limonene.",£3.38,"['Dry', 'Sensitive', 'Normal']","hydration, sensitivity"
Neutrogena Hydro Boost Water Gel Cleanser 200ml,https://www.lookfantastic.com/neutrogena-hydro-boost-water-gel-cleanser-200ml/11433777.html,Cleanser,"aqua, glycerin, cocamidopropyl hydroxysultaine, sodium cocoyl isethionate, sodium methyl cocoyl taurate, sodium hydrolyzed potato starch dodecenylsuccinate, hydrolyzed hyaluronic acid, ethylhexylglycerin, linoleamidopropyl pg-dimonium chloride phosphate, polyquaternium-10, polysorbate 20, sodium isethionate, sodium lauryl sulfate, sodium c14-16 olefin sulfonate , potassium acrylates copolymer, sodium chloride, propylene glycol, disodium edta, citric acid, sodium hydroxide, hydroxyacetophenone, tocopheryl acetate, phenoxyethanol, parfum.",£7.99,['Dry'],"hydration, firmness"
OSKIA Renaissance Cleansing Gel (100ml),https://www.lookfantastic.com/oskia-renaissance-cleansing-gel-100ml/10960901.html,Cleanser,"caprylic/capric triglyceride, glycerin, aqua, cetearyl olivate, sucrose laurate, benzyl alcohol, sorbitan olivate, sucrose palmitate, parfum (natural), geraniol, dimethyl sulfone, citronellol, dehydroacetic acid, lactobacillus/cucurbita pepo fruit ferment extract, borago officinalis seed oil, sucrose stearate, linalool, retinyl palmitate, ci 77491, jojoba esters, tocopherol, ascorbyl palmitate.",£35.00,['Dry'],hydration
NIP+FAB Teen Skin Fix Pore Blaster Night Wash 145ml,https://www.lookfantastic.com/nip-fab-teen-skin-fix-pore-blaster-night-wash-145ml/11567226.html,Cleanser,"aqua (water), sodium laureth sulfate, cocamidopropyl betaine, sodium chloride, hamamelis virginiana (witch hazel) water, glycerin, disodium phosphate, peg-40 hydrogenated castor oil, phenoxyethanol, benzyl alcohol, parfum (fragrance), alcohol, coconut acid, disodium edta, lactobacillus/ wasabia japonica root ferment extract, salicylic acid, benzyl salicylate, dehydroacetic acid, melaleuca alternifoilia (tea tree) leaf oil, sodium hydroxide",£6.99,"['Dry', 'Oily']","acne, hydration, oil control, blackheads"
Elemis Superfood Cleansing Wash 150ml,https://www.lookfantastic.com/elemis-superfood-cleansing-wash/11642883.html,Cleanser,"aqua/water/eau, sodium lauroyl sarcosinate, glycerin, cocamidopropyl betaine, acrylates copolymer, polysorbate 20, sodium lactate, coco-glucoside, glyceryl oleate, dicaprylyl ether, lauryl alcohol, sodium chloride, phenoxyethanol, xanthan gum, persea gratissima (avocado) oil, chlorphenesin, sodium hydroxide, citric acid, fragrance (parfum), alpha-glucan oligosaccharide, brassica oleracea italica (broccoli) seed oil, cucurbita pepo (pumpkin) seed oil, galactoarabinan, disodium edta, salvia hispanica seed oil, limonene, citrus aurantium dulcis (orange) peel oil, sodium dehydroacetate, caramel, amyris balsamifera bark oil, urtica dioica (nettle) juice, cymbopogon martini oil, geraniol, linalool, rosmarinus officinalis (rosemary) leaf oil, daucus carota sativa (carrot) seed oil, brassica oleracea acephala (kale) leaf extract, triticum aestivum (wheatgrass) leaf extract, magnesium aspartate, zinc gluconate, maltodextrin, polyglyceryl-3 diisostearate, chlorophyllin-copper complex, hydrogenated palm glycerides citrate, tocopherol, copper gluconate, sodium benzoate, potassium sorbate, ascorbic acid.",£25.00,"['Dry', 'Oily']","hydration, oil control"
Bioderma Hybrabio H2O 500ml Duo Pack,https://www.lookfantastic.com/bioderma-hybrabio-h2o-500ml-duo-pack/12320869.html,Cleanser,"water (aqua), glycerin, peg-6 caprylic/capric glycerides, polysorbate 20, peg-40 hydrogenated castor oil, pyrus malus (apple) fruit extract, rhamnose, mannitol, xylitol, fructooligosaccharides, propylene glycol, cucumis sativus (cucumber) fruit extract, hexyldecanol, sodium hydroxide, citric acid, niacinamide, disodium edta, cetrimonium bromide, fragrance (parfum).",£18.50,"['Dry', 'Oily', 'Normal']","acne, hydration, brightening, dark spots, oil control, under-eye"
La Roche-Posay Toleriane Dermo-Cleanser 200ml,https://www.lookfantastic.com/la-roche-posay-toleriane-dermo-cleanser-200ml/11091885.html,Cleanser,"aqua, ethylhexyl palmitate, glycerin, dipropylene glycol, carbomer, sodium hydroxide, ethylhexylglycerin, capryl glycol.",£12.50,['Dry'],hydration
Liz Earle Cleanse & Polish 200ml Tube,https://www.lookfantastic.com/liz-earle-cleanse-polish-200ml-tube/12528848.html,Cleanser,"aqua (water), caprylic/capric triglyceride, theobroma cacao (cocoa) seed butter, cetearyl alcohol, cetyl esters, cera alba (beeswax), glycerin, polysorbate 60, sorbitan stearate, eucalyptus globulus leaf oil, rosmarinus officinalis (rosemary) leaf extract, humulus lupulus (hops) extract, chamomilla recutita (matricaria) flower extract, propylene glycol, phenoxyethanol, panthenol, benzoic acid, dehydroacetic acid, sorbitol, limonene, ethylhexylglycerin, polyaminopropyl biguanide, citric acid, sodium hydroxide.",£27.00,['Dry'],hydration
Origins Checks and Balances Frothy Face Wash 150ml,https://www.lookfantastic.com/origins-checks-and-balances-frothy-face-wash-150ml/11138293.html,Cleanser,"water\aqua\eau; lavandula angustifolia (lavender) flower water, myristic acid, glycerin, behenic acid, sodium methyl cocoyl taurate, palmitic acid, potassium hydroxide, lauric acid, stearic acid, anthemis nobilis flower oil, mentha viridis (spearmint) leaf oil, pelargonium graveolens flower oil, lavandula hybrida oil, citrus aurantium bergamia (bergamot) fruit oil, styrax benzoin gum, linalool, peg-3 distearate, tourmaline, laminaria saccharina extract, hydrolyzed wheat protein, cetearyl alcohol, polyquaternium-7, butylene glycol, disodium edta, methylchloroisothiazolinone, methylisothiazolinone",£16.50,['Dry'],hydration
Avène Cleanance Cleansing Gel 200ml,https://www.lookfantastic.com/avene-cleanance-cleansing-gel-200ml/11571223.html,Cleanser,avene thermal spring water (avene aqua). water (aqua). sodium lauroyl methyl isethionate. zinc coceth sulfate. polysorbate 20. sodium cocoamphoacetate. ceteareth-60 myristyl glycol. peg-40 hydrogenated castor oil. citric acid. disodium edta. fragrance (parfum). glyceryl laurate. green 5 (ci 61570). sodium benzoate. sodium hydroxide. yellow 5 (ci 19140). zinc gluconate.,£12.00,['Oily'],oil control
Avene Face Essentials Cleansing Foam 150ml,https://www.lookfantastic.com/avene-face-essentials-cleansing-foam-150ml/11571236.html,Cleanser,"avene thermal spring water (avene aqua), water (aqua), sodium cocoamphoacetate, sodium cocoyl glutamate, lactic acid, citric acid, disodium edta, fragrance (parfum), glutamic acid, propylene glycol, sodium benzoate, sodium chloride.",£13.50,['Oily'],uneven texture
Clinique Anti Blemish Solutions Cleansing Foam 125ml,https://www.lookfantastic.com/clinique-anti-blemish-solutions-cleansing-foam-125ml/10366669.html,Cleanser,"water\aqua\eau, glycerin, butylene glycol, sodium methyl cocoyl taurate, salicylic acid, sucrose, disodium phosphate, arginine cocoate, laminaria saccharina extract, caffeine, algae extract, cola acuminata (kola) seed extract, sea whip extract, peg/ppg-18/18 dimethicone, sodium hyaluronate, ppg-6-decyltetradeceth-30, lactobacillus ferment, stearamidopropyl dimethylamine, acetyl glucosamine, capryloyl glycine, 10-hydroxydecanoic acid, polyquaternium-7, phospholipids, stearic acid, sodium hydroxide, disodium edta, phenoxyethanol, chloroxylenol",£19.00,"['Dry', 'Oily']","acne, hydration, blackheads, under-eye"
Neutrogena® Oil Balancing Facial Wash 200ml,https://www.lookfantastic.com/neutrogena-oil-balancing-facial-wash-200ml/11433848.html,Cleanser,"aqua, sodium laureth sulfate, glycerin, lauryl glucoside, sodium lauroamphoacetate, cocamidopropyl betaine, peg-120 methyl glucose dioleate, polysorbate 20, salicylic acid, citrus aurantifolia fruit extract, citrus tangerina extract, propylene glycol, sodium chloride, disodium edta, citric acid, sodium citrate, parfum, ci 15985, ci 42090.",£4.71,"['Dry', 'Oily']","acne, hydration, blackheads"
Bulldog Oil Control Face Wash 150ml,https://www.lookfantastic.com/bulldog-oil-control-face-wash-150ml/11393162.html,Cleanser,"aqua (water), cocamidopropyl betaine, glycerin, coco-glucoside, acrylates/c10-30 alkyl acrylate crosspolymer, phenoxyethanol, sodium chloride, sodium lauroyl sarcosinate, benzoic acid, parfum (fragrance), hamamelis virginiana (witch hazel) water, dehydroacetic acid, alcohol, salix alba (willow) bark extract, juniperus communis fruit extract, potassium sorbate, sodium benzoate, sodium hydroxide.",£3.38,"['Dry', 'Oily']",hydration
Eve Lom Cleanser 200ml,https://www.lookfantastic.com/eve-lom-cleanser-200ml/10363611.html,Cleanser,"paraffinum liquidum (mineral oil), peg-30 lanolin, cetearyl alcohol, bis-diglyceryl polyacyladipate-2, aluminum stearate, theobroma cacao (cocoa) seed butter, peg-75 lanolin, eugenia caryophyllus (clove) leaf oil, humulus lupulus (hops) oil, chamomilla recutita (matricaria) flower oil, eucalyptus globulus leaf oil, bht.",£85.00,['Dry'],general
REN Clean Skincare Rosa Centifolia Cleansing Gel,https://www.lookfantastic.com/ren-clean-skincare-rosa-centifolia-cleansing-gel/10832507.html,Cleanser,"rosa damascena flower water, aloe barbadensis leaf juice, glycerin, coco glucoside, xanthan gum, polysorbate 20, panthenol, phenoxyethanol, sodium lauroyl oat aminoacids, rosa centifolia flower juice, rosa damascena flower oil, parfum (fragrance), pelargonium graveolens flower oil, cymbopogon martini oil, geraniol, sodium hydroxymethylglycinate, lactic acid, ethylhexylglycerin.",£18.00,"['Dry', 'Oily']","hydration, uneven texture"
Dr Dennis Gross Alpha Beta Pore Perfecting Cleansing Gel 60ml,https://www.lookfantastic.com/dr-dennis-gross-alpha-beta-pore-perfecting-cleansing-gel/11984108.html,Cleanser,"water/aqua/eau, glycerin, sodium lauroyl methyl isethionate, propanediol, sodium cocoamphoacetate, cocamidopropyl hydroxysultaine, disteareth-75 ipdi, glycereth-7 caprylate/caprate, sodium chloride, trisodium ethylenediamine disuccinate, peg-40 hydrogenated castor oil, mandelic acid, glycolic acid, salix alba (willow) bark extract, phytic acid, potassium azeloyl diglycinate, citric acid, farnesol, barosma betulina leaf extract, sodium pca, sodium hyaluronate, tremella fuciformis (mushroom) extract, aloe barbadensis leaf juice, bisabolol, hydrolyzed soy protein, camellia sinensis leaf extract, butylene glycol, caprylic/capric triglyceride, dimethyl isosorbide, alcohol, sodium phytate, jasminum officinale (jasmine) flower/leaf extract, vitis vinifera (grape) fruit extract, lavandula angustifolia (lavender) flower/leaf/stem extract, eugenia caryophyllus (clove) flower extract, polyglyceryl-3 laurate, peg-7 glyceryl cocoate, sodium hydroxide, benzoic acid, sodium benzoate, potassium sorbate, phenoxyethanol.",£17.00,"['Dry', 'Oily', 'Sensitive']","hydration, uneven texture"
La Roche-Posay Cicaplast B5 Anti-Bacterial Cleansing Wash 200ml,https://www.lookfantastic.com/la-roche-posay-cicaplast-b5-anti-bacterial-cleansing-wash-200ml/12021435.html,Cleanser,"aqua / water, sodium laureth sulfate, panthenol, peg-200 hydrogenated glyceryl palmate, glycerin, coco-betaine, sodium chloride, polysorbate 20, peg-7 glyceryl cocoate, citric acid, cocamide mea, copper gluconate, manganese gluconate, peg-55 propylene glycol oleate, peg-60 hydrogenated castor oil, polyquaternium-11, ppg-5-ceteth-20, propylene glycol, prunus amygdalus dulcis oil / sweet almond oil, sodium benzoate, sodium hydroxide, zinc gluconate.",£10.00,"['Dry', 'Oily']","hydration, oil control"
Caudalie Instant Foaming Cleanser (150ml),https://www.lookfantastic.com/caudalie-instant-foaming-cleanser-150ml/10727688.html,Cleanser,"aqua (water), glycerin, sodium cocoyl glutamate, cocamidopropyl betaine, caprylyl/capryl glucoside, sodium chloride, citric acid, caprylyl glycol, parfum (fragrance), coco-betaine, potassium sorbate, sodium methyl cocoyl taurate, sodium cocoyl isethionate, sodium phytate, chamomilla recutita (matricaria) flower extract, salvia officinalis (sage) leaf extract, vitis vinifera (grape) fruit extract, sodium benzoate, butylphenyl methylpropional, linalool, citronellol.",£15.00,['Dry'],hydration
COSRX Low pH Good Morning Cleanser 150ml,https://www.lookfantastic.com/cosrx-low-ph-good-morning-cleanser-150ml/11401192.html,Cleanser,"water, cocamidopropyl betaine, sodium lauroyl methyl isethionate, polysorbate 20, styrax japonicus branch/fruit/leaf extract, butylene glycol, saccharomyces ferment, cryptomeria japonica leaf extract, nelumbo nucifera leaf extract, pinus palustris leaf extract, ulmus davidiana root extract, oenothera biennis (evening primrose) flower extract, pueraria lobata root extract, melaleuca alternifolia (tea tree) leaf oil, allantoin, caprylyl glycol, ethylhexylglycerin, betaine salicylate, citric acid, ethyl hexanediol, 1,2-hexanediol, trisodium ethylenediamine disuccinate, sodium benzoate, disodium edta.",£17.00,"['Dry', 'Oily', 'Sensitive']","acne, hydration, oil control"
Aesop Amazing Face Cleanser 200ml,https://www.lookfantastic.com/aesop-amazing-face-cleanser-200ml/10366097.html,Cleanser,"water, cocamidopropyl belaine, sea salt, glycerine, tangerine oil, lavender oil, cananga odorata flower oil, magnesium nitrate, magnesium chloride, sodium laureth sulphate, polysorbate 20, methylchlorisisothiazolinone, methylisothiazolinone.",£35.00,['Dry'],hydration
philosophy Purity One-Step Facial Cleanser 480ml,https://www.lookfantastic.com/philosophy-purity-one-step-facial-cleanser-480ml/11764064.html,Cleanser,"aqua/water/eau, sodium lauroamphoacetate, sodium trideceth sulfate, limnanthes alba (meadowfoam) seed oil, coco-glucoside, coconut alcohol, peg-120 methyl glucose dioleate, glycerin, phenoxyethanol, carbomer, isopropyl alcohol, polysorbate 20, chlorphenesin, citric acid, parfum/fragrance, ethylhexylglycerin, sodium hydroxide, xanthan gum, linalool, tocopherol, fd&c yellow 5 (ci 19140).",£30.00,['Dry'],hydration
VICHY Normaderm Deep Cleansing Purifying Gel 200ml,https://www.lookfantastic.com/vichy-normaderm-deep-cleansing-purifying-gel-200ml/11091760.html,Cleanser,"aqua/water, coco-betaine, propanediol, peg-120 methyl glucose dioleate, sodium chloride, sodium cocoyl glycinate, dipropylene glycol, zinc gluconate, salycilic acid, bifida ferment lysate, sodium hydroxide, sodium bensoate, phenoxyethanol, copper gluconate, caprylyl glycol, tetrasodium glutamate diacetate, parfum/fragrance.",£13.00,['Oily'],oil control
NIP+FAB Teen Skin Fix Pore Blaster Day Wash 145ml,https://www.lookfantastic.com/nip-fab-teen-skin-fix-pore-blaster-day-wash-145ml/11567225.html,Cleanser,"aqua (water), sodium laureth sulfate, sodium chloride, cocamidopropyl betaine, glycerin, disodium edta, disodium phosphate, peg-40 hydrogenated castor oil, phenoxyethanol, benzyl alcohol, parfum (fragrance), coconut acid, allantoin, lactobacillus/ wasabia japonica root ferment extract, niacinamide, panthenol, tocopheryl acetate, zinc gluconate, benzyl salicylate, dehydroacetic acid, sodium hydroxide, citric acid.",£6.99,"['Dry', 'Oily', 'Sensitive', 'Normal']","acne, hydration, brightening, dark spots, oil control, under-eye"
Clinique Liquid Facial Soap Oily Skin Formula 200ml,https://www.lookfantastic.com/clinique-liquid-facial-soap-oily-skin-formula-200ml/11144711.html,Cleanser,"water (aqua), sodium laureth sulfate, lauramidopropyl betaine, cocamidopropyl hydroxysultaine, sodium chloride, sodium cocoyl sarcosinate, tea cocoyl glutamate, butylene glycol, aloe barbadensis leaf juice, peg-120 methyl glucose dioleate, sucrose, menthol, hexylene glycol, polyquaternium-7, laureth-2, caprylyl glycol, sodium sulfonate, edta, disodium edta, phenoxyethanol.",£17.50,['All'],general
Clinique Rinse-Off Foaming Cleanser 150ml,https://www.lookfantastic.com/clinique-rinse-off-foaming-cleanser-150ml/11144726.html,Cleanser,"water\aqua\eau, potassium myristate, glycerin, potassium behenate, sodium methyl cocoyl taurate, potassium palmitate, potassium laurate, potassium sterate, peg-3 distearate, cholesteryl hydroxystearate, butylene glycol, sodium hyaluronate, trisodium edta, disodium edta, phenoxyethanol, violet 2 (ci 60730), red 4 (ci 14700)",£17.50,['Dry'],hydration
Avène Gentle Milk Cleanser,https://www.lookfantastic.com/avene-gentle-milk-cleanser/11523971.html,Cleanser,avene thermal spring water (avene aqua). mineral oil (paraffinum liquidum). propylene glycol. peg-6 stearate. peg-32 stearate. butylparaben. carbomer. fragrance (parfum). phenoxyethanol. propylene glycol stearate se. sodium hyaluronate. stearic acid. triethanolamine. trisodium edta.,£11.50,['All'],general
Bulldog Sensitive Face Wash 150ml,https://www.lookfantastic.com/bulldog-sensitive-face-wash-150ml/10945360.html,Cleanser,"aqua (water), cocamidopropyl betaine, coco-glucoside, glycerin, sodium lauroyl sarcosinate, acrylates/c10-30 alkyl acrylate crosspolymer, phenoxyethanol, sodium chloride, benzoic acid, dehydroacetic acid, adansonia digitata (baobab) seed oil, avena sativa (oat) kernel oil, triticum vulgare (wheat) germ oil, epilobium angustifolium (willowherb) flower/leaf/stem extract, sodium metabisulfite, tocopherol, sodium hydroxide.",£3.38,['Dry'],hydration
Garnier Micellar Gel Face Wash Sensitive Skin 200ml,https://www.lookfantastic.com/garnier-micellar-gel-face-wash-sensitive-skin-200ml/11919598.html,Cleanser,"aqua / water, glycerin, peg-200 hydrogenated glyceryl palmate, coco-betaine, sodium laureth sulfate, polysorbate 20, peg-7 glyceryl cocoate, citric acid, cocamide mea, peg-55 propylene glycol oleate, polyquaternium-11, ppg-5-ceteth-20, propylene glycol, sodium benzoate, sodium chloride, sodium hydroxide, vitis vinifera fruit water / grape fruit water.",£3.99,['Dry'],hydration
Sukin Foaming Facial Cleanser (125ml),https://www.lookfantastic.com/sukin-foaming-facial-cleanser-125ml/10961543.html,Cleanser,"water (aqua), aloe barbadensis leaf juice, sesamum indicum (sesame) seed oil, cetearyl alcohol, glycerin, cetyl alcohol, ceteareth-20, rosa canina fruit oil (rose hip), theobroma cacao (cocoa) seed butter, butyrospermum parkii (shea butter), simmondsia chinensis (jojoba) seed oil, persea gratissima (avocado) oil, triticum vulgare (wheat) germ oil, tocopherol (vitamin e), equisetum arvense extract (horsetail), arctium lappa root extract (burdock), urtica dioica (nettle) leaf extract, citrus tangerina (tangerine) peel oil, citrus nobilis (mandarin orange) peel oil, lavandula angustifolia (lavender) oil, vanillin, vanilla planifolia fruit extract, phenoxyethanol, benzyl alcohol, limonene, linalool.",£7.95,"['Dry', 'Normal']",hydration
Clinique for Men Face Wash 200ml,https://www.lookfantastic.com/clinique-for-men-face-wash-200ml/10921701.html,Cleanser,"water\aqua\eau, sodium laureth sulfate, sodium chloride, cocamidopropyl hydroxysultaine, lauramidopropyl betaine, sodium cocoyl sarcosinate, tea-cocoyl glutamate, aloe barbadensis leaf juice, sodium hyaluronate, sucrose, di-ppg-2 myreth-10 adipate, hexylene glycol, chamomilla recutita (matricaria), butylene glycol, caprylyl glycol, cetyl triethylmonium dimethicone peg-8 succinate, sodium sulfate, polyquaternium-7, laureth-2, peg-120 methyl glucose dioleate, tocopheryl acetate, edta, disodium edta, sodium benzoate, phenoxyethanol.",£16.50,['All'],general
Neutrogena Pink Grapefruit Medicated Facial Wipes,https://www.lookfantastic.com/neutrogena-pink-grapefruit-medicated-facial-wipes/11433841.html,Cleanser,"aqua, alcohol denat., butylene glycol, salicylic acid, ppg-26-buteth-26, peg-7 glyceryl cocoate, sodium hydroxide, peg-40 hydrogenated castor oil, benzoic acid, menthol, disodium edta, phenoxyethanol, parfum.",£3.99,['Oily'],"acne, blackheads"
Murad Clarifying Cleanser 200ml,https://www.lookfantastic.com/murad-clarifying-cleanser-200ml/10375510.html,Cleanser,"aqua, cocamidopropyl betaine, sodium c14-16 olefin sulfonate, salicylic acid, methyl gluceth-20, ppg-26-buteth-26, peg-40 hydrogenated castor oil, butyleneglycol, cimicifuga racemosa root extract, camellia oleifera leaf extract, silver citrate, menthol, peg-150 distearate, zea mays(corn) starch, hydrolyzed corn starch, hydrolyzed corn starch octenylsuccinate, glyceryl stearate, cocamidopropyl dimethylamine, polysorbate 80, citric acid, disodium edta, methylparaben, limonene, citrus reticulata (tangerine) leaf oil, cymbopogon nardus (citronella) oil, citrusmedica limonum (lemon) peel oil, citrusaurantifolia (lime) oil, lavandula hybrida oil, citrus nobilis (mandarin orange) peel oil, prunus armeniaca (apricot) kernel oil, parfum.",£25.00,['Oily'],"acne, blackheads"
L'Oréal Paris Fine Flowers Cleansing Wash 150ml,https://www.lookfantastic.com/l-oreal-paris-fine-flowers-cleansing-wash-150ml/11740152.html,Cleanser,"aqua / water, glycerin, disodium cocoamphodiacetate, coco-betaine, peg-7 glyceryl cocoate, sodium laureth sulfate, glycol distearate, jasminum officinale extract / jasmine flower extract, ppg-5-ceteth-20, peg-55 propylene glycol oleate, peg-75 shea butter glycerides, rosa gallica flower extract, sorbitol, sodium chloride, sodium hydroxide, propylene glycol, citric acid, pentylene glycol, polyquaternium-7, acrylates copolymer, sodium benzoate.",£3.99,['Dry'],hydration
Clinique Redness Solutions Soothing Cleanser 150ml,https://www.lookfantastic.com/clinique-redness-solutions-soothing-cleanser-150ml/11144770.html,Cleanser,"water\aqua\eau, squalane, glycerin, butylene glycol, phenyl trimethicone, ammonium acryloyldimethyltaurate/vp copolymer, cucumis sativus (cucumber) fruit extract, hordeum vulgare (barley) extract\extrait d'orge, sucrose stearate, sea whip extract, cholesterol, helianthus annuus (sunflower) seedcake, acetyl glucosamine, lactobacillus ferment, ppg-20 methyl glucose ether, caffeine, propylene glycol dicaprate, caprylyl glycol, disodium edta, bht, phenoxyethanol, yellow 5 (ci 19140), green 5 (ci 61570), blue 1 (ci 42090)",£19.00,['Dry'],"hydration, under-eye"
REN Evercalm™ Gentle Cleansing Milk 150ml,https://www.lookfantastic.com/ren-clean-skincare-evercalm-gentle-cleansing-milk-packaging-may-vary/10856967.html,Cleanser,"aqua (water), cetearyl ethylhexanoate, cetearyl alcohol, caprylic/ capric triglyceride, sesamum indicum (sesame) seed oil, cetearyl glucoside, butyrospermum parkii (shea butter), myristyl myristate, glycerin, ribes nigrum (black currant) seed oil, phenoxyethanol, helianthus annuus (sunflower) seed oil, oryzanol, bisabolol, sodium hydroxymethylglycinate, hippophae rhamnoides fruit extract, calendula officinalis flower extract, citric acid, tocopherol, xanthan gum, limonene, linalool, anthemis nobilis flower oil, pelargonium graveolens flower oil, foeniculum vulgare (fennel) fruit extract, citronellol, citrus nobilis (mandarin orange) peel oil, anthemis nobilis flower extract, cinnamomum camphora linalloliferum (ho wood) leaf oil.",£20.00,"['Dry', 'Sensitive']","hydration, sensitivity"
Bulldog Original 2-in-1 Beard Shampoo and Conditioner 200ml,https://www.lookfantastic.com/bulldog-original-2in1-beard-shampoo-and-conditioner-200ml/11269367.html,Cleanser,"aqua (water), cocamidopropyl betaine, sodium lauroyl methyl isethionate, aloe barbadensis leaf juice, sodium chloride, acrylates copolymer, stearamidopropyl dimethylamine, sodium benzoate, parfum (fragrance), potassium sorbate, trisodium ethylenediamine disuccinate, camelina sativa seed oil, limonene, glycerin, camellia sinensis (green tea) leaf extract, citric acid, tocopherol.",£4.50,"['Dry', 'Sensitive', 'Normal']","hydration, sensitivity"
La Roche-Posay Effaclar Micellar Water 200ml,https://www.lookfantastic.com/la-roche-posay-effaclar-micellar-water-200ml/11091827.html,Cleanser,"aqua / water, peg-7 caprylic/capric glycerides, poloxamer 124, poloxamer 184, peg-6 caprylic/capric glycerides, glycerin, polysorbate 80, zinc pca, sodium hydroxide, disodium edta, bht, myrtrimonium bromide, parfum / fragrance.",£12.50,"['Dry', 'Oily']","hydration, oil control"
Murad Age Reform Aha/Bha Exfoliating Cleanser (200ml),https://www.lookfantastic.com/murad-age-reform-aha-bha-exfoliating-cleanser-200ml/10554283.html,Cleanser,"water (aqua), sodium laureth sulfate, cocamidopropyl betaine, jojoba esters, acrylates copolymer, glycol stearate, butylene glycol, sodium pca, dipotassium glycyrrhizate, sodium ascorbyl phosphate, glycolic acid, lactic acid, salicylic acid, polyquaternium-4, sodium hydroxide, sodium chloride, citric acid, disodium edta, phenoxyethanol, methylparaben, propylparaben.",£38.00,['Oily'],"acne, blackheads, uneven texture"
Elemis Balancing Lime Blossom Cleanser 200ml,https://www.lookfantastic.com/elemis-balancing-lime-blossom-cleanser-200ml/10437944.html,Cleanser,"water (aqua), zea mays (corn) oil, propylene glycol, helianthus annuus (sunflower) seed oil, isopropyl myristate, glycerin, lecithin, egg yolk (ovum) extract, tilia cordata flower extract, xanthan gum, ethoxydiglycol, sodium hydroxide, fragrance (parfum), carbomer, diazolidinyl urea, dichlorobenzyl alcohol, methylparaben, propylparaben, phenoxyethanol, tocopherol, sodium benzoate, triclosan, 2-bromo-2-nitropropane-1,3-diol, blue 1 (ci 42090), yellow 5 (ci 19140), alpha-isomethyl ionone, butylphenyl methylpropional, amyl cinnamal, citronellol, dipentene (d-limonene), cinnamyl alcohol, linalool",£25.00,['Dry'],hydration
PIXI Glow Tonic Cleansing Gel 135ml,https://www.lookfantastic.com/pixi-glow-tonic-cleansing-gel-135ml/12040119.html,Cleanser,"aqua/water/eau, methyl gluceth-10, ethoxydiglycol, dipropylene glycol, butoxydiglycol, glycereth-26, diglycerin, glycerin, aloe barbadensis leaf extract, vitis vinifera (grape) fruit extract, actinidia chinensis (kiwi) fruit extract, pyrus malus (apple) fruit extract, citrus aurantium dulcis (orange) fruit extract, citrus limon (lemon) fruit extract, citrus paradisi (grapefruit) fruit extract, glycolic acid, aesculus hippocastanum (horse chestnut) extract, panax ginseng root extract, hamamelis virginiana (witch hazel) extract, ananas sativus (pineapple) fruit extract, nelumbo nucifera flower water, lactobacillus ferment, diethoxydiglycol, carbomer, tromethamine, phenoxyethanol, polysorbate 80, parfum/fragrance, ethylhexylglycerin, butylene glycol, disodium edta, allantoin, panthenol, betaine.",£18.00,"['Dry', 'Oily', 'Sensitive']","hydration, uneven texture"
Medik8 Pore Cleanse Gel Intense 150ml,https://www.lookfantastic.com/medik8-pore-cleanse-gel-intense-150ml/12309460.html,Cleanser,"aqua (water), sodium c14-16 olefin sulfonate, sodium cocoamphoacetate, cocamidopropyl hydroxysultaine, sodium chloride, glycerin, mandelic acid, lactic acid, trifolium pratense (clover) flower extract, garcinia mangostana (mangosteen) peel extract, salicylic acid, isopentyldiol, lavandula angustifolia (lavender) oil, ethylhexylglycerin, mentha viridis (spearmint) leaf oil, citric acid, disodium edta, pogostemon cablin (patchouli) oil, sodium hydroxide, phenoxyethanol, linalool.",£21.00,"['Dry', 'Oily']","acne, hydration, blackheads, uneven texture"
DHC Face Wash Powder (50g),https://www.lookfantastic.com/dhc-face-wash-powder-50g/11207540.html,Cleanser,"zea mays (corn) starch, maltitol, potassium myristate, sodium cocoyl glycinate, sodium cocoyl isethionate, sorbitol, protease, dipotassium glycrrhizate, glycyl glycine, silica, water/aqua/eau, alcohol, honey/mel/miel, sodium hyaluronate, lavandula angustifolia (lavender) flower extract.",£11.00,['Dry'],general
bareMinerals Clay Chameleon Transforming Purifying Cleanser 120g,https://www.lookfantastic.com/bareminerals-clay-chameleon-transforming-purifying-cleanser-120g/11262513.html,Cleanser,"water (aqua/eau), glyceryl stearate se, glycerin, glycol distearate, peg-60 glyceryl isostearate, butylene glycol, peg-32, peg-6, myristic acid, cetyl alcohol, ppg-15-buteth-20, sodium methyl cocoyl taurate, stearyl alcohol, kaolin, potassium hydroxide, disodium edta, montmorillonite, succinoglycan, bambusa vulgaris extract, carica papaya (papaya) fruit extract, magnesium aluminum silicate, sea salt (maris sal/sel marin), tocopherol, fragrance (parfum), limonene, linalool, phenoxyethanol, mica, iron oxides (ci 77491, ci 77499).",£11.40,['Dry'],hydration
Caudalie Micellar Cleansing Water 400ml ,https://www.lookfantastic.com/caudalie-micellar-cleansing-water-400ml/10809274.html,Cleanser,"aqua (water), glycerin, poloxamer 188, vitis vinifera (grape) fruit water, capryl/capramidopropyl betaine, cocoyl proline, methylpropanediol, sodium chloride, polyaminopropyl biguanide, parfum (fragrance), chamomilla recutita (matricaria) flower extract, caprylyl glycol, vitis vinifera (grape) juice, sodium hydroxide, citric acid, phenylpropanol, sodium benzoate, potassium sorbate.",£19.00,['Dry'],hydration
Garnier Pure Active 3in1 Charcoal Blackhead Mask Wash Scrub 150ml,https://www.lookfantastic.com/garnier-pure-active-3in1-charcoal-blackhead-mask-wash-scrub-150ml/11919612.html,Cleanser,"aqua / water, kaolin, glycerin, butylene glycol, zea mays starch / corn starch, decyl glucoside, ci 77499 / iron oxides, perlite, sodium laureth sulfate, peg-7 glyceryl cocoate, carrageenan, charcoal powder, citric acid, phenoxyethanol, polyglycerin-10, polyglyceryl-10 myristate, polyglyceryl-10 stearate, propylene glycol, pumice, salicylic acid, sodium dehydroacetate, sodium hydroxide, sorbitol, tetrasodium edta, tocopherol, vaccinium myrtillus fruit extract, xanthan gum, zinc gluconate, parfum / fragrance.",£4.99,"['Dry', 'Oily']","acne, hydration, oil control, blackheads"
PIXI Vitamin-C Juice Cleanser 150ml,https://www.lookfantastic.com/pixi-vitamin-c-juice-cleanser-150ml/12040123.html,Cleanser,"aqua/water/eau, citrus aurantium dulcis (orange) flower water, peg-6 caprylic/capric glycerides, propanediol, ascorbic acid, ferulic acid, sodium hyaluronate, bifida ferment lysate, tocopheryl acetate, citrus aurantium dulcis (orange) peel oil, citrus grandis (grapefruit) peel oil, lactic acid, olea europaea (olive) fruit oil, citrus limon (lemon) peel oil, allantoin, oryza sativa (rice) callus culture extract, salix alba (willow) bark extract phenoxyethanol, 1,2-hexanediol, sodium citrate, litsea cubeba fruit oil, ethylhexylglycerin, betaine, pentylene glycol, caprylyl glycol, butylene glycol, disodium edta.",£18.00,"['Dry', 'Oily', 'Sensitive']","hydration, uneven texture"
Lancôme Crème Mousse Confort Creamy Foaming Cleanser 125ml,https://www.lookfantastic.com/lancome-creme-mousse-confort-creamy-foaming-cleanser-125ml/11077875.html,Cleanser,"aqua / water / eau, glycerin, sodium cocoyl glycinate, myristic acid, montmorillonite, butylene glycol, palmitic acid, glycol stearate, lauric acid, stearic acid, ci 77891 / titanium dioxide, potassium hydroxide, parfum / fragrance, butyrospermum parkii butter / shea butter, phenoxyethanol, sodium hydroxide, sodium hexametaphosphate, butylparaben, salicylic acid, tetrasodium edta, propylparaben, p-anisic acid, o-cymen-5-ol, rosa canina fruit oil, hexyl cinnamal, tocopherol, propylene glycol, alpha-isomethyl ionone, geraniol, farnesol, rosa gallica extract / rosa gallica flower extract, ci 17200 / red 33, nelumbium speciosum extract / nelumbium speciosum flower extract, ci 14700 / red 4.",£22.50,"['Dry', 'Oily']","acne, hydration, sun protection, blackheads"
Eve Lom Cleanser 100ml,https://www.lookfantastic.com/eve-lom-cleanser-100ml/10365659.html,Cleanser,"paraffinum liquidum (mineral oil), peg-30 lanolin, cetearyl alcohol, bis-diglyceryl polyacyladipate-2, aluminum stearate, theobroma cacao (cocoa) seed butter, peg-75 lanolin, eugenia caryophyllus (clove) leaf oil, humulus lupulus (hops) oil, chamomilla recutita (matricaria) flower oil, eucalyptus globulus leaf oil, bht.",£55.00,['Dry'],general
PIXI Glow Mud Cleanser 135ml,https://www.lookfantastic.com/pixi-glow-mud-cleanser-135ml/11200039.html,Cleanser,"aloe barbadensis leaf juice, carthamus tinctorius (safflower) seed oil, cetyl alcohol, glyceryl stearate, diatomaceous earth, glycerin, glycolic acid, sodium glycolate, lauroamphocarboxyglycinate and sodium trideceth sulfate, squalane, anthemis nobilis flower (chamomile) extract, saponaria officinalis leaf/root extract, hexylene glycol, fructose, glucose, sucrose, urea, dextrin, alanine, glutamic acid, aspartic acid, hexyl nicotinate, persea gratissima (avocado) oil, triticum vulgare (wheat) germ oil, corylus avellana (hazelnut) seed oil, sesamum indicum (sesame) seed oil, phenoxyethanol, caprylyl glycol, ethylhexylglycerin, xanthan gum, fragrance, chlorphenesin, guar gum, sodium hyaluronate, citric acid.",£18.00,"['Dry', 'Oily', 'Sensitive']","hydration, sensitivity, uneven texture"
La Roche-Posay Toleriane Foaming Gel Cleanser 150ml,https://www.lookfantastic.com/la-roche-posay-toleriane-foaming-gel-cleanser-150ml/11091890.html,Cleanser,"aqua / water, glycerin, disodium cocoamphodiacetate, peg-120 methyl glucose dioleate, poloxamer 184, butylene glycol, coco-betaine, glycol distearate, sodium chloride, sodium laureth sulfate, sodium glycolate, peg-150 pentaerythrityl tetrastearate, disodium edta, citric acid.",£12.50,['Dry'],hydration
Garnier Vitamin Enriched Cleansing Wipes (25 Pack),https://www.lookfantastic.com/garnier-vitamin-enriched-cleansing-wipes-25-pack/11171629.html,Cleanser,"ethyl acetate, butyl acetate, nitrocellulose, propyl acetate, tosylamide/epoxy resin, isopropyl alcohol, tributyl citrate, adipic acid/neopentyl glycol/trimellitic anhydride copolymer, acrylates copolymer, stearalkonium hectorite, benzophenone-1, dimethicone, hydrogenated acetophenone/oxymethylene copolymer, polyethylene terephthalate, polypropylene, acetyl tributyl citrate, silica, synthetic fluorphlogopite, phthalic anhydride/glycerin/glycidyl decanoate copolymer, calcium sodium borosilicate, calcium aluminum borosilicate, citric acid, oxidized polyethylene, magnesium silicate, colophonium / rosin, polyurethane-11, alumina, tin oxide, silica silylate, lauroyl lysine, polyethylene, ci 77002 / aluminum hydroxide, acetone.",£2.69,['Dry'],hydration
Clinique for Men Charcoal Face Wash 200ml,https://www.lookfantastic.com/clinique-for-men-charcoal-face-wash-200ml/11131596.html,Cleanser,"water\aqua\eau, cocamidopropyl hydroxysultaine, coco-betaine, sodium lauroyl oat amino acids, decyl glucoside, sodium cocoyl sarcosinate, acrylates copolymer, sodium chloride, disodium cocoyl glutamate, glycerin, caffeine, sodium cocoyl glutamate, monosodium citrate, butylene glycol, citric acid, charcoal powder, sodium hydroxide, disodium edta, methylchloroisothiazolinone, methylisothiazolinone, phenoxyethanol, iron oxides (ci 77499)",£18.00,"['Dry', 'Oily', 'Normal']","hydration, oil control, blackheads, under-eye"
Avene Antirougeurs Clean Cleanser 200ml,https://www.lookfantastic.com/avene-antirougeurs-clean-cleanser-200ml/11568829.html,Cleanser,"avene thermal spring water (avene aqua), c12-15 alkyl benzoate, caprylic/capric triglyceride, poloxamer 188, 4-t-butylcyclohexanol, acrylates/c10-30 alkyl acrylate crosspolymer, benzoic acid, c12-20 alkyl glucoside, c14-22 alcohols, carbomer, chlorphenesin, disodium edta, octyldodecanol, pongamia glabra seed oil, sodium hydroxide.",£14.50,['All'],general
Lancôme Gel Eclat Express Clarfying Self-Foaming Cleanser 125ml,https://www.lookfantastic.com/lancome-gel-eclat-express-clarfying-self-foaming-cleanser-125ml/11077873.html,Cleanser,"aqua / water / eau, peg-12 methyl glucose dioleate, sodium lauroyl oat amino acids, sodium cocoyl isethionate, decyl glucoside, potassium laurate, potassium myristate, ananas sativus fruit extract / pineapple fruit extract, coconut acid, saccharum officinarum extract / sugar cane extract / extrait de canne a sucre, sodium isethionate, phenoxyethanol, peg-32, polysorbate 2, limonene, camellia sinensis leaf extract, linalool, benzyl salicylate, benzyl alcohol, propanediol, papain, pyrus malus extract / apple fruit extract, disodium edta, methylparaben, citrus medica limonum peel extract / lemon peel extract, hexyl cinnamal, parfum / fragrance",£22.05,['Normal'],general
philosophy Purity One-Step Facial Cleanser 240ml,https://www.lookfantastic.com/philosophy-purity-one-step-facial-cleanser-240ml/11764063.html,Cleanser,"water (aqua), sodium lauroamphoacetate, sodium trideceth sulfate, limnanthes alba (meadowfoam) seed oil, coco-glucoside, cocos nucifera (coconut) alcohol, peg-120 methyl glucose dioleate, aniba rosaeodora (rosewood) wood oil, geranium maculatum oil, guaiac (guaiacum officinale) extract, cymbopogon martini oil, rosa damascena extract, amyris balsamifera bark oil, santalum album (sandalwood) oil, salvia officinalis (sage) oil, cinnamomum cassia leaf oil, anthemis nobilis flower oil, daucus carota sativa (carrot) seed oil, piper nigrum (pepper) seed extract, polysorbate 20, glycerin, carbomer, triethanolamine, methylparaben, propylparaben, citric acid, imidazolidinyl urea, yellow 5 (ci 19140).",£19.00,['Dry'],hydration
Bulldog Energising Face Wash 150ml,https://www.lookfantastic.com/bulldog-energising-face-wash-150ml/12037194.html,Cleanser,"aqua (water), cocamidopropyl betaine, coco-glucoside, glycerin, sodium lauroyl sarcosinate, acrylates/c10-30 alkyl acrylate crosspolymer, phenoxyethanol, sodium chloride, sodium hydroxide, parfum (fragrance), benzoic acid, dehydroacetic acid, limonene, zea mays (maize) kernel extract, oryza sativa (rice) extract, caulerpa lentillifera (green algae) extract, sodium benzoate, potassium sorbate, sodium levulinate, citric acid, sorbic acid.",£3.38,['Dry'],hydration
Bobbi Brown Soothing Cleansing Oil 200ml,https://www.lookfantastic.com/bobbi-brown-soothing-cleansing-oil-200ml/12192628.html,Cleanser,"isopropyl palmitate, triethylhexanoin, isodecyl isononanoate, peg-20 glyceryl triisostearate, polybutene, triisostearin, peg-8 diisostearate, peg-12 diisostearate, aleurites molucana seed oil, simmondsia chinensis seed oil, olea europaea fruit oil, helianthus annuus seed oil, zingiber officinale root extract, bixa orellana seed extract, lavandula angustfolia, jasminum officinale flower wax, glycerin, methyldihydrojasmonate, pentylene glycol, glyceryl laurate, bisobolol, tocopheryl acetate, linalool, water.",£35.00,['Dry'],hydration
L'Oréal Paris Fine Flowers Cleansing Cream 200ml,https://www.lookfantastic.com/l-oreal-paris-fine-flowers-cleansing-cream-200ml/11740149.html,Cleanser,"aqua / water, paraffinum liquidum / mineral oil, isopropyl myristate, dicaprylyl carbonate, propylene glycol, zea mays germ oil / corn germ oil, carbomer, triethanolamine, jasminum officinale  extract / jasmine flower extract, rosa gallica flower extract, sorbitol, lecithin, disodium cocoamphodiacetate, carrageenan, pentylene glycol, polysorbate 20, tocopherol, pentaerythrityl tetra-di-t-butyl hydroxyhydrocinnamate, methylparaben, phenoxyethanol, ethylparaben, ci 17200 / red 33, linalool, limonene, citral, parfum / fragrance.",£7.99,['All'],general
Antipodes Hallelujah Lime & Patchouli Cleanser 200ml,https://www.lookfantastic.com/antipodes-hallelujah-lime-patchouli-cleanser-200ml/10366146.html,Cleanser,"aqua (water), simmondsia chinensis (jojoba) seed oil, glycerine, glyceryl stearate, macadamia integrifolia (macadamia) nut oil, persea gratissima (avocado pear) oil, cetearyl glucoside, cetearyl alcohol, cetyl alcohol, dehydroacetic acid, benzyl alcohol, tocopherol (vitamin e), helianthus annuus (sunflower) seed oil, daucus carota (carrot) seed oil, citrus grandis, (grapefruit) seed extract, macropiper excelsum (kawakawa) leaf extract. fragrance of lime & patchouli: citral, d-limonene, linalool.",£22.99,"['Dry', 'Normal']",hydration
Filorga Foam Cleanser 150ml,https://www.lookfantastic.com/filorga-foam-cleanser-150ml/11395479.html,Cleanser,"aqua, sodium laureth sulfate, butylene glycol, peg-8, caprylyl/capryl glucoside, coco-betaine, sodium chloride, sodium methyl cocoyl taurate, parfum, phenoxyethanol, sodium hyaluronate, 1,2-hexanediol, caprylyl glycol, ethylhexylglycerin, citric acid, sodium cocoyl isethionate, maltodextrin, methylisothiazolinone, lilium candidum flower extract.",£20.00,['Dry'],hydration
Estée Lauder Nutritious Super-Pomegranate Radiant Energy 2-In-1 Cleansing Foam 125ml,https://www.lookfantastic.com/estee-lauder-nutritious-super-pomegranate-radiant-energy-2-in-1-cleansing-foam-125ml/11856774.html,Cleanser,"water\aqua\eau, myristic acid, glycerin, behenic acid, palmitic acid, potassium hydroxide, sodium methyl cocoyl taurate, lauric acid, stearic acid, montmorillonite, vaccinium angustifolium (blueberry) fruit extract, vaccinium macrocarpon (cranberry) fruit extract, lycium chinense (wolfberry) fruit extract, punica granatum (pomegranate) extract, paeonia suffruticosa (peony) root extract, sapindus mukorossi fruit extract, hypnea musciformis (algae) extract, serenoa serrulata (saw palmetto) fruit extract, ergothioneine, caffeine, gellidiella acerosa extract, dipotassium glycyrrhizate, caesalpinia spinosa gum, urea, tocopheryl acetate, yeast extract\faex\extrait de levure, trehalose, sodium hyaluronate, fragrance (parfum), peg-3 distearate, sodium pca, butylene glycol, polyquaternium-7, tetrahexyldecyl ascorbate, polyquaternium-51, disodium edta, phenoxyethanol, methylchloroisothiazolinone, methylisothiazolinone, citral, yellow 5 (ci 19140), red 4 (ci 14700)",£23.40,['Dry'],"hydration, under-eye"
Garnier Micellar Water Oil Infused Facial Cleanser and Makeup Remover 400ml,https://www.lookfantastic.com/garnier-micellar-water-oil-infused-facial-cleanser-and-makeup-remover-400ml/11299916.html,Cleanser,"aqua / water, cyclopentasiloxane, isohexadecane, argania spinosa oil / argania spinosa kernel oil, benzyl alcohol, benzyl salicylate, butyl methoxydibenzoylmethane, ci 60725 / violet 2, decyl glucoside, dipotassium phosphate, disodium edta, ethylhexyl methoxycinnamate, ethylhexyl salicylate, geraniol, haematococcus pluvialis / haematococcus pluvialis extract, hexylene glycol, limonene, linalool, pentaerythrityl tetra-di-t-butyl hydroxyhydrocinnamate, polyaminopropyl biguanide, potassium phosphate, sodium chloride, parfum / fragrance.",£5.99,['All'],general
Omorovicza Cleansing Foam Duo,https://www.lookfantastic.com/omorovicza-cleansing-foam-duo/11836821.html,Cleanser,"aqua (hungarian thermal water), glycerin, sodium cocoyl isethionate, sorbitol, disodium lauryl sulfosuccinate, sodium chloride, phenoxyethanol, saccharomyces (hungarian thermal water) ferment extract, limonene, xanthan gum, parfum (fragrance), copper gluconate, linalool, ethylhexylglycerin, disodium edta, pyrus malus (apple) fruit extract, phospholipids, chlorella vulgaris/lupinus albus protein ferment, pectin.",£73.00,['Dry'],hydration
VICHY Purete Thermale Fresh Cleansing Gel 200ml,https://www.lookfantastic.com/vichy-purete-thermale-fresh-cleansing-gel-200ml/11119868.html,Cleanser,"aqua/water, glycerin, coco-betaine, sodium cocoyl glycinate, peg-120 methyl glucose dioleate, sodium chloride, dipropylene glycol, lauric acid, triethanolamine, moringa pterygosperma seed extract, phenoxyethanol, caprylyl glycol, citric acid, tetrasodium edta, parfum/fragrance.",£12.00,['Dry'],hydration
Garnier Micellar Water Facial Cleanser and Makeup Remover for Combination Skin 400ml,https://www.lookfantastic.com/garnier-micellar-water-facial-cleanser-and-makeup-remover-for-combination-skin-400ml/11171651.html,Cleanser,"aqua/water, hexylene glycol, glycerin, alcohol denat., poloxamer 184, polyaminopropyl biguanide, disodium cocoamphodiacetate, disodium edta.",£4.99,['Dry'],hydration
Sukin Blemish Control Clearing Facial Wash 125ml,https://www.lookfantastic.com/sukin-blemish-control-clearing-facial-wash-125ml/12033214.html,Cleanser,"water (aqua), aloe barbadensis leaf juice, cocamidopropyl betaine, sodium lauroyl methyl isethionate, cydonia oblonga leaf extract (quince), punica granatum fruit extract (pomegranate), epilobium angustifolium flower/leaf/stem extract (willowherb), cocos nucifera (coconut) fruit extract, camellia sinensis leaf extract (green tea/white tea), moringa oleifera leaf extract, salvia officinalis (sage) extract, zingiber officinale (ginger) root extract, mentha piperita(peppermint) leaf extract, tocopherol (vitamin e), glycerin, melaleuca alternifolia (tea tree) leaf oil, eucalyptus citriodora oil, rosmarinus officinalis (rosemary) leaf oil, lavandula angustifolia (lavender) oil, tetrasodium glutamate diacetate, citric acid, phenoxyethanol, benzyl alcohol, limonene, linalool.",£9.95,"['Dry', 'Oily', 'Sensitive', 'Normal']","acne, hydration, sensitivity, oil control"
Origins GinZing Refreshing Scrub Cleanser 150ml,https://www.lookfantastic.com/origins-ginzing-refreshing-scrub-cleanser-150ml/11138333.html,Cleanser,"water\aqua\eau, cocamidopropyl hydroxysultaine, coco-betaine, decyl glucoside, sodium methyl cocoyl taurate, acrylates copolymer, copernicia cerifera (carnauba) wax\ copernicia cerifera cera \cire de carnauba, sodium lauroyl oat amino acids, jojoba esters, sodium chloride, polysorbate 20, disodium cocoyl glutamate, panax ginseng (ginseng) root extract, citrus grandis (grapefruit) peel oil, citrus limon (lemon) peel oil, citrus aurantium dulcis (orange) peel oil, mentha viridis (spearmint) leaf oil, limonene, caffeine, butylene glycol, ethylhexylglycerin, glycerin, sodium cocoyl glutamate, monosodium citrate, sodium coco pg-dimonium chloride phosphate, citric acid, sodium hydroxide, disodium edta, tetrasodium edta, sodium benzoate, phenoxyethanol",£17.50,"['Dry', 'Normal']","hydration, under-eye"
L'Oréal Paris Fine Flowers Cleansing Milk 400ml,https://www.lookfantastic.com/l-oreal-paris-fine-flowers-cleansing-milk-400ml/11740150.html,Cleanser,"aqua / water, paraffinum liquidum / mineral oil, isopropyl myristate, propylene glycol, zea mays germ oil / corn germ oil, jasminum officinale extract  / jasmine flower extract, rosa gallica flower extract, sorbitol, carbomer, triethanolamine, lecithin, disodium cocoamphodiacetate, carrageenan, pentylene glycol, polysorbate 20, pentaerythrityl tetra- di-t-butyl hydroxyhydro-cinnamate, methyl-paraben, phenoxyethanol, ethylparaben, linalool, limonene, citral, parfum / fragrance.",£5.99,['All'],general
Erno Laszlo Sea Mud Deep Cleansing Bar (100g),https://www.lookfantastic.com/erno-laszlo-sea-mud-deep-cleansing-bar-100g/11314429.html,Cleanser,"sodium palmate, sodium palm kernelate, water (aqua/eau), silt (dead sea mud), charcoal powder, parfum (fragrance), sodium chloride, glycerin, tetrasodium edta, tetrasodium etidronate, evernia prunastri (oakmoss) extract, benzyl cinnamate, benzyl benzoate, ci 77489 (iron oxides), ci 77289 (chromium hydroxide green), ci 77891 (titanium dioxide).",£35.00,"['Dry', 'Oily']","hydration, sun protection, oil control, blackheads"
Murad Time Release Blemish Cleanser 200ml,https://www.lookfantastic.com/murad-time-release-blemish-cleanser-200ml/10448737.html,Cleanser,"water (aqua), disodium cocoamphodiacetate, glycerin, cetyl alcohol, cocamidopropyl betaine, cetearyl alcohol, sodium cocoyl isethionate, peg-100 stearate, glyceryl stearate, butylene glycol, sodium hyaluronate, tocopheryl acetate, caprylic/capric triglyceride, retinol, salix alba (willow) bark extract, ascorbic acid, chitosan, silver citrate, sodium pca, betaine, sorbitol, glycine, alanine, proline, serine, threonine, arginine, lysine, glutamic acid, zinc gluconate, argania spinosa kernel extract, serenoa serrulata fruit extract, sesamum indicum (sesame) seed extract, cimicifuga racemosa root extract, melaleuca alternifolia (tea tree) leaf oil, cocamidopropyl dimethylamine, zea mays (corn) starch, hydrolyzed corn starch, hydrolyzed corn starch octenylsuccinate, citric acid, disodium edta, propyl gallate, polysorbate 80, menthol, cetearyl glucoside, glycol distearate, steareth-4, peg-150 distearate, hydroxyethylcellulose, polyacrylate-13, polyisobutene, polysorbate 20, trisodium ethylenediamine disuccinate, phenoxyethanol, caprylyl glycol, chlorphenesin, fragrance (parfum)",£30.00,"['Dry', 'Oily']","acne, hydration, anti-aging, oil control, firmness, under-eye"
Elemis Sensitive Cleansing Wash 200ml,https://www.lookfantastic.com/elemis-sensitive-cleansing-wash-200ml/10365311.html,Cleanser,"aqua/water/eau, cocamidopropyl betaine, sodium lauryl sulfoacetate, sodium lauroyl sarcosinate, sodium chloride, peg-120 methyl glucose dioleate, inulin, phenoxyethanol, sorbitan sesquicaprylate, glyceryl laurate, sodium sulfate, fragrance (parfum), chlorphenesin, disodium edta, glycerin, calcium caseinate, sodium dehydroacetate, coumarin, caramel, alchemilla vulgaris (lady's mantle) extract, juniperus virginiana oil, citrus aurantium dulcis (orange) oil, chamomilla recutita (matricaria) flower extract, thymus vulgaris (thyme) flower/leaf extract, lavandula hybrida (lavandin) oil, citrus aurantium amara (bitter orange) leaf/twig oil, potassium sorbate, sodium benzoate, citrus limon (lemon) peel oil, citric acid.",£25.00,['Dry'],hydration
Clinique Pep-Start 2-in-1 Exfoliating Cleanser 125ml,https://www.lookfantastic.com/clinique-pep-start-2-in-1-exfoliating-cleanser-125ml/11350906.html,Cleanser,"water\aqua\eau, glycerin, sodium laureth sulfate, silica, acrylates copolymer, lauramidopropyl betaine, butylene glycol, sucrose, cocamidopropyl hydroxysultaine, carica papaya (papaya) fruit extract, bambusa arundinacea (bamboo) stem extract, laminaria saccharina extract, salicylic acid, palmitoyl tetrapeptide-7, palmitoyl tripeptide-1, caffeine, sodium hyaluronate, acetyl glucosamine, sodium coco pg-dimonium chloride phosphate, polysorbate 20, disodium cocoyl glutamate, citric acid, sodium cocoyl glutamate, laureth-2, sodium chloride, sodium hydroxide, sodium sulfate, carbomer, monosodium citrate, disodium edta, edta, bht, phenoxyethanol, orange 4 (ci 15510), yellow 5 (ci 19140), red 4 (ci 14700)",£16.50,"['Dry', 'Oily']","acne, hydration, blackheads, under-eye"
Emma Hardie Moringa Light Cleansing Gel 100ml,https://www.lookfantastic.com/emma-hardie-moringa-light-cleansing-gel-100ml/12143497.html,Cleanser,"vitis vinifera (grape) seed oil, prunus amygdalus dulcis (sweet almond) oil, caprylic/capric triglyceride, silica, peg-6 caprylic/capric glycerides, peg-60 almond glycerides, moringa oleifera seed oil, citrus aurantium dulcis (orange) peel oil expressed, glycerin, phenoxyethanol, benzyl alcohol, citrus aurantium amara (bitter orange) flower oil, citrus aurantium bergamia (bergamot) fruit oil, aqua (water), juniperus virginiana (cedarwood) oil, limonene, linalool, parfum (fragrance), crithmum maritimum extract, moringa oleifera seed extract, jasminum officinale (jasmine) flower, rosa damascena flower oil, disodium phosphate, citric acid, citronellol, benzyl benzoate, geraniol, citral, citrus nobilis (mandarin orange) peel oil.",£34.00,['Dry'],hydration
Caudalie Instant Foaming Cleanser (50ml),https://www.lookfantastic.com/caudalie-instant-foaming-cleanser-50ml/10727689.html,Cleanser,"aqua (water), glycerin, sodium cocoyl glutamate, cocamidopropyl betainamide mea chloride, caprylyl/capryl glucoside, caprylyl glycol, parfum (fragrance), sodium chloride, coco-betaine, potassium sorbate, citric acid, sodium methyl cocoyl taurate, sodium cocoyl isethionate, sodium phytate, butylene glycol, salvia officinalis (sage) leaf extract, chamomilla recutita (matricaria) flower extract, vitis vinifera (grape) fruit extract, butylphenyl methylpropional, linalool, citronellol.",£7.50,['Dry'],hydration
Neutrogena Hydro Boost Cleanser Wipes (25 Wipes),https://www.lookfantastic.com/neutrogena-hydro-boost-cleanser-wipes-25-wipes/11433779.html,Cleanser,"aqua, isostearyl palmitate, cetyl ethylhexanoate, cyclopentasiloxane, glycerin, isononyl isononanoate, pentaerythrityl tetraethylhexanoate, hexylene glycol, sucrose cocoate, hydrolyzed hyaluronic acid, ethylhexylglycerin, peg-6 caprylic/capric glycerides, peg-4 laurate, carbomer, sodium hydroxide, tocopherol, phenoxyethanol, benzoic acid, dehydroacetic acid, iodopropynyl butylcarbamate, parfum.",£4.99,['Dry'],"hydration, firmness"
Garnier Pure Active Anti Blemish Soap Free Gel Wash Sensitive Skin 150ml,https://www.lookfantastic.com/garnier-pure-active-anti-blemish-soap-free-gel-wash-sensitive-skin-150ml/11919615.html,Cleanser,"aqua / water, sodium laureth sulfate, peg-8, coco-betaine, sodium chloride, alcohol, caprylyl glycol, citric acid, hamamelis, virginiana water / witch hazel water, hexylene glycol, maltodextrin, peg-120, methyl glucose dioleate, phenoxyethanol, salicylic acid, salix alba bark extract / willow bark extract, sodium benzoate, sodium hydroxide, zinc pca, parfum / fragrance.",£4.99,['Oily'],"acne, oil control, blackheads"
Clinique Anti Blemish Solutions Cleansing Gel 125ml,https://www.lookfantastic.com/clinique-anti-blemish-solutions-cleansing-gel-125ml/11144780.html,Cleanser,"water\aqua\eau, glycerin, sodium laureth sulfate, sodium chloride, lauramidopropyl betaine, butylene glycol, sucrose, salicylic acid, gentiana lutea (gentian) root extract, laminaria saccharina extract, caffeine, sodium hyaluronate, acetyl glucosamine, laureth-2, peg-120 methyl glucose dioleate, sodium sulfate, benzophenone-4, sodium hydroxide, edta, disodium edta, bht, phenoxyethanol, blue 1 (ci 42090)",£19.00,"['Dry', 'Oily']","acne, hydration, blackheads, under-eye"
Pai Skincare Light Work Rosehip Cleansing Oil 145ml,https://www.lookfantastic.com/pai-skincare-light-work-rosehip-cleansing-oil-145ml/12074886.html,Cleanser,"olea europaea (olive) fruit oil, olive oil, helianthus annuus (sunflower) seed oil, sunflower oil, polyglyceryl-4 oleate, ricinus communis (castor) seed oil, castor oil, rosa canina (rosehip) fruit extract, rosehip fruit extract, jasminum grandiflorum (jasmine) flower extract, jasmine oil, citrus aurantifolia (lime) peel oil, lime oil, citrus aurantium dulcis (orange) peel oil, orange oil, pelargonium graveolens oil, geranium oil, cimum basilicum (basil) oil, basil oil, tocopherol - natural vitamin e, rosmarinus officinalis (rosemary) leaf extract, rosemary oil.",£36.00,"['Dry', 'Normal']",general
The Ordinary Squalane Cleanser 50ml,https://www.lookfantastic.com/the-ordinary-squalane-cleanser-50ml/12056630.html,Cleanser,"squalane, aqua (water), covo-caprylate/carpate, glycerin, sucrose stearate, ethycal macadamiate, malic acid, trocopherol, hydroxymethoxyphenyl decanone, sucrose laurate, sucrose dilaurate, sucrose trilaurate, hydrogenated starch hydrolysate, polyacrylate crosspolymer-6, isoceteth-20, sodium polyacrylate, trisodium ethylenediamine disuccinate, ethylhexylglycerin, chlorphenesin",£5.80,['Dry'],hydration
PIXI Makeup Melting Cleansing Cloths (40 Wipes),https://www.lookfantastic.com/pixi-makeup-melting-cleansing-cloths-40-wipes/11200050.html,Cleanser,"aqua, glycerin, chamomilla recutita (matricaria) flower extract, aloe barbadensis leaf juice/maltodextrin, camellia japonica seed oil, vitis vinifera (grape) seed oil, olive oil peg-7 esters, decyl glucoside, tocopheryl acetate, phenoxyethanol, benzoic acid, dehydroacetic acid, polyaminopropyl biguanide, parfum.",£10.00,['Dry'],hydration
Gallinée Prebiotic Foaming Facial Cleanser 120ml,https://www.lookfantastic.com/gallinee-prebiotic-foaming-facial-cleanser-120ml/11261915.html,Cleanser,"aqua (water), cocamidopropyl betaine, sodium lauryl glucose carboxylate, lauryl glucoside, glycerin, lactic acid, alpha-glucan oligosaccharide, inulin, styrene/acrylates copolymer, sodium chloride, citric acid, parfum (fragrance), arginine, sorbic acid, sodium hydroxide, tetrasodium glutamate diacetate, sodium benzoate, limonene.",£12.75,"['Dry', 'Oily']","hydration, uneven texture"
bareMinerals Pure Plush Cleansing Foam,https://www.lookfantastic.com/bareminerals-pure-plush-cleansing-foam/11262512.html,Cleanser,"water (aqua/eau), glycerin, stearic acid, myristic acid, peg-8, potassium hydroxide, lauric acid, sodium methyl cocoyl taurate, butylene glycol, glyceryl stearate se, sodium polyacrylate starch, disodium edta, polyquaternium-39, citrus grandis (grapefruit) fruit extract, rosmarinus officinalis (rosemary) leaf extract, sambucus nigra flower extract, sea salt (maris sal/sel marin), fragrance (parfum), limonene, sodium benzoate, phenoxyethanol.",£20.00,['Dry'],hydration
ESPA Optimal Skin ProCleanser 100ml,https://www.lookfantastic.com/espa-optimal-skin-pro-cleanser/12226523.html,Cleanser,"caprylic/capric triglyceride, glycerin, jojoba esters, lactobacillus/pumpkin fruit ferment filtrate, aqua (water), sucrose laurate, persea gratissima (avocado) oil, coconut alkanes, phenoxyethanol, limonene, vaccinium vitis-idaea seed oil, citrus aurantium dulcis (orange) peel oil, sucrose stearate, coco-caprylate/caprate, citrus aurantium amara (bitter orange) flower oil, citrus aurantium bergamia (bergamot) fruit oil, citrus nobilis (mandarin orange) peel oil, fragrance (parfum), ethylhexylglycerin, leuconostoc/radish root ferment filtrate, linalool, moringa pterygosperma seed extract, jasminum officinale (jasmine) flower extract, rosa damascena flower oil, disodium phosphate, citric acid, helianthus annuus (sunflower) seed oil, rosmarinus officinalis (rosemary) leaf extract.",£32.00,['Dry'],hydration
NIOD Sanskrit Saponins Cleanser 90ml,https://www.lookfantastic.com/niod-sanskrit-saponins-cleanser-90ml/11416296.html,Cleanser,"aqua (water), sapindus mukurossi fruit extract, stearic acid, arginine, glycerin, ppg-26-buteth-26, peg-40 hydrogenated castor oil, polysorbate 60, sodium polyacrylate, acacia concinna fruit extract, balanites aegyptiaca (desert date) fruit extract, gypsophila paniculata root extract, trisodium ethylenediamine disuccinate, sorbic acid, potassium sorbate, sodium benzoate, phenoxyethanol, chlorphenesin.",£21.00,['Dry'],hydration
DECLÉOR Cleansing Milk 200ml,https://www.lookfantastic.com/decleor-cleansing-milk-200ml/11777972.html,Cleanser,"aqua / water, hydrogenated polydecene, octyldodecanol, propanediol, prunus amygdalus dulcis oil / sweet almond oil, glycerin, glycol palmitate, beheneth-25, phenoxyethanol, camellia sinensis leaf water, sodium polyacrylate, 1,2-hexanediol, caprylyl glycol, cetyl alcohol, triethanolamine, acrylates/c10-30 alkyl acrylate crosspolymer, beheneth-10, xanthan gum, polyquaternium-39, glycine soja oil / soybean oil, tocopherol, limonene, disodium edta, hexyl cinnamal, linalool, citrus aurantium amara flower oil / bitter orange flower oil, sodium benzoate, citral, parfum / fragrance.",£18.20,['Dry'],hydration
Garnier Pure Active Intensive Anti-Blackhead Charcoal Gel Wash 200ml,https://www.lookfantastic.com/garnier-pure-active-intensive-anti-blackhead-charcoal-gel-wash-200ml/11919611.html,Cleanser,"aqua / water, sodium laureth sulfate, decyl glucoside, glycerin, sodium chloride, coco-betaine, salicylic acid, capryloyl salicylic acid, charcoal powder, citric acid, copper pca, hexylene glycol, menthol, peg-150 pentaerythrityl tetrastearate, peg-6 caprylic/capric glycerides, pentasodium ethylenediamine tetramethylene phosphonate, perlite, polyglycerin-10, polyglyceryl-10 myristate, polyglyceryl-10 stearate, polyquaternium-47, propylene glycol, sodium benzoate, sodium dehydroacetate, sodium hydroxide, sorbitol, tetrasodium edta, vaccinium myrtillus fruit extract, zinc gluconate, parfum / fragrance.",£4.99,"['Dry', 'Oily']","acne, hydration, oil control, blackheads"
Gallinée Prebiotic Cleansing Bar 100g,https://www.lookfantastic.com/gallinee-prebiotic-cleansing-bar-100g/11719058.html,Cleanser,"disodium lauryl sulfosuccinate, maltodextrin, sodium cocoyl isethionate, stearic acid, aqua (water), hydrogenated castor oil, cetyl alcohol, alpha-glucan oligosaccharide, inulin, lactic acid, arginine, perfume (fragrance), citric acid, titanium dioxide, limonene.",£8.50,['Oily'],"sun protection, uneven texture"
Neal's Yard Remedies Rehydrating Rose Facial Wash 100ml,https://www.lookfantastic.com/neal-s-yard-remedies-rehydrating-rose-facial-wash-100ml/11926855.html,Cleanser,"aqua/water/eau, lauryl glucoside, cocamidopropyl betaine, glycerin, sucrose laurate, alcohol, sodium chloride, rosa damascena flower extract, alcohol denat., aloe barbadensis leaf juice powder, levulinic acid, potassium sorbate, sodium levulinate, rosa damascena flower oil, terpineol, citric acid, citronellol, geraniol.",£17.00,['Dry'],hydration
L'Oréal Paris Age Perfect Cleansing Wipes for Mature Skin (25 Wipes),https://www.lookfantastic.com/l-oreal-paris-age-perfect-cleansing-wipes-for-mature-skin-25-wipes/10487892.html,Cleanser,"aqua / water, glycerin, peg-100 stearate, rosa gallica extract / rosa gallica flower extract, calcium pantetheine sulfonate, glyceryl stearate, prunus amygdalus dulcis oil / sweet almond oil, ammonium polyacryldimethyltauramide / ammonium polyacryloyldimethyl taurate, disodium cocoamphodiacetate, disodium edta, isopropyl palmitate, citric acid, xanthan gum, cetyl alcohol, tocopherol, sodium benzoate, phenoxyethanol, myrtrimonium bromide, linalool, geraniol, eugenol, limonene, citronellol, benzyl alcohol, parfum / fragrance.",£4.99,['Dry'],hydration
L'Oréal Paris Fine Flowers Sensitive Skin Cleansing Face Wipes x 25,https://www.lookfantastic.com/l-oreal-paris-fine-flowers-sensitive-skin-cleansing-face-wipes-x-25/11740153.html,Cleanser,"aqua / water, glycerin, jasminum officinale extract / jasmine flower extract, paeonia suffruticosa root extract, peg-100 stearate, rosa gallica flower extract, sorbitol, glyceryl stearate, prunus amygdalus dulcis oil / sweet almond oil, ammonium polyacryloyldimethyl taurate, disodium cocoamphodiacetate, disodium edta, isopropyl palmitate, propylene glycol, citric acid, xanthan gum, pentylene glycol, t-butyl alcohol, cetyl alcohol, butylene glycol, tocopherol, sodium benzoate, phenoxyethanol, myrtrimonium bromide, parfum / fragrance.",£3.99,['Dry'],hydration
Avene Cold Cream Ultra Rich Cleansing Bar,https://www.lookfantastic.com/avene-cold-cream-ultra-rich-cleansing-bar/11571232.html,Cleanser,"disodium lauryl sulfosuccinate, maltodextrin, sodium cocoyl isethionate, stearic acid, water (aqua), talc, cetearyl alcohol, paraffin, ceteareth-6, peg-45 palm kernel glycerides, avene thermal spring water (avene aqua), beeswax (cera alba), c20-40 pareth-10, cetyl alcohol, cetyl phosphate, citric acid, fragrance (parfum), glyceryl stearate, methylparaben, microcristalline wax (cera microcristallina), mineral oil (paraffin liquidium), polyethylene, sodium hydroxide, titanium dioxide, triethanolamine.",£5.00,['All'],sun protection
Estée Lauder Nutritious Micro-Algae Cleansing Bar,https://www.lookfantastic.com/estee-lauder-nutritious-micro-algae-cleansing-bar/11432520.html,Cleanser,"water\aqua\eau, sucrose, sodium myristate, sorbitol, sodium laurate, sodium palmitate, ppg-9 diglyceryl ether, sodium stearate, potassium myristate, potassium laurate, sodium isostearate, potassium palmitate, potassium stearate, sodium castorate, sodium lauryl glycol carboxylate, algae extract, chlorella vulgaris extract, glycerin, chlorophyllin-copper complex, potassium isostearate, potassium castorate, polyquaternium-6, polyquaternium-39, sodium chloride, tetrasodium etidronate, trisodium edta",£18.00,['Dry'],hydration
Erno Laszlo Phelityl Cleansing Bar (100g),https://www.lookfantastic.com/erno-laszlo-phelityl-cleansing-bar-100g/11314428.html,Cleanser,"sodium palmate, sodium palm kernelate, water (aqua/eau), glycerin, carthamus tinctorius (safflower) seed oil, parfum (fragrance), sodium chloride, ethyl macadamiate, sulfonated castor oil, tetrasodium edta, tetrasodium etidronate, evernia prunastri (oakmoss) extract, benzyl benzoate, ci 77491, ci 77492, ci 77499 (iron oxides), ci 77891 (titanium dioxide), ci 77289 (chromium hydroxide green).",£35.00,['Dry'],"hydration, sun protection"
PIXI Glow Tonic 250ml,https://www.lookfantastic.com/pixi-glow-tonic-250ml/11200055.html,Toner,"water/aqua/eau, aloe barbadensis leaf juice, glycolic acid, butylene glycol, glycerin, sodium hydroxide, hamamelis virginiana (witch hazel) leaf extract, aesculus hippocastanum (horse chestnut) seed extract, hexylene glycol, fructose, glucose, sucrose, urea, dextrin, alanine, glutamic acid, aspartic acid, hexyl nicotinate, panax ginseng root extract, ethylhexylglycerin, disodium edta, biotin, panthenol, ppg-26-buteth-26, peg-40 hydrogenated castor oil, phenoxyethanol, fragrance (parfum), caramel, red 4 (ci 14700).",£18.00,"['Dry', 'Oily']","hydration, uneven texture"
PIXI Retinol Tonic 100ml,https://www.lookfantastic.com/pixi-retinol-tonic-100ml/11883838.html,Toner,"aqua/water/eau, rosemarinus officinalis (rosemary) leaf water, glycerin, propanediol, methyl gluceth-20, peg-8, panthenol, magnesium ascorbyl phosphate, sodium hyaluronate, lecithin, oenothera biennis (evening primrose) flower extract, hibiscus rosa-sinensis flower extract, sodium acrylates copolymer, palmitoyl tripeptide-27, hydroxypropyl cyclodextrin, retinol, phenoxyethanol, caprylic/capric triglyceride, jasminum officinale (jasmine) flower/leaf extract, lavandula angustifolia (lavender) flower/leaf/stem extract, eugenia caryophyllus (clove) flower extract, vitis vinifera (grape) fruit extract, sodium citrate, peg-40 hydrogenated castor oil, disodium edta, citric acid, polysorbate 20, ethylhexylglycerin.",£10.00,"['Dry', 'Oily']","hydration, anti-aging, firmness, under-eye"
La Roche-Posay Effaclar Clarifying Lotion 200ml,https://www.lookfantastic.com/la-roche-posay-effaclar-clarifying-lotion-200ml/11091820.html,Toner,"water, alcohol denat., glycerin, sodium citrate, propylene glycol, peg-60 hydrogenated castor oil, disodium edta, capryloyl salicylic acid, citric acid, salicylic acid, fragrance.",£12.50,"['Dry', 'Oily']","acne, hydration, blackheads"
La Roche-Posay Serozinc Toner 50ml,https://www.lookfantastic.com/la-roche-posay-serozinc-toner-50ml/11259344.html,Toner,"aqua/water, sodium chloride, zinc sulphate.",£5.00,['Oily'],oil control
Caudalie Supersize Grape Water (200ml),https://www.lookfantastic.com/caudalie-supersize-grape-water-200ml/10306437.html,Toner,"vitis vinifera (grape) fruit water, vitis vinifera (grape) juice, nitrogen.",£11.00,['All'],general
Liz Earle Instant Boost Skin Tonic 200ml Bottle,https://www.lookfantastic.com/liz-earle-instant-boost-skin-tonic-200ml-bottle/12528849.html,Toner,"aqua (water), aloe barbadensis (aloe vera) leaf juice, glycerin, peg-40 hydrogenated castor oil, tocopherol (vitamin e), cucumis sativus (cucumber) fruit extract, anthemis nobilis (chamomile) flower extract, calendula officinalis (calendula) flower extract, humulus lupulus (hops) extract, phenoxyethanol, panthenol, allantoin, parfum (fragrance), benzoic acid, tocopheryl acetate, dehydroacetic acid, sodium hydroxide, ethylhexylglycerin, linalool, limonene, citronellol, geraniol, coumarin, citric acid, potassium sorbate.",£16.00,"['Dry', 'Sensitive', 'Normal']","hydration, sensitivity"
PIXI Retinol Tonic 250ml,https://www.lookfantastic.com/pixi-retinol-tonic-250ml/11883839.html,Toner,"aqua/water/eau, rosemarinus officinalis (rosemary) leaf water, glycerin, propanediol, methyl gluceth-20, peg-8, panthenol, magnesium ascorbyl phosphate, sodium hyaluronate, lecithin, oenothera biennis (evening primrose) flower extract, hibiscus rosa-sinensis flower extract, sodium acrylates copolymer, palmitoyl tripeptide-27, hydroxypropyl cyclodextrin, retinol, phenoxyethanol, caprylic/capric triglyceride, jasminum officinale (jasmine) flower/leaf extract, lavandula angustifolia (lavender) flower/leaf/stem extract, eugenia caryophyllus (clove) flower extract, vitis vinifera (grape) fruit extract, sodium citrate, peg-40 hydrogenated castor oil, disodium edta, citric acid, polysorbate 20, ethylhexylglycerin.",£18.00,"['Dry', 'Oily']","hydration, anti-aging, firmness, under-eye"
PIXI Rose Tonic 100ml,https://www.lookfantastic.com/pixi-rose-tonic-100ml/11666123.html,Toner,"water/aqua/eau, rosa damascena flower water, propanediol, glycerin, aloe barbadensis leaf juice, sodium pca, peg-40 hydrogenated castor oil, triethyl citrate, rose extract, phenoxyethanol, rosa canina extract, camellia sinensis leaf extract, sambucus nigra flower (elder flower) extract, chamomilla recutita (matricaria) flower extract, sodium hyaluronate, betaine, sodium citrate, montmorillonite, citric acid, disodium edta, ethylhexylglycerin, potassium sorbate, sodium benzoate.",£10.00,['Dry'],hydration
Avène Gentle Toner 200ml,https://www.lookfantastic.com/avene-gentle-toner-200ml/11571239.html,Toner,avene thermal spring water (avene aqua). fragrance (parfum). peg-7 glyceryl cocoate. phenoxyethanol. sorbitol. stearalkonium hectorite. trisodium edta. water (aqua).,£8.63,['All'],general
Natio Rosewater & Chamomile Gentle Skin Toner (250ml),https://www.lookfantastic.com/natio-rosewater-chamomile-gentle-skin-toner-250ml/10562382.html,Toner,"water (aqua), glycerin, chamomilla recutita (matricaria) extract, rose (rosa spp) extract, citrus aurantium dulcis (orange) oil, cymbopogon martini (palmarosa) oil, citrus aurantium amara (bitter orange) oil, ceteth-20, fragrance (parfum), phenoxyethanol, methylparaben, propylparaben, tetrasodium edta, citric acid, ethoxydiglycol, propylene glycol, butylene glycol, glucose, bisabolol.",£6.80,"['Dry', 'Sensitive']",hydration
Clinique Clarifying Lotion 2 200ml,https://www.lookfantastic.com/clinique-clarifying-lotion-2/11144128.html,Toner,"water / aqua / eau, alcohol denat., glycerin, hamamelis virginiana (witch hazel), menthol, acetyl glucosamine, trehalose, sodium hyaluronate, butylene glycol, sodium bicarbonate, red 6 (ci 15850), red 33 (ci 17200), violet 2 (ci 60730).",£18.00,"['Dry', 'Oily']",hydration
Clinique Clarifying Lotion 2 400ml,https://www.lookfantastic.com/clinique-clarifying-lotion-2/11144128.html,Toner,"water / aqua / eau, alcohol denat., glycerin, hamamelis virginiana (witch hazel), menthol, acetyl glucosamine, trehalose, sodium hyaluronate, butylene glycol, sodium bicarbonate, red 6 (ci 15850), red 33 (ci 17200), ext. violet 2 (ci 60730).",£28.00,"['Dry', 'Oily']",hydration
PIXI Rose Tonic 250ml,https://www.lookfantastic.com/pixi-rose-tonic-250ml/12076624.html,Toner,"aqua/water/eau, rosa damascena flower water, propanediol, glycerin, aloe barbadensis leaf juice, sodium pca, peg-40 hydrogenated castor oil, triethyl citrate, rose extract, phenoxyethanol, rosa canina extract, camellia sinensis leaf extract, sambucus nigra flower (elder flower) extract, chamomilla recutita (matricaria) flower extract, sodium hyaluronate, betaine, sodium citrate, montmorillonite, citric acid, disodium edta, ethylhexylglycerin, potassium sorbate, sodium benzoate.",£18.00,['Dry'],hydration
Gallinée Prebiotic Face Vinegar 200ml,https://www.lookfantastic.com/gallinee-prebiotic-face-vinegar-200ml/11849521.html,Toner,"aqua (water), propanediol, glycerin, 1,2-hexanediol, alpha-glucan oligosaccharide, pentylene glycol, inulin, lactic acid, acetum (vinegar), maris aqua (sea water), arginine, hibiscus sabdariffa flower extract, laminaria digitata extract, chlorella vulgaris extract, saccharide isomerate, sodium hydroxide, phenethyl alcohol, sodium benzoate, potassium sorbate.",£19.55,"['Dry', 'Oily']","hydration, uneven texture"
Sukin Hydrating Mist Toner (125ml),https://www.lookfantastic.com/sukin-hydrating-mist-toner-125ml/10961545.html,Toner,"water (aqua), rosa damascena flower water (rose), glycerin, chamomilla recutita (matricaria) flower extract (chamomile), citric acid, phenoxyethanol.",£7.95,"['Dry', 'Sensitive']","hydration, sensitivity"
Caudalie Grape Water 75ml,https://www.lookfantastic.com/caudalie-grape-water-75ml/10623029.html,Toner,"vitis vinifera (grape) fruit water, vitis vinifera (grape) juice, nitrogen.",£6.00,['All'],general
La Roche-Posay Soothing Lotion 200ml,https://www.lookfantastic.com/la-roche-posay-soothing-lotion-200ml/11091868.html,Toner,"aqua, water, peg-8 , glycerin , peg-60 hydrogenated castor oil , poloxamer 124 , citric acid , chlorhexidine digluconate , parfum / fragrance.",£12.50,['Dry'],hydration
NIP+FAB Salicylic Fix Tonic XXL Extreme 2% 190ml,https://www.lookfantastic.com/nip-fab-salicylic-fix-tonic-xxl-extreme-2-190ml/12137767.html,Toner,"aqua (water), propylene glycol, salicylic acid, hamamelis virginiana (witch hazel) water, peg-40 hydrogenated castor oil, glycerin, sodium hydroxide, propanediol, alcohol, sodium hydroxymethylglycinate, allantoin, disodium edta, panthenol, parfum (fragrance), polygonum bistorta root extract, sodium hyaluronate, nelumbo nucifera flower extract, nymphaea coerulea flower extract.",£19.95,"['Dry', 'Oily', 'Sensitive']","acne, hydration, blackheads"
PIXI Milky Tonic 100ml,https://www.lookfantastic.com/pixi-milky-tonic-100ml/12040136.html,Toner,"aqua/water/eau, glycerin, ethylhexyl palmitate, dipropylene glycol, cetyl ethylhexanoate, phenoxyethanol, polyglyceryl-10, oleate, ethylhexylglycerin, peg-60 hydrogenated castor oil, cetearyl, isononanoate, allantoin, ceteareth-20, trideceth-10, hydrolyzed, glycosaminoglycans, hydrogenated lecithin, glyceryl stearate, ceteareth-12, cetyl alcohol, cetearyl alcohol, cetyl palmitate, disodium, edta, parfum/fragrance, citric acid, benzoic acid, lecithin, avena, strigosa seed extract.",£10.00,"['Dry', 'Sensitive']",hydration
L'Oréal Paris Fine Flowers Cleansing Toner 400ml,https://www.lookfantastic.com/l-oreal-paris-fine-flowers-cleansing-toner-400ml/11740151.html,Toner,"aqua / water, glycerin, alcohol denat., hydroxyethylpiperazine ethane sulfonic acid, jasminum officinale extract / jasmine flower extract, peg-60 hydrogenated castor oil, rosa gallica flower extract, sorbitol, disodium edta, propylene glycol, caprylyl glycol, styrene/ acrylates copolymer, xanthan gum, panthenol, pentylene glycol, phenoxyethanol, linalool, limonene, parfum / fragrance.",£5.99,['Dry'],hydration
Estée Lauder Perfectly Clean Multi-Action Toning Lotion/Refiner 200ml,https://www.lookfantastic.com/estee-lauder-perfectly-clean-multi-action-toning-lotion-refiner-200ml/11141617.html,Toner,"water\aqua\eau, alcohol denat., glycerin, butylene glycol, hypnea musciformis (algae) extract, gellidiela acerosa (algae) extract, hamamelis virginiana (witch hazel), silybum marianum (lady's thistle) extract, bambusa vulgaris (bamboo) extract, pisum sativum (pea) extract, gentiana lutea (gentian) root extract, algae extract, oryza sativa (rice) bran extract, yeast extract\faex\extrait de levure, sucrose, trehalose, lactobionic acid, peg-40 hydrogenated castor oil, sorbitol, caffeine, dipotassium glycyrrhizate, biosaccharide gum - 1, ppg-26-buteth-26, sodium hyaluronate, zinc pca, pentylene glycol, ppg-5-ceteth-20, sodium hydroxide, glucosamine hcl, fragrance (parfum), phytic acid, potassium sorbate, disodium edta, phenoxyethanol",£21.60,"['Dry', 'Oily']","hydration, oil control, under-eye"
Clinique Clarifying Lotion 3 200ml,https://www.lookfantastic.com/clinique-clarifying-lotion-3/11144149.html,Toner,"water / aqua / eau, alcohol denat., salicylic acid, hamamelis virginiana (witch hazel), butylene glycol, glycerin, trehalose, sodium hyaluronate, citric acid, sodium hydroxide, disodium edta, bht, phenoxyethanol, benzophenone-4, violet 2 (ci 60730), red 6 (ci 15850), orange 4 (ci 15510).",£18.00,"['Dry', 'Oily']","acne, hydration, blackheads"
Clinique Clarifying Lotion 3 400ml,https://www.lookfantastic.com/clinique-clarifying-lotion-3/11144149.html,Toner,"water / aqua / eau, alcohol denat., salicylic acid, hamamelis virginiana (witch hazel), butylene glycol, glycerin, trehalose, sodium hyaluronate, citric acid, sodium hydroxide, disodium edta, bht, phenoxyethanol, benzophenone-4, violet 2 (ci 60730), red 6 (ci 15850), orange 4 (ci 15510).",£28.00,"['Dry', 'Oily']","acne, hydration, blackheads"
Estée Lauder Micro Essence Skin Activating Treatment Lotion Fresh with Sakura Ferment 200ml,https://www.lookfantastic.com/estee-lauder-micro-essence-skin-activating-treatment-lotion-fresh-with-sakura-ferment-200ml/12450416.html,Toner,"water\aqua\eau, bifida ferment lysate, propanediol, butylene glycol, glycerin, lactobacillus ferment, betaine, prunus lannesiana flower extract, anthemis nobilis (chamomile) flower extract, laminaria saccharina extract, oryza sativa (rice) lees extract, caffeine, sodium hyaluronate, acetyl hexapeptide-8, trehalose, acetyl glucosamine, glycine soja (soybean) seed extract, caprylyl glycol, peg-75, ppg-5-ceteth-20, carbomer, citric acid, pentylene glycol, tromethamine, disodium edta, sodium citrate, potassium sorbate, phenoxyethanol.",£79.00,"['Dry', 'Sensitive']","hydration, sensitivity, under-eye"
Lancôme Tonique Confort Toner 200ml,https://www.lookfantastic.com/lancome-tonique-confort-toner-various-sizes/11185396.html,Toner,"aqua / water / eau, butylene glycol, glycerin, cyclopentasiloxane, phenoxyethanol, isopropyl palmitate, peg-6 hydrogenated castor oil, triethanolamine, acrylates/c1-3 alkyl acrylate crosspolymer, methylparaben, mel / honey / miel, mannitol, parfum / fragrance, tocopheryl acetate, propylparaben, sodium hyaluronate, cyclodextrin, prunus amygdalus dulcis protein / sweet almond protein, hexyl cinnamal, faex / yeast extract / extrait de levure, alpha-isomethyl ionone, disodium succinate, ci 147 / red 4.",£24.30,['Dry'],hydration
Lancôme Tonique Confort Toner 400ml,https://www.lookfantastic.com/lancome-tonique-confort-toner-various-sizes/11185396.html,Toner,"aqua / water / eau, butylene glycol, glycerin, cyclopentasiloxane, phenoxyethanol, isopropyl palmitate, peg-6 hydrogenated castor oil, triethanolamine, acrylates/c1-3 alkyl acrylate crosspolymer, methylparaben, mel / honey / miel, mannitol, parfum / fragrance, tocopheryl acetate, propylparaben, sodium hyaluronate, cyclodextrin, prunus amygdalus dulcis protein / sweet almond protein, hexyl cinnamal, faex / yeast extract / extrait de levure, alpha-isomethyl ionone, disodium succinate, ci 147 / red 4.",£37.35,['Dry'],hydration
OSKIA Floral Water Toner 30ml,https://www.lookfantastic.com/oskia-floral-water-toner-30ml/12039717.html,Toner,"rosa damascena flower water, dimethyl sulfone (msm), glycerin, panthenol (provitamin b5), hibiscus sabdariffa flower extract, daucus carota sativa (black carrot) juice, aqua (water), citric acid, sodium benzoate, potassium sorbate, maltodextrin.",£14.00,['Dry'],hydration
First Aid Beauty Ultra Repair Wild Oat Soothing Toner 180ml,https://www.lookfantastic.com/first-aid-beauty-ultra-repair-wild-oat-soothing-toner-180ml/12190346.html,Toner,"aqua (water), glycerin, glycereth-26, squalane, sorbitan oleate, avena strigosa seed extract, mel (honey, miel), saccharomyces/honey ferment filtrate, sodium hyaluronate, colloidal oatmeal, avena sativa (oat) kernel extract, propolis extract, glycyrrhiza glabra (licorice) root extract, chrysanthemum parthenium (feverfew) extract, camellia sinensis leaf extract, beta-glucan, acrylates/c10-30 alkyl acrylate crosspolymer, leuconostoc/radish root ferment filtrate, xanthan gum, ethylhexylglycerin, ethylhexyl salicylate, phenoxyethanol, sodium hydroxide, citric acid, potassium sorbate, sodium benzoate, chlorphenesin, sorbic acid, benzoic acid.",£19.00,"['Dry', 'Sensitive']","hydration, brightening, dark spots"
Pai Lotus and Orange Blossom BioAffinity Toner 50ml,https://www.lookfantastic.com/pai-lotus-and-orange-blossom-bioaffinity-skin-tonic-50ml/10528442.html,Toner,"neroli, aqua, nelumbo nucifera (lotus) root water, citrus aurantium amara (orange blossom) flower water, glycerin, rosa damascena flower water, sodium anisate, sodium levulinate, lactic acid.",£30.00,"['Dry', 'Oily']","hydration, uneven texture"
Caudalie Moisturising Toner (100ml),https://www.lookfantastic.com/caudalie-moisturizing-toner-100ml/10727695.html,Toner,"aqua (water), butylene glycol, peg-40 hydrogenated castor oil, methylpropanediol, sodium benzoate, parfum (fragrance), caprylyl glycol, sodium carboxymethyl beta-glucan, citric acid, glycerin, biosaccharide gum-1, phenylpropanol, glyceryl caprylate.",£9.00,['Dry'],hydration
Garnier Organic Thyme Toner 150ml,https://www.lookfantastic.com/garnier-organic-thyme-toner-150ml/12040264.html,Toner,"aqua / water, alcohol denat, hordeum vulgare stem water, thymus vulgaris flower/leaf oil - thyme flower/leaf oil, centaurea cyanus flower water, arginine, coco-betaine, propanediol, caprylyl/capryl glucoside, citric acid, menthol, sodium benzoate, salicylic acid, linalool, limonene.",£5.99,['Oily'],"acne, hydration, blackheads"
DECLÉOR Aroma Cleanse Essential Tonifying Lotion (200ml),https://www.lookfantastic.com/decleor-aroma-cleanse-essential-tonifying-lotion-200ml/10630338.html,Toner,"aqua (water), butylene glycol, glycerin, propanediol, sodium pca, oleth-20, methyl gluceth-20, parfum (fragrance), caprylyl glycol, tocopherol, disodium edta, glycine soja (soybean) oil, limonene, peg-6 isostearate, hexyl cinnamal, linalool, methylisothiazolinone, citrus aurantium amara (bitter orange) oil, camellia sinensis leaf extract, citral, hesperetin laurate.",£26.00,['Dry'],hydration
NUXE Lotion Tonique Douce - Gentle Toning Lotion (200ml),https://www.lookfantastic.com/nuxe-lotion-tonique-douce-gentle-toning-lotion-200ml/10618432.html,Toner,"aqua/water, rosa damascena flower water, hamamelis virginiana (witch hazel) water, glycerin, parfum/fragrance, benzyl alcohol, capryloyl glycine, citric acid, sodium hydroxide, allantoin, coco-glucoside, tetrasodium edta, dehydroacetic acid, caprylyl/capryl glucoside, sodium hyaluronate, linalool.",£15.00,"['Dry', 'Oily', 'Sensitive']",hydration
REN Clean Skincare Clarimatte Clarifying Toner,https://www.lookfantastic.com/ren-clean-skincare-clarimatte-clarifying-toner/10597217.html,Toner,"lavandula angustifolia (lavender) flower water, salix nigra (willow) bark extract, phenoxyethanol, citrus medica limonum (lemon) fruit extract, sodium hydroxymethylglycinate, passiflora quadrangularis fruit extract, ananas sativus (pineapple) fruit extract, vitis vinifera (grape) fruit extract, alcohol denat., mentha piperita (peppermint) extract, linalool, citrus aurantium bergamia (bergamot) fruit extract, potassium sorbate, sodium bisulfite.",£18.00,['All'],general
Sanctuary Spa Daily Glow Radiance Tonic 150ml,https://www.lookfantastic.com/sanctuary-spa-daily-glow-radiance-tonic-150ml/11794092.html,Toner,"aqua (water), prunus amygdalus dulcis (sweet almond) oil, cetearyl alcohol, cetyl esters, theobroma cacao (cocoa) seed butter, glycerin, simmondsia chinensis (jojoba) seed oil, bentonite, cera alba (beeswax), polysorbate 60, sorbitan stearate, phenoxyethanol, benzyl alcohol, solum diatomeae (diatomaceous earth), mica, carbomer, disodium edta, maltodextrin, citric acid, sodium stearoyl glutamate, tocopheryl acetate, polymethylsilsesquioxane, carica papaya (papaya) fruit extract, hydrolyzed hyaluronic acid, pelargonium odoratissimum oil, citronellol, geraniol, sodium hydroxide, linalool, rosa centifolia flower extract, citral, xanthan gum, sodium benzoate, diamond powder, lactic acid, quartz powder, potassium sorbate, ci 77891 (titanium dioxide), ci 77491 (iron oxides), ci 77499 (iron oxides).",£10.00,"['Dry', 'Oily']","hydration, sun protection, uneven texture, firmness"
PIXI Milky Tonic 250ml,https://www.lookfantastic.com/pixi-milky-tonic-250ml/12040116.html,Toner,"aqua/water/eau, glycerin, ethylhexyl palmitate, dipropylene glycol, cetyl ethylhexanoate, phenoxyethanol, polyglyceryl-10, oleate, ethylhexylglycerin, peg-60 hydrogenated castor oil, cetearyl, isononanoate, allantoin, ceteareth-20, trideceth-10, hydrolyzed, glycosaminoglycans, hydrogenated lecithin, glyceryl stearate, ceteareth-12, cetyl alcohol, cetearyl alcohol, cetyl palmitate, disodium, edta, parfum/fragrance, citric acid, benzoic acid, lecithin, avena, strigosa seed extract.",£18.00,"['Dry', 'Sensitive']",hydration
GLAMGLOW Supertoner 200ml,https://www.lookfantastic.com/glamglow-supertoner-200ml/12036337.html,Toner,"water/aqua/eau, alcohol denat, propanediol, mandelic acid, glycolic acid, salicylic acid, lactic acid, tartaric acid, pyruvic acid, charcoal powder, eucalyptus globulus leaf powder, eucalyptus globulus leaf, hamamelis virginiana (witch hazel) extract, algae extract, salix alba (willow) bark extract, nylon-12, aloe barbadensis leaf juice, mentha piperita (peppermint) oil, sodium hydroxide, citric acid, fragrance (parfum), limonene, linalool, disodium edta, phenoxyethanol, mica, titanium dioxide (ci 77891), iron oxides (ci 77499).",£29.00,"['Dry', 'Oily']","acne, sun protection, oil control, blackheads, uneven texture"
OSKIA Floral Water Toner 150ml,https://www.lookfantastic.com/oskia-floral-water-toner/12039716.html,Toner,"rosa damascena flower water, dimethyl sulfone (msm), glycerin, panthenol (provitamin b5), hibiscus sabdariffa flower extract, daucus carota sativa (black carrot) juice, aqua (water), citric acid, sodium benzoate, potassium sorbate, maltodextrin.",£56.00,['Dry'],hydration
Neal's Yard Remedies Rehydrating Rose Toner 200ml,https://www.lookfantastic.com/neal-s-yard-remedies-rehydrating-rose-toner-200ml/11926856.html,Toner,"aqua (water), alcohol denat., aloe barbadensis (aloe vera) leaf juice powder, rosa damascena (rose) essential oil, levulinic acid, glycerin, potassium sorbate, coco-glucoside, citronellol, eugenol, farnesol, geraniol, linalool.",£16.00,"['Dry', 'Sensitive']","hydration, sensitivity"
Pai Skincare Rice Plant and Rosemary BioAffinity Skin Tonic 50ml,https://www.lookfantastic.com/pai-skincare-rice-plant-and-rosemary-bioaffinity-skin-tonic-50ml/10528444.html,Toner,"aqua (purified water), nelumbo nucifera root water (lotus water), glycerin (organic derived vegetable glycerine), rosa damascena flower water (rose water), citrus aurantium amara flower oil (orange blossom oil), sodium anisate (naturally derived preservative), sodium levulinate (naturally derived preservative), lactic acid (ph regulator)",£30.00,"['Dry', 'Oily']","hydration, uneven texture"
Sukin Mist Lavender Toner 125ml,https://www.lookfantastic.com/sukin-mist-lavender-toner-125ml/12552283.html,Toner,"water (aqua), glycerin, chamomilla recutita (matricaria) flower extract (chamomile), lavandula angustifolia (lavender) oil, caprylyl/capryl glucoside, sodium cocoyl glutamate, polyglyceryl-5 oleate, glyceryl caprylate, citric acid, phenoxyethanol, limonene, linalool.",£7.95,"['Dry', 'Sensitive']","hydration, sensitivity"
Elizabeth Arden Ceramide Purifying Toner (200ml),https://www.lookfantastic.com/elizabeth-arden-ceramide-purifying-toner-200ml/10305956.html,Toner,"water (aqua), alcohol denat, isododecane, glycerin, ceramide 3, isostearic acid, chamomile extract (anthemis nobilis), mallow extract (malva sylvestris), rosemary extract (rosemarinus officinalis), sambucus nigra extract, sage extract (salvia officinalis), yeast extract (faex), cholesterol, propylene glycol, sorbitan oleate, triethanolamine, citric acid, phenoxyethanol, methylparaben, butylparaben, ethylparaben, propylparaben, fd&c red 4 (cl 14700), fd&c yellow 5 (cl 19140).",£25.00,"['Dry', 'Sensitive', 'Normal']","hydration, sensitivity"
Garnier Natural Rose Water Toner for Sensitive Skin 200ml,https://www.lookfantastic.com/garnier-natural-rose-water-toner-for-sensitive-skin-200ml/12171438.html,Toner,"aqua / water, glycerin, alcohol denat. rosa damascena flower water, sodium hydroxide, sodium phytate, arginine, propanediol, caprylyl / capryl glucoside, citric acid, salicylic acid, linalool, parfum / fragrance.",£5.99,"['Dry', 'Oily']","acne, hydration, blackheads"
Lancôme Tonique Douceur Toner 200ml,https://www.lookfantastic.com/lancome-tonique-douceur-toner-various-sizes/11185393.html,Toner,"aqua / water / eau, glycerin, sodium citrate, ci 42090 / blue 1, ci 14700 / red 4, peg-60 hydrogenated castor oil, chlorphenesin, sambucus nigra flower, water, linalool, benzyl alcohol, propylparaben, alpha-isomethyl ionone, geraniol, rosa centifolia flower water, rosa centifolia water / rosa centifolia flower water, methylparaben, tetrasodium edta, citronellol, hexylene glycol, parfum / fragrance",£24.30,['Dry'],hydration
Lancôme Tonique Douceur Toner 400ml,https://www.lookfantastic.com/lancome-tonique-douceur-toner-various-sizes/11185393.html,Toner,"aqua/water/eau, glycerin, sodium citrate, ci 42090 / blue 1, ci 14700 / red 4, peg-60 hydrogenated castor oil, chlorphenesin, sambucus nigra flower, water, linalool, benzyl alcohol, propylparaben, alpha-isomethyl ionone, geraniol, rosa centifolia flower water, rosa centifolia water / rosa centifolia flower water, methylparaben, tetrasodium edta, citronellol, hexylene glycol, parfum/fragrance",£37.35,['Dry'],hydration
Murad Hydrating Toner 180ml,https://www.lookfantastic.com/murad-hydrating-toner-180ml/12086583.html,Toner,"water/aqua/eau, butylene glycol, hamamelis virginiana (witch hazel) water, urea, yeast amino acids, trehalose, inositol, taurine, betaine, chondrus crispus (carrageenan) extract, prunus persica (peach) fruit extract, anthemis nobilis flower extract, sodium pca, lecithin, tocopherol, magnesium ascorbyl phosphate, vitis vinifera (grape) seed extract, glycerin, cucumis sativus (cucumber) fruit extract, peg-12 dimethicone, peg-40 hydrogenated castor oil, sodium citrate, disodium edta, phenoxyethanol, caprylyl glycol, chlorphenesin, sodium benzoate, benzyl salicylate, geraniol, linalool, citronellol, fragrance (¬parfum), orange 4 (ci 15510), red 4 (ci 14700).",£25.84,"['Dry', 'Oily', 'Normal']",hydration
NIP+FAB Vitamin C Fix Tonic 100ml,https://www.lookfantastic.com/nip-fab-vitamin-c-fix-tonic-100ml/12192684.html,Toner,"aqua (water), glycerin, butylene glycol, lactic acid, polysorbate 20, phenoxyethanol, ascorbic acid, benzyl alcohol, sodium hydroxide, parfum (fragrance), disodium edta, panthenol, sodium sulfite, ethylhexylglycerin, 1-methylhydantoin-2-imide, dehydroacetic acid, limonene, camellia sinensis (green tea) leaf extract, coffea arabica (coffee) seed extact, euterpe oleracea fruit extract, garcinia mangostana fruit extract, hydrolyzed lycium barbarum fruit extract, morinda citrifolia fruit extract, punica granatum fruit juice.",£19.95,"['Dry', 'Oily', 'Sensitive', 'Normal']","hydration, sensitivity, uneven texture"
Peter Thomas Roth Glycolic Acid 8% Toner,https://www.lookfantastic.com/peter-thomas-roth-glycolic-acid-8-toner/11520699.html,Toner,"water/aqua/eau, glycolic acid, alcohol denat., methyl gluceth-20, propylene glycol, hamamelis virginiana (witch hazel) water, sodium hydroxide, glycerin, sodium pca, aloe barbadensis leaf juice, allantoin, camellia sinensis leaf extract, chamomilla recutita (matricaria) flower extract, arginine, sodium ascorbyl phosphate, lactic acid, citric acid, polysorbate 20, butylene glycol, potassium sorbate, sodium benzoate, benzoic acid, phenoxyethanol.",£34.00,"['Dry', 'Oily', 'Sensitive']","hydration, uneven texture"
NIP+FAB Retinol Fix Tonic Extreme 100ml,https://www.lookfantastic.com/nip-fab-retinol-fix-tonic-extreme-100ml/12192675.html,Toner,"aqua (water), glycerin, peg-40 hydrogenated castor oil, butylene glycol, phenoxyethanol, bisabolol, benzyl alcohol, retinyl palmitate, parfum (fragrance), disodium edta, panthenol, ethylhexylglycerin, 1-methylhydantoin-2-imide, sodium hydroxide, dehydroacetic acid, carbomer, sodium lactate, benzyl  salicylate, polysorbate 20, hexyl cinnamal, tocopherol, linalool, palmitoyl tripeptide-1, palmitoyl tetrapeptide-7.",£24.95,"['Dry', 'Sensitive']",hydration
Darphin Intral Toner (200ml),https://www.lookfantastic.com/darphin-intral-toner-200ml/10365919.html,Toner,"aqua, pentylene glycol, crataegus monogina flower extract, chamomila recutita flower extract, alteromanas ferment extract, ppg-26-buteth-26, peg 40 hydrogenated castor oil, benzophenone-4, fragrance (parfum), butylene glycol, citric acid, sodium hydroxide, xanthan gum, sodium citrate, disodium edta, sodium benzoate, red 4 (ci 14 700), ext. violet 2 (ci 60 730).",£30.00,['All'],general
Bobbi Brown Extra Treatment Lotion 150ml,https://www.lookfantastic.com/bobbi-brown-extra-treatment-lotion-150ml/11511561.html,Toner,"water\aqua\eau, methyl gluceth-20, bis-peg-18 methyl ether dimethyl silane, glycerin, sucrose, glycereth-26, pelargonium graveolens (geranium) flower oil, citrus aurantium amara (bitter orange) oil, citrus grandis (grapefruit) peel oil, rosmarinus officinalis (rosemary), anthemis nobilis (chamomile), peg-8, caffeine, ppg-5-ceteth-20, polysorbate 20, jojoba wax peg-120 esters, alcaligenes polysaccharides, caprylyl glycol, sodium pca, polyquaternium-51, urea, trehalose, sodium hyaluronate, hexylene glycol, potassium sorbate, disodium edta, limonene, citronellol, geraniol, linalool, phenoxyethanol",£48.50,"['Dry', 'Sensitive']","hydration, sensitivity, under-eye"
MÁDARA Balancing Toner 200ml,https://www.lookfantastic.com/madara-balancing-toner-200ml/11328744.html,Toner,"aqua, rosa damascena (rosa) flower water, glycerin, rubus idaeus (raspberry) seed oil, cucumis sativus (cucumber) fruit extract, hamamelis virginiana (witch-hazel) leaf water, plantago major (plantain) leaf extract, sodium pca, xylitylglucoside, betaine, anhydroxylitol, chamomilla recutita (camomile) flower extract, propanediol, benzyl alcohol, sodium benzoate, xylitol, potassium sorbate, lactic acid, rhamnose, glucose, glucuronic acid",£17.00,"['Dry', 'Oily']","hydration, uneven texture"
Natio Rehydrating Toner (200ml),https://www.lookfantastic.com/natio-rehydrating-toner-200ml/10562427.html,Toner,"water (aqua), glycerin, sodium pca, aloe barbadensis leaf juice, peg-60 almond glycerides, phenoxyethanol, caprylyl glycol, citrus aurantium dulcis (orange) peel oil, lavandula angustifolia (lavender) oil, cedrus atlantica bark oil, fragrance (parfum), rosa canina fruit oil, bisabolol, benzophenone-4, tetrasodium edta.",£10.00,"['Dry', 'Sensitive']",hydration
A'kin Rose Mist Toner 150ml,https://www.lookfantastic.com/a-kin-rose-mist-toner-150ml/12026926.html,Toner,"rosa centifolia flower water, aloe barbadensis leaf juice+, aqua (water), macadamia ternifolia seed oil, polyglyceryl-10 laurate, sorbitol, heptyl glucoside, sodium gluconate, sodium levulinate, ethylhexylglycerin, potassium sorbate, citric acid.",£12.50,['Dry'],hydration
The Organic Pharmacy Herbal Toner 100ml,https://www.lookfantastic.com/the-organic-pharmacy-herbal-toner-100ml/12100151.html,Toner,"aloe (aloe barbadensis), aqua (water), witch hazel (hammamelis virginia), marshmallow (althea officinalis), marigold (calendula officinalis) extract, green tea (camellia sinensis), blue chamomile (marticaria chamomilla), horsetail (equisetum arvense), eucalyptus (eucalyptus globulus, st johns wort (hypericum perforatum), lavender (lavandula officinalis), peppermint (mentha piperita), rose (rosa damascena), elderflower (sambucus nigra), chickweed (stellaria media), symphytum, coltsfoot, nettles (urtica dioca), grapefruit (citrus grandis), lemon (citrus limonum), styrax benzoin resin extract, citral, limonene.",£35.00,"['Oily', 'Sensitive', 'Normal']",sensitivity
Oh K! SOS PH Balancing Gel Toner,https://www.lookfantastic.com/oh-k-sos-ph-balancing-gel-toner/12434723.html,Toner,"aqua (water), butylene glycol, 1,2-hexanediol, carbomer, arginine, allantoin, hydroxyethylcellulose, melaleuca alternifolia (tea tree) leaf extract, hamamelis virginiana (witch hazel) extract, ethylhexylglycerin, disodium edta.",£12.00,"['Dry', 'Oily', 'Sensitive']","acne, hydration, oil control"
Holika Holika Good Cera Super Ceramide Toner,https://www.lookfantastic.com/holika-holika-good-cera-super-ceramide-toner/11693545.html,Toner,"water, butylene glycol, glycerin, betaine, 1,2-hexanediol, diphenylsiloxy phenyl trimethicone, triethylhexanoin, polyglyceryl-10 myristate, glyceryl polymethacrylate, aleuritic acid, yeast extract, glycoproteins, sodium hyaluronate, polyquaternium-51, hydrogenated lecithin, caprylic/capric triglyceride, cetearyl alcohol, cetearyl glucoside, glyceryl stearate, stearic acid, phytosteryl/ isostearyl/ cetyl/ stearyl/ behenyl dimer dilinoleate, ceramide np, hydrogenated polydecene, butyrospermum parkii (shea) butter, ceteareth-20, glyceryl citrate/ lactate/ linoleate/ oleate, hydroxypropyl bispalmitamide mea, glycosphingolipids, ceramide ap, ceramide eop, meadowfoam estolide, glycine soja (soybean) sterols, ethylhexyl isononanoate, polysorbate 20, acrylates/c10-30 alkyl acrylate crosspolymer, tromethamine, alteromonas ferment extract, bacillus ferment, panthenol, dipropylene glycol, lavandula angustifolia (lavender) oil, citrus grandis (grapefruit) peel oil, cymbopogon citratus leaf oil, pelargonium graveolens oil, citrus aurantium dulcis (orange) peel oil, pogostemon cablin oil, santalum album (sandalwood) oil, chamomilla recutita (matricaria) flower oil, glycerylamidoethyl methacrylate/ stearyl methacrylate copolymer, xanthan gum, theobroma cacao (cocoa) seed extract, propylene glycol, niacinamide, allantoin, disodium edta, ethylhexylglycerin.",£19.95,"['Dry', 'Oily', 'Sensitive', 'Normal']","acne, hydration, brightening, dark spots, oil control, under-eye"
The Ritual of Namasté Clarifying Facial Toner,https://www.lookfantastic.com/the-ritual-of-namaste-clarifying-facial-toner/12063723.html,Toner,"aqua/water, aloe barbadensis leaf juice, rosa damascena flower water, glycerin, phragmites kharka extract, poria cocos extract, nelumbo nucifera flower extract, alpha-glucan oligosaccharide, polyglyceryl-10 laurate, tocopherol, citric acid, sodium citrate, sodium hydroxide, potassium sorbate, benzoic acid, dehydroacetic acid, sodium benzoate, benzyl alcohol, citronellol.",£11.90,['Dry'],hydration
Holika Holika Aloe Soothing Essence 98% Toner,https://www.lookfantastic.com/holika-holika-aloe-soothing-essence-98-toner/12061936.html,Toner,"water, 1,2-hexanediol, methylpropanediol, glycereth-26, aloe barbadensis leaf extract, ectoin, aloe barbadensis leaf juice, allantoin, melissa officinalis leaf extract, centella asiatica extract, dioscorea japonica root extract, laminaria japonica extract, propanediol, succinoglycan, polyglyceryl-10 laurate, pentylene glycol, xylitol, glycerin, disodium edta, ethylhexylglycerin, sodium benzoate, citric acid, fragrance.",£20.95,"['Dry', 'Sensitive']","hydration, sensitivity"
Mavala Clean & Comfort Caress Toning Lotion 200ml,https://www.lookfantastic.com/mavala-clean-comfort-caress-toning-lotion-200ml/11484410.html,Toner,"water (aqua), butylene glycol, glycerin, aloe barbadensis leaf extract, malva sylvestris (mallow) flower extract, allantoin, citric acid, disodium edta, disodium phosphate, glyceryl stearate, maltodextrin, methylcellulose, peg-40 hydrogenated castor oil, polysorbate 65, ppg-26-buteth-26, simethicone, sodium hydroxide, fragrance (parfum), ethylparaben, methylparaben, phenoxyethanol, potassium sorbate, propylparaben, red 4 (ci 14700).",£10.00,"['Dry', 'Sensitive']",hydration
Mavala Pore Detox Perfecting Toning Lotion 200ml,https://www.lookfantastic.com/mavala-pore-detox-perfecting-toning-lotion-200ml/11484407.html,Toner,"water (aqua), hamamelis virginiana (witch hazel) water, butylene glycol, alcohol denat., honey cocoates, alcohol, epilobium fleischeri extract, malva sylvestris (mallow) flower extract, allantoin, aloe barbadensis leaf extract, citric acid, disodium phosphate, ethylhexylglycerin, glycerin, glyceryl stearate, lactobacillus ferment, maltodextrin, methylcellulose, peg-40 hydrogenated castor oil, polysorbate 65, ppg-26-buteth-26, simethicone, fragrance (parfum), phenoxyethanol, blue 1 (ci 42090), yellow 5 (ci 19140).",£10.00,"['Dry', 'Oily', 'Sensitive']",hydration
Weleda Refining Toner (100ml),https://www.lookfantastic.com/weleda-refining-toner-100ml/10540670.html,Toner,"water (aqua), alcohol, rosa moschata leaf extract, hamamelis virginiana (witch hazel) distillate, citrus medica limonum (lemon) juice, fragrance (parfum), limonene, linalool, geraniol, citral.",£11.95,['Oily'],general
MÁDARA Clarifying Toner 200ml,https://www.lookfantastic.com/madara-clarifying-toner-200ml/11328743.html,Toner,"aqua, alcohol, rosa damascena (rose) flower water, acorus calamus (sweet flag) root extract, betaine glycerin, cucumis sativus (cucumber) fruit extract, quercus robur (oak) bark extract, salvia officinalis (salvia) leaf extract, salicylic acid.",£17.00,"['Dry', 'Oily']","acne, hydration, blackheads"
Avant Skincare Proactive Mandelic Acid Restoring and Anti-Pollution Toner 200ml,https://www.lookfantastic.com/avant-skincare-proactive-mandelic-acid-restoring-and-anti-pollution-toner-200ml/12542198.html,Toner,"allantoin, aqua (water), diglycerin, ethylhexylglycerin, glycerin, hydrolyzed wheat protein, lactic acid, lysine, mandelic acid, parfum (fragrance), pca, phenoxyethanol, polysorbate 20, potassium sorbate, saccharomyces/copper ferment, saccharomyces/iron ferment, saccharomyces/magnesium ferment, saccharomyces/silicon ferment, saccharomyces/zinc ferment, sodium pca, sorbitol, urea.",£76.00,"['Dry', 'Oily', 'Sensitive']","hydration, oil control, uneven texture"
Garnier Natural Aloe Extract Toner for Normal Skin 200ml,https://www.lookfantastic.com/garnier-natural-aloe-extract-toner-for-normal-skin-200ml/12171435.html,Toner,"aqua / water, alcohol denat., glycerin, aloe barbadensis leaf juice powder, vitis vinifera fruit water / grape fruit water, sodium hydroxide, sodium phytate, caprylyl / capryl glucoside, salicylic acid, parfum / fragrance.",£12.99,"['Dry', 'Oily']","acne, hydration, blackheads"
StriVectin Tri-Phase Daily Glow Toner 147ml,https://www.lookfantastic.com/strivectin-tri-phase-daily-glow-toner-147ml/12024345.html,Toner,"water/aqua/eau, dimethicone, squalane, hexylene glycol, butylene glycol, sodium chloride, glycerin, sodium hyaluronate, myristyl nicotinate, glycyrrhiza uralensis (licorice) root extract, daucus carota sativa (carrot) root extract, rice amino acids, diglucosyl gallic acid, beta-carotene, jania rubens extract, glycine soja (soybean) oil, boswellia serrata gum, mandelic acid, leuconostoc/radish root ferment filtrate, malic acid, sodium carrageenan, lactic acid, bacillus/sea salt ferment filtrate, disodium edta, honey/mel/miel, salicylic acid, aminomethyl propanol, citric acid, ethylhexylglycerin, tocopherol, dipropylene glycol, pentylene glycol, fragrance (parfum), cetrimonium chloride, phenoxyethanol, benzoic acid, benzyl benzoate, geraniol, benzyl salicylate, citronellol, citral, limonene, linalool, benzyl alcohol, ci 42090 (blue 1), ci 17200 (red 33).",£29.00,"['Dry', 'Oily', 'Normal']","acne, hydration, brightening, dark spots, blackheads, uneven texture"
Holika Holika Prime Youth Black Snail Repair Toner,https://www.lookfantastic.com/holika-holika-prime-youth-black-snail-repair-toner/11693554.html,Toner,"snail secretion filtrate, water, butylene glycol, alcohol denat., glycereth-26, niacinamide, dipropylene glycol, portulaca oleracea extract, glycerin, peg-7 caprylic/capric glycerides, beta-glucan, peg-32, peg-60 hydrogenated castor oil, tromethamine, carbomer, punica granatum fruit extract, panax ginseng callus culture extract, brassica napus sprout extract, yeast extract, glycine soja (soybean) phytoplacenta extract, pearl powder, caprylhydroxamic acid, caprylyl glycol, adenosine, disodium edta, sodium hyaluronate, phenoxyethanol, sodium benzoate, potassium sorbate, fragrance.",£39.95,"['Dry', 'Oily', 'Normal']","acne, hydration, brightening, dark spots, oil control, under-eye"
AromaWorks Purity Face Toner 100ml,https://www.lookfantastic.com/aromaworks-purity-face-toner-100ml/11328801.html,Toner,"aqua, aloe barbadensis leaf juice powder, glycerin, arnica montana flower extract, althaea officinalis (marshmallow) extract, cucumis sativus (cucumber) extract, camellia sinensis (green tea) leaf extract, glycrrhiza globra (liquorice) root extract, lavandula angustifolia flower extract, camomilla recutita (chamomile) flower extract, potassium sorbate.",£12.99,"['Dry', 'Sensitive', 'Normal']","hydration, sensitivity"
RENU Soft Touch Toner 180ml,https://www.lookfantastic.com/renu-soft-touch-toner-180ml/10556721.html,Toner,"aqua (water), aloe barbadensis leaf juice, glycerin, phenoxyethanol, peg-40 hydrogenated castor oil, biosaccharide gum-1, sodium hyaluronate, panthenol, sodium ascorbyl phosphate, parfum, linalool, limonene, benzyl benzoate, farnesol, geraniol, benzyl salicylate, glyceryl acrylate/acrylic acid copolymer, xanthan gum, disodium edta, trideceth-9, potassium sorbate, ethylhexylglycerin",£29.95,['Dry'],hydration
Holika Holika AC MILD Toner,https://www.lookfantastic.com/holika-holika-ac-mild-toner/12061928.html,Toner,"water, alcohol, propanediol, amaranthus caudatus seed extract, pentylene glycol, ulmus davidiana root extract, phenoxyethanol, ceramide np, centella asiatica extract, ficus carica (fig) fruit extract, hydrogenated lecithin, chrysanthemum morifolium flower extract, pyrus malus (apple) fruit extract, sodium citrate, laurus nobilis leaf extract, mentha piperita (peppermint) extract, eruca sativa leaf extract, ethylhexylglycerin, citric acid, disodium edta, fragrance, peg-40 hydrogenated castor oil, citrus aurantium dulcis (orange) oil, butylene glycol, citrus limon (lemon) fruit oil, citrus aurantium bergamia (bergamot) fruit oil, cymbopogon schoenanthus oil, cymbopogon nardus (citronella) oil, geranium maculatum oil.",£19.95,"['Dry', 'Sensitive', 'Normal']","hydration, sensitivity"
Embryolisse Eau De Beaute Rosamelis - Flower Waters Toner 50ml,https://www.lookfantastic.com/embryolisse-eau-de-beaute-rosamelis-flower-waters-toner/12220279.html,Toner,"aqua, rosa damascena flower, glycerin, centaurea cyanus flower water, citrus aurantium amara water, hamamelis virginiana flower, polyaminopropyl biguanide, sodium hydroxyde, ppg-26 buteth-26, peg-40 hydrogenated castor oil, lactic acid, parfum, citric acid, sodium benzoate, potassium benzoate.",£5.99,"['Dry', 'Oily']","hydration, uneven texture"
Holika Holika Less On Skin Toner,https://www.lookfantastic.com/holika-holika-less-on-skin-toner/11693551.html,Toner,"water, butylene glycol, glycerin, 1,2-hexanediol, cellulose, biosaccharide gum-4, ammonium acryloyldimethyltaurate / vp copolymer, sodium hyaluronate, disodium edta, ethylhexylglycerin.",£21.95,['Dry'],hydration
By Terry Detoxilyn City Essence Toner,https://www.lookfantastic.com/by-terry-detoxilyn-city-essence-toner/11729219.html,Toner,"aqua / water / eau, butylene glycol, ethylhexyl methoxycinnamate, isotridecyl isononanoate, ethylhexyl salicylate, dimethicone, butyl methoxydibenzoylmethane, pentylene glycol, dextrin palmitate, phenoxyethanol, acrylates/c10-30 alkyl acrylate crosspolymer, peg-60 glyceryl isostearate, parfum / fragrance, carbomer, tocopherol, sodium hydroxide, palmitic acid, disodium edta, hexyl cinnamal, linalool, limonene, bht, benzyl salicylate, hydroxycitronellal, alpha-isomethyl ionone, geraniol, eugenol.",£62.00,['All'],general
First Aid Beauty KP Bump Eraser Body Scrub with 10% AHA 226ml,https://www.lookfantastic.com/first-aid-beauty-kp-bump-eraser-body-scrub-with-10-aha-226ml/12208246.html,Exfoliator,"pumice, water/aqua/eau, glycolic acid, sodium cocoyl isethionate, lactic acid, dimethicone, stearic acid, cetearyl alcohol, sodium hydroxide, palmitic acid, glycerin, c12-15 alkyl benzoate, sorbitol, colloidal oatmeal, tocopherol, chrysanthemum parthenium (feverfew) extract, camellia sinensis leaf extract, glycyrrhiza glabra (licorice) root extract, salix nigra (willow) bark extract, bisabolol, hydrogenated coconut acid, xanthan gum, steareth-20, steareth-21, myristic acid, sodium isethionate, phenoxyethanol, potassium sorbate, sodium benzoate, leuconostoc/radish root ferment filtrate, edta.",£22.00,"['Dry', 'Oily', 'Sensitive']","hydration, brightening, dark spots, uneven texture"
Neutrogena Refreshingly Clear Daily Exfoliator 150ml,https://www.lookfantastic.com/neutrogena-refreshingly-clear-daily-exfoliator-150ml/12309589.html,Exfoliator,"aqua, glycerin, sodium laureth sulfate, cellulose, lauryl glucoside, acrylates/c10-30 alkyl acrylate crosspolymer, citrus grandis fruit extract, propylene glycol, sodium benzotriazolyl butylphenol sulfonate, disodium edta, citric acid, sodium hydroxide, sodium ascorbyl phosphate, sodium benzoate, parfum, ci 16035, ci 60725.",£4.99,['Dry'],hydration
Frank Body Original Coffee Scrub 200g,https://www.lookfantastic.com/frank-body-original-coffee-scrub-200g/11771303.html,Exfoliator,"coffea robusta seed powder (coffee), prunus amygdalus dulcis (sweet almond) oil, water (aqua), sodium chloride (salt), sucrose (brown sugar), citrus aurantium dulcis (orange) oil, tocopherol (vitamin e), glycine soja (soybean) oil, benzyl alcohol (cinnamon derived).",£12.95,['Normal'],general
Clinique 7 Day Scrub Cream Rinse-Off Formula 100ml,https://www.lookfantastic.com/clinique-7-day-scrub-cream-rinse-off-formula-100ml/11144733.html,Exfoliator,"water\aqua\eau, tridecyl stearate, tridecyl trimellitate, dipentaerythrityl hexacaprylate/hexacaprate, butylene glycol, glyceryl stearate, cocos nucifera (coconut) oil, caprylic/capric triglyceride, silica, cetearyl alcohol, ceteareth-20, sorbitol, hexyldecyl stearate, bisabolol, disodium cocoamphodipropionate, triethanolamine, oleth-10 phosphate, caprylyl glycol, 1,2-hexanediol, stearyl alcohol, carbomer, disodium edta, phenoxyethanol, potassium sorbate, chlorphenesin",£21.00,['Sensitive'],general
Liz Earle Gentle Face Exfoliator 70ml Pump,https://www.lookfantastic.com/liz-earle-gentle-face-exfoliator-70ml-pump/12528875.html,Exfoliator,"aqua (water), caprylic/capric triglyceride, theobroma cacao (cocoa) seed butter, jojoba esters, cetearyl alcohol, cetyl esters, glycerin, cera alba (beeswax), polysorbate 60, sorbitan stearate, eucalyptus globulus leaf oil, prunus amygdalus dulcis (sweet almond) oil, phenoxyethanol, panthenol, benzoic acid, dehydroacetic acid, limonene, ethylhexylglycerin, sodium hydroxide.",£16.50,['Dry'],hydration
Sukin Super Greens Facial Scrub 125ml,https://www.lookfantastic.com/sukin-super-greens-facial-scrub-125ml/11142347.html,Exfoliator,"water (aqua), aloe barbadensis leaf juice, sesamum indicum (sesame) seed oil, cetearyl alcohol, bambusa arundinacea stem powder (bamboo), cetyl alcohol, ceteareth-20, jojoba esters, spirulina platensis extract, chlorella vulgaris extract, petroselinum crispum (parsley) extract, brassica oleracea acephala leaf extract (kale), glycerin, simmondsia chinensis (jojoba) seed oil, rosa canina fruit oil (rose hip), citrus aurantifolia (lime) peel oil, ananas sativus (pineapple) fruit extract, glycyrrhiza glabra (licorice) root extract, fragrance (parfum), tocopherol, citric acid, phenoxyethanol, benzyl alcohol.",£9.99,['Dry'],"hydration, brightening, dark spots"
Avene Gentle Exfoliating Scrub 75ml,https://www.lookfantastic.com/avene-gentle-exfoliating-scrub-75ml/11491747.html,Exfoliator,"avene thermal spring water (avene aqua), glycerin, pentylene glycol, hydroxyethyl acrylate/sodium acryloyldimethyl taurate copolymer, water (aqua), niacinamide, cellulose acetate, ascorbyl palmitate, cetrimonium bromide, citric acid, coco-glucoside, fragrance (parfum), glyceryl oleate, hydrogenated palm glycerides citrate, jojoba esters, lecithin, polysorbate 60, red 30 (ci 73360), sodium salicylate, sorbitan isostearate, talc, tocopherol, trisodium ethylenediamine disuccinate, zinc gluconate.",£13.00,"['Dry', 'Oily', 'Normal']","acne, hydration, brightening, dark spots, oil control, under-eye"
Frank Body Shimmer Scrub 220g,https://www.lookfantastic.com/frank-body-shimmer-scrub-220g/11771307.html,Exfoliator,"sucrose (sugar), vitis vinifera (grape) seed oil, sodium chloride (salt), coffea arabica seed powder (coffee), glycine soja (soybean) oil, daucus carota sativa (carrot) root extract, tocopherol (vitamin e), fragrance (parfum), beta-carotene, mica, titanium dioxide, iron oxide.",£13.95,['Normal'],sun protection
Clinique Exfoliating Scrub 100ml,https://www.lookfantastic.com/clinique-exfoliating-scrub-100ml/11144734.html,Exfoliator,"water\aqua\eau, glyceryl stearate, silica, hexylene glycol, disodium cocoamphodiacetate, disodium oleamido mipa-sulfosuccinate, magnesium aluminum silicate, salicylic acid, stearamidoethyl diethylamine, oleamide mipa, trisodium sulfosuccinate, sodium sulfate, phenoxyethanol, methylisothiazolinone, titanium dioxide (ci 77891)",£21.00,['Oily'],"acne, sun protection, blackheads"
Neutrogena Oil Balancing Daily Exfoliator 150ml,https://www.lookfantastic.com/neutrogena-oil-balancing-daily-exfoliator-150ml/12309592.html,Exfoliator,"aqua, glycerin, sodium laureth sulfate, cellulose, lauryl glucoside, acrylates/c10-30 alkyl acrylate crosspolymer, aloe barbadensis leaf juices, citrus aurantifolia juice, propylene glycol, menthyl lactate, disodium edta, citric acid, sodium hydroxide, sodium sulfite, sodium benzoate, potassium sorbate, parfum, ci 15985, ci 42090.",£4.71,['Dry'],hydration
Frank Body Coconut Coffee Scrub 200g,https://www.lookfantastic.com/frank-body-coconut-coffee-scrub-200g/11771304.html,Exfoliator,"coffea robusta seed powder (coffee), water (aqua), vitis vinifera (grape) seed oil, olus (vegetable) oil, cocos nucifera (coconut) fruit, cocos nucifera (coconut) oil, sodium chloride (salt), sucrose (brown sugar), jojoba esters, fragrance (parfum), tocopherol (vitamin e), glycine soja (soybean) oil, benzyl alcohol (cinnamon derived).",£13.95,['Normal'],general
Neutrogena Hydro Boost Exfoliator Smoothing Gel 150ml,https://www.lookfantastic.com/neutrogena-hydro-boost-exfoliator-smoothing-gel-150ml/11433780.html,Exfoliator,"aqua, sodium c14-16 olefin sulfonate, cocamidopropyl hydroxysultaine, glycerin, sodium hydrolyzed potato starch dodecenylsuccinate, acrylates crosspolymer-4, cellulose, carica papaya fruit extract, hydrolyzed hyaluronic acid, sodium chloride, polysorbate 20, disodium edta, citric acid, glycolic acid, lactic acid, sodium hydroxide, phenoxyethanol, sodium benzoate, parfum.",£7.99,"['Dry', 'Oily']","hydration, uneven texture, firmness"
JASON Brightening Apricot Scrubble (128ml),https://www.lookfantastic.com/jason-brightening-apricot-scrubble-113g/10546512.html,Exfoliator,"aqua (water), cocamidopropyl betaine, glyceryl stearate se, cetyl alcohol, juglans regia (walnut) shell powder, glycerin, stearic acid, aloe barbadensis leaf juice, calendula officinalis flower extract, chamomilla recutita (matricaria) flower extract, prunus armeniaca (apricot) kernel oil, simmondsia chinensis (jojoba) seed oil, allantoin, steareth-20, xanthan gum, alcohol, phenoxyethanol, potassium sorbate, sodium benzoate, fragrance (parfum).",£5.99,"['Dry', 'Sensitive']","hydration, sensitivity"
Frank Body Original Face Scrub Pouch,https://www.lookfantastic.com/frank-body-original-face-scrub-pouch/12488227.html,Exfoliator,"aqua, kaolin, bambusa arundinacea stem powder, cetearyl olivate, coffea arabica seed powder, juglans regia (walnut) shell powder, sorbitan olivate, sodium lauroyl methyl isethionate, vitis vinifera (grape) seed oil, glycerin, mel, prunus amygdalus dulcis (sweet almond) oil, benzyl alcohol, xanthan gum, butyrospermum parkii (shea butter), cocos nucifera (coconut) oil, theobroma cacao (cocoa) seed butter, olus (vegetable) oil, potassium sorbate, citric acid, carrageenan, tocopherol, dehydroacetic acid, rosa canina fruit oil, glycine soja (soybean) oil, sodium methyl isethionate, lauric acid, zinc laurate, sodium laurate.",£4.95,"['Dry', 'Oily']","hydration, oil control"
Origins Modern Friction™ Exfoliator 75ml,https://www.lookfantastic.com/origins-modern-friction-exfoliator-75ml/11396728.html,Exfoliator,"water, rosa damascena (rose) flower water, oryza sativa (rice) starch, sodium laureth sulfate, glycerin, cocamide mea, glycol distearate, acrylates copolymer, pentylene glycol, polysorbate 20, citrus aurantium bergamia (bergamot) fruit oil, citrus limon (lemon) peel oil, cucumis sativus (cucumber) oil, cinnamomum camphora (camphor) oil, litsea cubeba fruit oil, citrus aurantium amara (bitter orange) peel extract, ocimum basilicum (basil) oil, mentha piperita (peppermint) oil, citral, linalool, benzyl salicylate, limonene, aloe barbadensis leaf extract, scutellaria baicalensis root extract, pyrus malus (apple) fruit extract, cucumis sativus (cucumber) fruit extract, tetrahexyldecyl ascorbate, butylene glycol, hexylene glycol, sodium cocoate, caprylyl glycol, sodium sulfate, hydroxypropyl methylcellulose, sodium chloride, pentaerythrityl tetra-di-t-butyl hydroxyhydrocinnamate, laureth-2, edta, disodium edta, trisodium hedta, sodium hydroxide, methylchloroisothiazolinone, methylisothiazolinone, phenoxyethanol, titanium dioxide (ci 77891).",£27.00,['Dry'],"hydration, sun protection"
L'Oréal Paris Smooth Sugars Clearing Sugar Scrub 50ml,https://www.lookfantastic.com/l-oreal-paris-smooth-sugars-clearing-sugar-scrub-50ml/11740144.html,Exfoliator,"glycerin, propylene glycol, sucrose, cymbopogon schoenanthus oil, actinidia chinensis seed / kiwi seed, peg-30 dipolyhydroxystearate, saccharide hydrolysate, trideceth-6, triethanolamine, mentha piperita oil / peppermint oil, acrylates/c10-30 alkylacrylate crosspolymer, caramel, ci 19140 / yellow 5, ci 61570 / green 5, linalool, parfum / fragrance.",£7.99,['Dry'],hydration
Frank Body Peppermint Scrub 200g,https://www.lookfantastic.com/frank-body-peppermint-scrub-200g/11771306.html,Exfoliator,"coffea robusta seed powder (coffee), water (aqua), prunus amygdalus dulcis (sweet almond) oil, olea europaea (olive) fruit oil, sodium chloride (salt), sucrose (brown sugar), mentha arvensis (peppermint) leaf oil, aloe barbadensis (aloe vera) leaf juice, prostanthera incisa (native mint) leaf extract, glycerin, sodium benzoate, citric acid (corn), potassium sorbate, tocopherol (vitamin e), glycine soja (soybean) oil, benzyl alcohol (cinnamon derived).",£13.95,"['Dry', 'Sensitive', 'Normal']","hydration, sensitivity"
Elizabeth Arden Visible Difference Skin Balancing Exfoliating Cleanser (125ml),https://www.lookfantastic.com/elizabeth-arden-visible-difference-skin-balancing-exfoliating-cleanser-125ml/10626202.html,Exfoliator,"water/aqua/eau, glycerin, sodium cocoyl glycinate, disodium lauryl sulfosuccinate, myristic acid, sodium methyl cocoyl taurate, sucrose polybehenate, cocamidopropyl betaine, tocopherol, tocopheryl acetate, arginine, bisabolol, cetyl hydroxyethylcellulose, stearic acid, butylene glycol, acrylates/c10-30 alkyl acrylate crosspolymer, polyethylene, xanthan gum, lauric acid, disodium edta, sodium chloride, parfum/fragrance, benzoic acid, methylparaben, phenoxyethanol, propylparaben, sorbic acid, chlorphenesin.",£18.00,"['Dry', 'Sensitive']",hydration
Sanctuary Spa Complexion Perfecting Radiance Mini Exfoliator 15ml,https://www.lookfantastic.com/sanctuary-spa-complexion-perfecting-radiance-mini-exfoliator-15ml/12267912.html,Exfoliator,"glycerin, aqua (water), peg-60 hydrogenated castor oil, polysorbate 60, glyceryl stearate, sorbitan stearate, prunus armeniaca (apricot) seed powder, peg-100 stearate, disodium cocoamphodiacetate, vitis vinifera (grape), lactobacillus/cucurbita pepo ferment extract, limonene, diazolidinyl urea, sodium benzoate, disodium edta, carbomer, xanthan gum, potassium sorbate, carica papaya (papaya) fruit extract, citrus nobilis (mandarin orange) peel oil, citrus limon (lemon) peel oil, sodium hydroxide, citral, phenoxyethanol, ananas sativus (pineapple) fruit extract, edta, citric acid, benzoic acid, dehydroacetic acid, ethylhexylglycerin, polyaminopropyl biguanide.",£2.99,['Dry'],hydration
ELEMIS Superfood Blackcurrant Jelly Exfoliator 50ml,https://www.lookfantastic.com/elemis-superfood-blackcurrant-jelly-exfoliator-50ml/11984197.html,Exfoliator,"glycerin, prunus amygdalus dulcis (sweet almond) oil, octyldodecanol, ribes nigrum (black currant) fruit, ethylhexyl olivate, phenoxyethanol, linum usitatissimum (linseed) seed oil, ribes nigrum (black currant) seed oil, sodium acrylates copolymer, aqua/water/eau, fragrance (parfum), polyglyceryl-4 olivate, benzoic acid, nigella sativa seed oil, betula alba juice, dehydroacetic acid, alpha-glucan oligosaccharide, camellia sinensis seed oil, candida bombicola/glucose/methyl rapeseedate ferment, propylene glycol, linalool, vaccinium myrtillus (nordic bilberry) fruit extract, vitis vinifera (grape) seed extract, camellia sinensis (black tea) leaf extract, chlorphenesin, tocopherol, citric acid, potassium sorbate, sodium benzoate, ribes nigrum (black currant) bud oil.",£28.00,['Dry'],hydration
DECLÉOR Phytopeel - Natural Exfoliating Cream (50ml),https://www.lookfantastic.com/decleor-phytopeel-natural-exfoliating-cream-50ml/10362793.html,Exfoliator,"water (aqua), paraffin, stearic acid, magnesium aluminum silicate, triethanolamine, citrus medica limonum (lemon) peel oil, lavandula angustifolia (lavender) oil, thymus mastichina (sweet marjoram) oil, arctium majus root extract, sambucus nigra flower extract, thymus vulgaris (thyme) oil, malva sylvestris (mallow) extract, propylene glycol, glyceryl stearate, peg-100 stearate, montmorillonite, tetrasodium edta, d-limonene, linalool, phenoxyethanol, methylparaben, ethylparaben, butylparaben, isobutylparaben, propylparaben",£23.80,['All'],general
Frank Body Lip Scrub 15ml,https://www.lookfantastic.com/frank-body-lip-scrub-15ml/11771315.html,Exfoliator,"sucrose (sugar), coco-caprylate/caprate, silica dimethyl silylate, beeswax (cera alba), coffea robusta (coffee) seed powder, coffea arabica (coffee) seed oil, macadamia ternifolia seed oil, vitis vinifera (grape) fruit extract, fragrance (parfum), tocopherol (vitamin e), glycine soja (soybean) oil, caprylic/capric triglyceride",£8.95,['Normal'],general
NIP+FAB Glycolic Fix Exfoliating Mask 18g,https://www.lookfantastic.com/nip-fab-glycolic-fix-exfoliating-mask-18g/11567218.html,Exfoliator,"aqua (water), dipropylene glycol, glycerin, glycolic acid, arginine, hydroxyethylcellulose, butylene glycol, paeonia suffruticosa root extract, centella asiatica extract, 1,2-hexanediol, panthenol, peg-60 hydrogenated castor oil, chamomilla recutita (matricaria) flower extract, glyceryl caprylate, sodium lactate, ethylhexylglycerin, disodium edta, parfum (fragrance), pantolactone, sodium hyaluronate.",£7.00,"['Dry', 'Oily', 'Sensitive']","hydration, sensitivity, uneven texture"
NYX Professional Makeup This is Everything Lip Scrub,https://www.lookfantastic.com/nyx-professional-makeup-this-is-everything-lip-scrub/12010835.html,Exfoliator,"erythritol, petrolatum, ethylhexyl palmitate, mineral oil/paraffinum liquidum/huile minérale, microcrystalline wax/cera microcristallina/cire microcristalline, simmondsia chinensis (jojoba) seed oil, helianthus annuus (sunflower) seed oil, ethylene/propylene/styrene copolymer, butylene/ethylene/styrene copolymer, tocopherol, tocopheryl acetate, pentaerythrityl tetra-di-t-butyl hydroxyhydrocinnamate, phenoxyethanol, fragrance/parfum, eugenol, hydroxycitronellal, benzyl alcohol, benzyl salicylate",£6.00,['All'],general
Garnier Pure Active Daily Energising Gel Scrub for Oily Skin 150ml,https://www.lookfantastic.com/garnier-pure-active-daily-energising-gel-scrub-for-oily-skin-150ml/11171654.html,Exfoliator,"aqua / water, coco-betaine, butylene glycol, sodium laureth sulfate, perlite, disodium cocoamphodiacetate, sodium chloride, acrylates/c10-30 alkyl acrylate crosspolymer, ascorbyl glucoside, benzyl alcohol, benzyl salicylate, capryloyl salicylic acid, ci 15510 / orange 4, ci 17200 / red 33, citronellol, citrus grandis fruit extract / grapefruit fruit extract, eucalyptus globulus leaf extract, glycerin, limonene, linalool, peg-30 dipolyhydroxystearate, polyquaternium-47, propylene glycol, punica granatum extract, salicylic acid, sodium benzoate, sodium hydroxide, tetrasodium edta, trideceth-6, xanthan gum, zinc gluconate, parfum / fragrance",£4.99,"['Dry', 'Oily']","acne, hydration, oil control, blackheads"
DECLÉOR 1000 Grain Body Exfoliator (200ml),https://www.lookfantastic.com/decleor-1000-grain-body-exfoliator-200ml/11092096.html,Exfoliator,"grapefruit essential oil, argan shells, orange peel, grains of sugar, sweet almond oil, sunflower oil, grape, pineapple, passion fruit",£21.00,['All'],general
Frank Body Cacao Coffee Scrub 200g,https://www.lookfantastic.com/frank-body-cacao-coffee-scrub-200g/11771305.html,Exfoliator,"coffea robusta seed powder (coffee), water (aqua), prunus amygdalus dulcis (sweet almond) oil, sodium chloride (salt), sucrose (brown sugar), juglans regia (walnut) shell powder, fragrance (parfum), theobroma cacao (cocoa) fruit powder, theobroma cacao (cocoa) extract glycerin, tocopherol (vitamin e), glycine soja (soybean) oil, macadamia ternifolia seed oil, benzyl alcohol (cinnamon derived).",£13.95,"['Dry', 'Normal']",hydration
L'Oréal Paris Smooth Sugars Glowing Sugar Scrub 50ml,https://www.lookfantastic.com/l-oreal-paris-smooth-sugars-glowing-sugar-scrub-50ml/11740145.html,Exfoliator,"sucrose, ethylhexyl palmitate, peg-7 glyceryl cocoate, stearalkonium hectorite, propylene carbonate, silica, rosmarinus officinalis extract / rosemary extract, sorbitan oleate, saccharide hydrolysate, glycerin, gardenia taitensis flower, euterpe oleracea pulp powder, helianthus annuus seed oil / sunflower seed oil, vitis vinifera seed oil / grape seed oil, haematococcus pluvialis extract, alumina, cocos nucifera oil / coconut oil, propylene glycol, caprylic/capric triglyceride, capsicum annuum extract / capsicum annuum fruit extract, polysorbate 80, tocopherol, ci 15985 / yellow 6 lake, ci 61565 / green 6, ci 75130 / beta-carotene, caramel, ci 19140 / yellow 5 lake, ci 42090 / blue 1 lake, linalool, limonene, citral, parfum / fragrance.",£7.99,['Dry'],hydration
Mama Mio The Tummy Rub Scrub 180ml,https://www.lookfantastic.com/mama-mio-the-tummy-rub-scrub-180ml/12078033.html,Exfoliator,"aloe barbadensis leaf juice, aqua/water/eau, caprylic/capric triglyceride, pumice, glyceryl stearate, glycerin, cetearyl alcohol, fragrance (parfum), isoamyl laurate, sodium stearoyl glutamate, phenoxyethanol, limonene, argania spinosa kernel oil, bambusa arundinacea (bamboo) stem powder, persea gratissima (avocado) oil, plukenetia volubilis (inca inchi) seed oil, behentrimonium methosulfate, tocopherol, lactobacillus/punica granatum fruit ferment extract, lactic acid, helianthus annuus (sunflower) seed oil, ethylhexylglycerin, silica, citral, linalool, ficus carica (fig) fruit/leaf extract, leuconostoc/radish root ferment filtrate, carica papaya (papaya) fruit extract",£18.00,"['Dry', 'Oily']","hydration, uneven texture"
Lancôme Confort Hydrating Gentle Sugar Scrub 100ml,https://www.lookfantastic.com/lancome-confort-hydrating-gentle-sugar-scrub-100ml/11785201.html,Exfoliator,"glycerin, propylene glycol, sucrose, mel / honey, ci 14700 / red 4, ci 17200 / red 33, sodium hyaluronate, argania spinosa shell powder, peg-30 dipolyhydroxystearate, arginine, triethanolamine, trideceth-6, salicylic acid, panthenol, propanediol, acrylates/c10-30 alkyl acrylate crosspolymer, rosa damascena flower water, citric acid, prunus amygdalus dulcis oil / sweet almond oil, parfum / fragrance.",£27.45,"['Dry', 'Oily']","acne, hydration, blackheads"
Sukin Energising Body Scrub with Coffee and Coconut 200ml,https://www.lookfantastic.com/sukin-energising-body-scrub-with-coffee-and-coconut-200ml/11254335.html,Exfoliator,"water (aqua), aloe barbadensis leaf juice, sesamum indicum (sesame) seed oil, cetearyl alcohol, juglans regia (walnut) shell powder, cetyl alcohol, ceteareth-20, coffea arabica (coffee) seed powder, cocos nucifera (coconut) oil, cocos nucifera (coconut) shell powder, caffeine, coffea arabica (coffee) seed extract, simmondsia chinensis (jojoba) seed oil, rosa canina fruit oil (rose hip), tocopherol (vitamin e), glycerin, lecithin, phenoxyethanol, benzyl alcohol, fragrance (parfum).",£11.95,"['Dry', 'Normal']","hydration, under-eye"
benefit Smooth It Off 2-in-1 Facial Cleansing Exfoliator ,https://www.lookfantastic.com/benefit-smooth-it-off-2-in-1-facial-cleansing-exfoliator/11679528.html,Exfoliator,"aqua (water), hydrogenated jojoba oil, behenyl alcohol, glycereth-26, butylene glycol, caprylic/capric triglyceride, cetearyl alcohol, diisopropyl adipate, arachidyl alcohol, olive oil peg-7 esters, palmitic acid, stearic acid, phenoxyethanol, ci 77891 (titanium dioxide), myristyl myristate, perlite, arachidyl glucoside, butyrospermum parkii (shea butter), parfum (fragrance), sodium polyacrylate, jojoba alcohol, potassium jojobate, simmondsia chinensis (jojoba) butter, dipotassium glycyrrhizate, disodium edta, ethylhexylglycerin, propanediol, linalool, bht, tocopherol.",£21.50,['Dry'],"hydration, sun protection"
bareMinerals Poreless Exfoliating Essence 150ml,https://www.lookfantastic.com/bareminerals-poreless-exfoliating-essence-150ml/12318818.html,Exfoliator,"water (aqua/eau), dipropylene glycol, butylene glycol, glycerin, coconut acid, polyurethane-35, saccharum officinarum (sugarcane) extract, acer saccharum (sugar maple) extract, citrus aurantium dulcis (orange) fruit extract, citrus limon (lemon) fruit extract, morinda citrifolia leaf extract, salvia hispanica seed extract, leuconostoc/radish root ferment filtrate, vaccinium myrtillus fruit extract, caprylyl glycol, xylitol, citric acid, trisodium edta, sodium citrate, methylpropanediol, phenylpropanol, phenoxyethanol.",£22.00,['Dry'],hydration
Frank Body Creamy Face Scrub 125ml,https://www.lookfantastic.com/frank-body-creamy-face-scrub-125ml/11771313.html,Exfoliator,"water (aqua), kaolin (white clay), coffea arabica seed powder, cetearyl olivate, bambusa arundinacea stem (bamboo) powder, juglans regia (walnut) shell powder, sorbitan olivate, sodium lauroyl methyl isethionate (natural surfactant), vitis vinifera (grape) seed oil, glycerin, prunus amygdalus dulcis (sweet almond) oil, honey (mel), olus (vegetable) oil, cocos nucifera (coconut) oil, butyrospermum parkii (shea) butter, theobroma cacao (cocoa) seed butter, tocopherol, glycine soja (soybean) oil, rosa canina fruit (rosehip) oil, chondrus crispus (carrageenan), xanthan gum (sugar), citric acid (corn), benzyl alcohol (cinnamon derived), potassium sorbate, dehydroacetic acid.",£15.95,"['Dry', 'Oily']","acne, hydration, oil control, blackheads"
Gallinée Prebiotic Face Mask and Scrub 100ml,https://www.lookfantastic.com/gallinee-prebiotic-face-mask-and-scrub-100ml/11261914.html,Exfoliator,"aqua (water), kaolin, cetearyl alcohol, olea europaea (olive) seed powder, glycerin, decyl oleate, cetyl alcohol, behenyl alcohol, lactic acid, cetearyl glucoside, alpha-glucan oligosaccharide, zinc pca, inulin, panthenol, tocopheryl acetate, maris sal (sea salt), parfum (fragrance), ethylhexylglycerin, arginine, propanediol, caprylyl glycol, xanthan gum, sodium acrylate/sodium acryloyldimethyl taurate copolymer, isohexadecane, caprylhydroxamic acid, polysorbate 80, sorbitan oleate, tocopherol, silica, hydrogenated palm glycerides citrate, sodium hydroxide, tetrasodium glutamate diacetate, limonene.",£15.30,"['Dry', 'Oily']","hydration, oil control, uneven texture"
Dr Brandt Microdermabrasion Skin Exfoliant (60g),https://www.lookfantastic.com/dr-brandt-microdermabrasion-skin-exfoliant-60g/10543772.html,Exfoliator,"water (aqua), alumina, caprylic/capric triglyceride, glycerin, cetyl alcohol, glyceryl stearate, peg-12 glyceryl distearate, peg-100 stearate, ammonium acryloyldimethyltaurate/vp copolymer, simmondsia chinensis (jojoba) seed oil, xanthan gum, lactic acid, fragrance (parfum), menthone glycerin acetal, allantoin, magnesium chloride, magnesium nitrate, tocopheryl acetate, magnesium oxide, butylene glycol, aloe barbadensis leaf extract, vitis vinifera (grape) seed extract, chamomilla recutita (matricaria) flower extract, camellia oleifera leaf extract, camellia sinensis leaf extract, methylchloroisothiazolinone, methylisothiazolinone, phenoxyethanol, methylparaben, butylparaben, propylparaben, isobutylparaben, citral, limonene",£64.00,"['Dry', 'Oily', 'Sensitive']","hydration, uneven texture"
Filorga Scrub and Mask 55ml,https://www.lookfantastic.com/filorga-scrub-and-mask-55ml/11395483.html,Exfoliator,"aqua (water), perfluorohexane, propanediol, protease, perlite, sodium poylacrylate, polysorbate 20, perfluorodecalin, polyacrylate-13, butylene glycol, decyl glucoside, benzyl alcohol, pentafluoropropane, polyisobutene, parfum (fragrance), polyacrylate crosspolymer-6, chlorphenesin, sucrose palmitate, citric acid, ci77891 (titanium dioxide), disodium edta, sorbitan isostearate, glyceryl linoleate, prunus amygdalus dulcis (sweet almond) oil, sodium chloride, 1,2-hexanediol, caprylyl glycol, t-butyl alcohol, glucose, phenoxyethanol, sodium hyaluronate, potassium chloride, potassium sorbate, calcium chloride, magnesium sulfate, glutamine, sodium phosphate, ascorbic acid, sodium acetate, tocopherol, lysine hcl, arginine, alanine, histidine, valine, leucine, threonine, isoleucine, tryptophan, phenylalanine, tyrosine, glycine, polysorbate 80, serine, deoxyadenosine, cystine, asparagine, aspartic acid, glutathione, cyanocobalamin, deoxycytidine, deoxyguanosine, deoxythymidine, ornithine, glutamic acid, nicotinamide adenine dinucleotide, proline, aminobutyric acid, methionine, taurine, hydroxyproline, glucosamine, coenzyme a, glucuronolactone, sodium glucuronate, sodium uridine triphosphate, thiamine diphosphate, inositol, methyl deoxycytidine, retinyl acetate, disodium flavine adenine dinucleotide, niacin, niacinamide, pyridoxal 5-phosphate, pyridoxine hcl, biotin, calcium pantothenate, folic acid, riboflavin, tocopheryl phosphate.",£44.00,"['Oily', 'Normal']","acne, brightening, dark spots, sun protection, oil control, under-eye"
Sanctuary Spa Complexion Perfecting Radiance Exfoliator 100ml,https://www.lookfantastic.com/sanctuary-spa-complexion-perfecting-radiance-exfoliator-100ml/11975615.html,Exfoliator,"glycerin, aqua (water), peg-60 hydrogenated castor oil, polysorbate 60, glyceryl stearate, sorbitan stearate, prunus armeniaca (apricot) seed powder, peg-100 stearate, disodium cocoamphodiacetate, vitis vinifera (grape), lactobacillus/cucurbita pepo ferment extract, limonene, diazolidinyl urea, sodium benzoate, disodium edta, carbomer, xanthan gum, potassium sorbate, carica papaya (papaya) fruit extract, citrus nobilis (mandarin orange) peel oil, citrus limon (lemon) peel oil, sodium hydroxide, citral, phenoxyethanol, ananas sativus (pineapple) fruit extract, edta, citric acid, benzoic acid, dehydroacetic acid, ethylhexylglycerin, polyaminopropyl biguanide.",£10.00,['Dry'],hydration
Indeed Labs Exfoliator II 75g,https://www.lookfantastic.com/indeed-labs-exfoliator-ii-75g/12540157.html,Exfoliator,"sodium myristoryl glutamate, malic acid, sodium carbonate, peg-150, zea mays (corn) starch, sorbitol, sodium lauroyl glutamate, sodium polyacrylate, phenoxyethanol, sodium dehydroacetate, silica, hydrolyzed opuntia ficus indica flower extract, dextrin palmitate, caprylic/capric triglyceride, bromelain, water, butylene glycol, sorbitan trioleate, sodium hyaluronate, glycerin, apium graveolens (celery) seed extract, oryza sativa (rice) bran extract, linum usitatissimum (linseed) seed extract.",£24.99,['Dry'],hydration
The Ritual of Namasté Skin Brightening Face Exfoliator,https://www.lookfantastic.com/the-ritual-of-namaste-skin-brightening-face-exfoliator/12063722.html,Exfoliator,"aqua/water, caprylic/capric triglyceride, cetearyl alcohol, glycerin, bambusa arundinacea stem powder, sesamum indicum (sesame) seed oil, hydrogenated coco-glycerides, glycine soja (soybean) oil, calendula officinalis flower extract, moringa pterygosperma seed extract, nelumbo nucifera flower extract, helianthus annuus (sunflower) seed oil, gluconolactone, calcium gluconate, cetearyl glucoside, sodium stearoyl glutamate, bisabolol, maltodextrin, tocopherol, acacia senegal gum, xanthan gum, phytic acid, citric acid, sodium hydroxide, potassium sorbate, sodium benzoate, limonene, linalool, citral, parfum/fragrance.",£12.90,"['Dry', 'Sensitive']","hydration, sensitivity"
Natio Gentle Facial Scrub (100g),https://www.lookfantastic.com/natio-gentle-facial-scrub-100g/10562384.html,Exfoliator,"water (aqua), cetearyl alcohol, hydrogenated polyisobutene, paraffin, bambusa arundinacea stem powder, ammonium lauryl sulfate, glyceryl stearate, potassium cetyl phosphate, allantoin, rosa canina fruit extract, ascophyllum nodosum extract, propylene glycol, fragrance (parfum), carbomer, disodium edta, triethanolamine, ethylhexylglycerin, benzyl alcohol, phenoxyethanol.",£10.00,"['Dry', 'Sensitive']",hydration
NUXE Fondant Body Scrub (200ml),https://www.lookfantastic.com/nuxe-fondant-body-scrub-200ml/10556097.html,Exfoliator,"aqua/water, glycerin, hydrogenated coconut oil, cetearyl alcohol, citrus aurantium dulcis (orange) peel powder, juglans regia (walnut) shell powder, litchi chinensis seed powder, coco-caprylate/caprate, cocos nucifera (coconut) oil, coco-glucoside, hydroxyethyl acrylate/sodium acryloyldimethyl taurate copolymer, sodium stearoyl lactylate, glyceryl oleate, benzyl alcohol, tocopherol, parfum/fragrance, capryloyl glycine, citric acid, sodium hydroxide, xanthan gum, polysorbate 60, sorbitan isostearate, tetrasodium edta, 1,2-hexanediol, caprylyl glycol, dehydroacetic acid, citrus aurantium dulcis (orange) flower extract, prunus amygdalus dulcis (sweet almond) flower extract, tropolone, hydrogenated palm glycerides citrate.",£18.50,['Dry'],hydration
DHC Facial Scrub (100g),https://www.lookfantastic.com/dhc-facial-scrub-100g/11207541.html,Exfoliator,"water/aqua/eau, stearic acid, butylene glycol, prunus armeniaca (apricot) seed powder, pentylene glycol, potassium cocoate, glyceryl stearate se, potassium hydroxide, phenoxyethanol, urea, allantoin, sapindus mukurossi peel extract, dipotassium glycyrrhizate, chlorhexidine digluconate",£16.00,['Sensitive'],hydration
L'Oréal Paris Smooth Sugar Wake-Up Coffee Face and Lip Scrub 50ml,https://www.lookfantastic.com/l-oreal-paris-smooth-sugar-wake-up-coffee-face-and-lip-scrub-50ml/12004590.html,Exfoliator,"glycerin, propanediol, sucrose, coffea arabica seed powder / coffee seed powder, prunus amygdalus dulcis oil / sweet almond oil, cocos nucifera oil / coconut oil, triethanolamine, acrylates/c10-30 alkyl acrylate, crosspolymer, caramel, peg-30 dipolyhydroxystearate, saccharide hydrolysate, trideceth-6, parfum / fragrance.",£9.99,['Dry'],hydration
Oh K! Chok Chok Shimmer Face Scrub,https://www.lookfantastic.com/oh-k-chok-chok-shimmer-face-scrub/12434718.html,Exfoliator,"aqua (water), butylene glycol, 1,2-hexanediol, jojoba esters, glycerin, ethylhexyl palmitate, carbomer, tromethamine, cellulose acetate, cetyl ethylhexanoate, microcrystalline cellulose, allantoin, panthenol, polyglyceryl-10 oleate, trehalose, ethylhexylglycerin, triacetin, disodium edta, hydrogenated lecithin, polyurethane-33, ruby extract, phenoxyethanol, citrine extract, ci 15850 (d&c red 6), ci 19140 (fd&c yellow 5), acrylates copolymer, silica, cyanocobalamin, ci 77000 (aluminum powder), amethyst extract.",£10.00,"['Dry', 'Sensitive']",hydration
Holika Holika Pig Nose Clear Blackhead Cleansing Sugar Scrub,https://www.lookfantastic.com/holika-holika-pig-nose-clear-blackhead-cleansing-sugar-scrub/11693565.html,Exfoliator,"sucrose, petrolatum, peg-7 glyceryl cocoate, glycerin, microcrystalline wax, isododecane, mineral oil, sorbitol, sorbitan sesquioleate, polyethylene, cetyl alcohol, trihydroxystearin, peg-23 stearate, ceteareth-20, oleth-5, dystearmonium hectorite, polysorbate 20 , phenoxyethanol, methylparaben, fragrance (parfum), propylene carbonate, moroccan lava clay, kaolin, aloe barbadensis leaf juice, water, citrus medica limonum (lemon) fruit extract, potassium sorbate, sodium benzoate, butyl paraben, ethylparaben, isobutyl paraben, propylparaben.",£9.95,"['Dry', 'Oily']","acne, hydration, oil control, blackheads"
MAC Mineralize Volcanic Ash Exfoliator,https://www.lookfantastic.com/mac-mineralize-volcanic-ash-exfoliator/11471925.html,Exfoliator,"sucrose, sodium lauroyl lactylate, disodium coco-glucoside sulfosuccinate, lauramidopropyl betaine, volcanic ash, methyl gluceth-20, peg-7 glyceryl cocoate, ethylhexylglycerin, caprylyl glycol, hexylene glycol, sodium cocoyl glutamate, fragrance (parfum), phenoxyethanol, iron oxides (ci 77491, ci 77492, ci 77499)",£23.00,['Dry'],hydration
L'Oréal Paris Smooth Sugars Nourishing Sugar Scrub 50ml,https://www.lookfantastic.com/l-oreal-paris-smooth-sugars-nourishing-sugar-scrub-50ml/11740146.html,Exfoliator,"isopropyl palmitate, sucrose, c10-18 triglycerides, synthetic wax, glyceryl stearate, trihydroxystearin, glycine soja oil / soybean oil, peg-7 glyceryl cocoate, perlite, prunus armeniaca kernel oil / apricot kernel oil, cera alba / beeswax, rosmarinus officinalis extract / rosemary extract, theobroma grandiflorum seed powder, saccharide hydrolysate, glycerin, helianthus annuus seed oil / sunflower seed oil, silica silylate, cocos nucifera oil / coconut oil, theobroma cacao seed butter / cocoa seed butter, caprylyl glycol, tocopherol, pentaerythrityl tetra-di-t-butyl hydroxyhydrocinnamate, phenoxyethanol, ci 77491,  ci 77492,  ci 77499 / iron oxides, caramel, linalool, coumarin, limonene, parfum / fragrance.",£7.99,['Dry'],hydration
Natio Dual Action Cleanser And Exfoliator (100g),https://www.lookfantastic.com/natio-dual-action-cleanser-and-exfoliator-75g/10562426.html,Exfoliator,"water (aqua), ammonium lauryl sulfate, cocamidopropyl betaine, cellulose acetate, glycerin, cetearyl alcohol, decyl glucoside, ceteareth-20, glycol stearate, vaccinium myrtillus fruit extract, saccharum officinarum (sugar cane) extract, acer saccharum (sugar maple) extract, citrus aurantium dulcis (orange) fruit extract, citrus limon (lemon) fruit extract, acrylates/c10-30 alkyl acrylate crosspolymer, tetrasodium edta, rosa canina fruit oil, triethanolamine, phenoxyethanol, caprylyl glycol, citrus aurantium dulcis (orange) peel oil, rosmarinus officinalis (rosemary) leaf oil, fragrance (parfum), cedrus atlantica bark oil.",£12.00,['Dry'],hydration
Polaar Arctic Cotton Gentle Scrub 50ml,https://www.lookfantastic.com/polaar-arctic-cotton-gentle-scrub-50ml/10934968.html,Exfoliator,"aqua (water), dicaprylyl carbonate, caprylic/capric triglyceride, glycerin, cetearyl alcohol, glyceryl stearate, peg-100 stearate, silica, dimethicone, pumice, simmondsia chinensis seed oil (jojoba seed oil), parfum (fragrance), jojoba esters, benzyl alcohol, acrylates/c10-30 alkyl acrylate crosspolymer, eriophorium spissum flower/stem extract, allantoin, dehydroacetic acid, tocopheryl acetate, sodium hydroxide, d-limonene, linalol.",£25.00,"['Dry', 'Sensitive']",hydration
Löwengrip Purify my Skin Facial Scrub 75ml,https://www.lookfantastic.com/lowengrip-purify-my-skin-facial-scrub-75ml/12081481.html,Exfoliator,"aqua (water), propylene glycol, silica, glycerin, acrylates/steareth-20 methacrylate crosspolymer, peg-7 glyceryl cocoate, propanediol, cellulose acetate, phenoxyethanol, peg-40 hydrogenated castor oil, caprylyl glycol, polyquaternium-7, sodium hydroxide, caprylhydroxamic acid, allantoin, sodium benzoate, niacinamide, sodium starch octenylsuccinate, maltodextrin, calcium pantothenate, sodium ascorbyl phosphate, tocopheryl acetate, pyridoxine hcl, parfum (fragrance).",£18.00,"['Dry', 'Oily', 'Sensitive', 'Normal']","acne, hydration, brightening, dark spots, oil control, under-eye"
ilapothecary Powerful Purifying Face Scrub 50g,https://www.lookfantastic.com/ilapothecary-powerful-purifying-face-scrub-50g/12032520.html,Exfoliator,"mel, sodium cocoyl hydrolyzed soy protein, rose damascena flower water, prunus domestica seed powder, garnet exfoliator, caprylyl capryl glucoside, glycerin, glycerin, aqua, sodium levulinate, sodium anisate, p-anisic acid, glyceryl caprylate, hydroxy ethyl cellulose, pogostemon cablin (patchouli) oil, petitgrain bigarde oil.",£27.00,['Dry'],hydration
Chantecaille Hibiscus and Bamboo Exfoliating Cream,https://www.lookfantastic.com/chantecaille-hibiscus-and-bamboo-exfoliating-cream/11219063.html,Exfoliator,"rosa damascena flower water, aqua/water/eau, caprylic/ capric triglyceride, c12-20 acid peg-8 ester, polylactic acid, propanediol, dimethicone, glycolic acid, glyceryl stearate, cetyl alcohol, magnesium aluminum silicate, sodium hydroxide, glycerin, phenoxyethanol, xanthan gum, potassium cetyl phosphate, saccharide isomerate, ci 77891 (titanium dioxide), polyacrylamide, ethylhexylglycerin, c13-14 isoparaffin, disodium edta, hibiscus sabdariffa flower extract, citrus nobilis (mandarin orange) peel oil, citrus grandis (grapefruit) fruit extract, laureth-7, rosa damascena flower oil, peg-8, acacia decurrens flower wax, jasminum grandiflorum (jasmine) flower wax, narcissus poeticus flower wax, sodium hyaluronate, lecithin, citric acid, papain, sodium citrate, tocopherol, ascorbyl palmitate, bambusa arundinacea stem extract, ascorbic acid, hexanoyl dipeptide-3 norleucine acetate, limonene, citronellol, geraniol, linalool",£73.00,"['Dry', 'Oily']","hydration, sun protection, uneven texture"
Avant Skincare Velvet Perfecting Rose Sugar Lip Scrub 10ml,https://www.lookfantastic.com/avant-skincare-velvet-perfecting-rose-sugar-lip-scrub-10ml/12542197.html,Exfoliator,"allantoin, aqua (water), argania spinosa shell powder, butylene glycol, carbomer, ci 17200 (d&c red 33), citric acid, disodium edta, ethylhexylglycerin, fructose, glucose, glycerin, maltose, paeonia lactiflora root extract, parfum (fragrance), peg/ppg-20/6 dimethicone, pentylene glycol, phenoxyethanol, potassium sorbate, propylene glycol, prunus amygdalus dulcis (sweet almond) oil, simmondsia chinensis (jojoba) seed oil, sodium benzoate, sodium chloride, sodium hyaluronate, sodium hydroxide, sodium lactate, sodium pca, sucrose, trehalose, urea.",£58.00,"['Dry', 'Sensitive']",hydration
Löwengrip Advanced Skin Care Cell Renewal Facial Exfoliant 75ml,https://www.lookfantastic.com/lowengrip-advanced-skin-care-cell-renewal-facial-exfoliant-75ml/12081475.html,Exfoliator,"aqua (water), propylene glycol, cocamidopropyl dimethylamine, polyquaternium-37, salicylic acid, glycolic acid, peg-40 hydrogenated castor oil, phenoxyethanol, caprylyl glycol, bisabolol, sodium hydroxide, parfum (fragrance).",£43.00,"['Oily', 'Sensitive']","acne, blackheads, uneven texture"
Talika Skintelligence Hydra Face Gentle Scrub 50ml,https://www.lookfantastic.com/talika-skintelligence-hydra-face-gentle-scrub-50ml/12281553.html,Exfoliator,"aqua (water / eau), paraffin, kaolin, glyceryl stearate, stearic acid, butylene glycol, cetyl alcohol, dimethicone, glycerin, phenoxyethanol, sodium hydroxide, chlorphenesin, prunus amygdalus dulcis (sweet almond) protein, tetrasodium edta, chamomilla recutita (matricaria) flower extract, citric acid, propanediol, sodium benzoate, potassium sorbate, ci 14700 (red 4), chlorella vulgaris extract, lactic acid.",£27.90,"['Dry', 'Oily']","hydration, uneven texture"
INIKA Phytofuse Renew Caviar Lime Exfoliator,https://www.lookfantastic.com/inika-phytofuse-renew-caviar-lime-exfoliator/12450160.html,Exfoliator,"aloe barbadensis leaf (aloe vera) juice, glycerin, water (aqua), hydrogenated jojoba oil, pumice, decyl glucoside, bambusa arundinacea (bamboo) stem powder, xanthan gum, microcitrus australasica (finger lime) fruit extract, selaginella lepidophylla (rose of jericho) extract, simmondsia chinensis (jojoba) seed oil, persea gratissima (avocado) oil, argania spinosa (argan) kernel oil, rosa canina (rosehip) fruit oil, citrus aurantium bergamia (bergamot) fruit oil, lavandula angustifolia (lavender) oil, pelargonium graveolens (geranium) flower oil, citrus limon (lemon) peel oil, citrus aurantifolia (lime) oil, lactobacillus ferment, sodium levulinate, citric acid, sodium anisate, potassium sorbate, benzyl alcohol, limonene, linalool, geraniol, citronellol.",£33.00,"['Dry', 'Sensitive']","hydration, sensitivity"
Westlab Epsom Salt 1kg,https://www.lookfantastic.com/westlab-epsom-salt-1kg/11227746.html,Bath Salts,magnesium sulphate,£3.33,['All'],general
Westlab Epsom Salt 5kg,https://www.lookfantastic.com/westlab-epsom-salt-5kg/11227748.html,Bath Salts,magnesium sulphate,£14.99,['All'],general
Westlab Dead Sea Salt 1kg,https://www.lookfantastic.com/westlab-dead-sea-salt-1kg/10546715.html,Bath Salts,maris sal (dead sea salt).,£3.33,['All'],general
Westlab Dead Sea Salt 5kg,https://www.lookfantastic.com/westlab-dead-sea-salt-5kg/11227744.html,Bath Salts,maris sal (dead sea salt).,£14.99,['All'],general
Westlab Epsom Salt 2kg,https://www.lookfantastic.com/westlab-epsom-salt-2kg/11227747.html,Bath Salts,magnesium sulphate,£5.33,['All'],general
Westlab Sleep Bathing Salts 1kg,https://www.lookfantastic.com/westlab-sleep-bathing-salts-1000g/12042467.html,Bath Salts,"magnesium sulfate (epsom salt), maris sal (dead sea salt) valeriana officinalis (valerian) root extract, lavandula angustifolia (lavender) flower oil, cananga odorata (ylang ylang) flower oil, jasminum officinale (jasmine) flower oil, parfum, linalool, benzyl benzoate.",£6.99,['All'],general
Westlab Himalayan Salt 1kg,https://www.lookfantastic.com/westlab-himalayan-salt-1kg/10546714.html,Bath Salts,sodium chloride,£3.33,['All'],general
Westlab Recover Bathing Salts 1kg,https://www.lookfantastic.com/westlab-recover-bathing-salts-1000g/12042465.html,Bath Salts,"magnesium sulfate (epsom salt), salix alba (white willow) bark extract, arnica montana flower extract, cedrus atlantica (cedarwood) bark oil, eucalyptus globulus (eucalyptus) leaf oil, piper nigrum (black pepper) fruit oil, mentha viridis (spearmint) leaf oil, limonene.",£6.99,['All'],general
Westlab Mindful Bathing Salts 1kg,https://www.lookfantastic.com/westlab-mindful-bathing-salts-1000g/12042468.html,Bath Salts,"magnesium sulfate (epsom salt), sodium chloride (himalayan salt), cannabis sativa (cbd) extract,  cedrus atlantica (cedarwood) bark oil, citrus aurantium dulcis (orange) peel oil, pelargonium graveolens (geranium) leaf oil , boswellia carterii (frankincense) oil, citrus bergamia (bergamot) peel oil, parfum, limonene, citronellol, citral, geraniol.",£6.99,['All'],general
Westlab Reviving Epsom Salt Bath Fizzer,https://www.lookfantastic.com/westlab-reviving-epsom-salt-bath-fizzer/11665889.html,Bath Salts,"sodium bicarbonate, magnesium sulfate (epsom salt), citric acid, prunus amygdalus dulcis (almond) oil, aqua, eucalyptus globulus (eucalyptus) leaf oil, parfum, mentha viridis (spearmint) leaf oil, ci 75810, limonene",£3.49,['All'],general
Westlab Relaxing Dead Sea Salt Bath Fizzer,https://www.lookfantastic.com/westlab-relaxing-dead-sea-salt-bath-fizzer/11665891.html,Bath Salts,"sodium bicarbonate, citric acid, maris sal (dead sea salt), prunus amygdalus dulcis (almond) oil, aqua, parfum, lavandula angustifolia (lavender) herb oil, anthemis nobilis (chamomile) flower oil, ci 28440, linalool",£3.49,['Sensitive'],sensitivity
Westlab Cleanse Bathing Salts 1kg,https://www.lookfantastic.com/westlab-cleanse-bathing-salts-1000g/12042466.html,Bath Salts,"magnesium sulfate (epsom salt), sodium chloride (himalayan salt), palmaria palmata (algae) extract, alaria esculenta (seaweed) extract, cedrus atlantica (cedarwood) bark oil, citrus limon (lemon) peel oil, citrus aurantium dulcis (orange) peel oil, pelargonium graveolens (geranium) leaf oil, litsea cubeba (may chang) fruit oil, rosa damascena (rose) flower extract, citrus grandis (grapefruit) peel oil, cymbopogon schoenanthus (lemongrass) oil, parfum, limonene, citronellol, geraniol, citral.",£6.99,['All'],general
Bubble T Summer Fruits Tea Bath Bomb Fizzers (10 x 8g),https://www.lookfantastic.com/bubble-t-summer-fruits-tea-bath-bomb-fizzers-10-x-8g/11909796.html,Bath Salts,"sodium bicarbonate, sodium sulfate, citric acid, parfum (fragrance), peg-400, lycium chinense fruit extract, propylene glycol, denatonium benzoate, benzyl alcohol, benzyl benzoate, benzyl salicylate, geraniol, linalool,  ci 16035 (fd&c red 40 ), ci 17200 (d&c red 33).",£5.99,['All'],general
Bubble T Bath Fizzer - Hibiscus & Acai Berry Tea 180g,https://www.lookfantastic.com/bubble-t-bath-fizzer-hibiscus-acai-berry-tea-180g/11284524.html,Bath Salts,"sodium bicarbonate, sodium sulphate, citric acid, parfum (fragrance), peg-400, lycium chinese fruit extract, propylene glycol, citrus aurantium dulcis (sweet orange) seed oil, limonene, linalool, ci 16035 (fd&c red 40), ci 17200 (d&c red 33).",£3.00,['All'],general
Westlab Himalayan Salt 5kg,https://www.lookfantastic.com/westlab-himalayan-salt-5kg/11227751.html,Bath Salts,sodium chloride,£14.99,['All'],general
Westlab Cleansing Himalayan Salt Bath Fizzer,https://www.lookfantastic.com/westlab-cleansing-himalayan-salt-bath-fizzer/11665890.html,Bath Salts,"sodium bicarbonate, citric acid, sodium chloride (himalayan salt), prunus amygdalus dulcis (almond) oil, aqua, parfum, cedrus atlantica (cedarwood) oil, cananga odorata (ylang ylang) oil, litsea cubeba (may chang) oil, citrus limon (lemon) peel oil, ci 42044, citral, limonene, linalool, benzyl benzoate, benzyl salicylate, citronellol",£3.49,['All'],general
AHAVA Liquid Dead Sea Salt 200ml,https://www.lookfantastic.com/ahava-liquid-dead-sea-salt-200ml/11286026.html,Bath Salts,"maris aqua (dead sea water), aqua (mineral spring water), polysorbate-20, peg-7 glyceryl cocoate, hydroxyethylcellulose, pvp, citrus grandis (grapefruit) peel oil, tocopheryl (vitamin e) acetate, dunaliella salina (dead sea alga) extract & hydrogenated polydecene, arginine.",£19.99,['Normal'],general
Sea Magik Salted Turmeric Serenity Salts 1kg,https://www.lookfantastic.com/sea-magik-salted-turmeric-serenity-salts-1kg/12062261.html,Bath Salts,"maris sal (dead sea salt), magnesium sulfate (epsom salt), maltodextrin, citrus limon (lemon) peel oil, citrus aurantium dulcis (orange) peel oil expressed, citrus aurantium amara (bitter orange) leaf/twig oil, eugenia, caryophyllus (clove) bud oil, eucalyptus globulus leaf oil, carthamus tinctorius (safflower) flower extract, curcuma longa (turmeric) root extract, limonene, linalool, eugenol",£8.99,['All'],general
Sanctuary Spa Exquisite Bath Salts (Rose Radiance) 350g,https://www.lookfantastic.com/sanctuary-spa-exquisite-bath-salts-rose-radiance/12255323.html,Bath Salts,"sodium chloride, parfum (fragrance), synthetic fluorphlogopite, silica, ppg-26-buteth-26, triticum vulgare (wheat) germ oil, peg-40 hydrogenated castor oil, aqua (water), mica, tocopheryl acetate, disodium edta, butylene glycol, tin oxide, sigesbeckia orientalis extract, rabdosia rubescens extract, hexyl cinnamal, linalool, limonene, benzyl salicylate, benzyl benzoate, ci 77891 (titanium dioxide), ci 77491 (iron oxides), ci 14700 (red 4), ci 19140 (yellow 5), ci 42090 (blue 1).",£16.00,['All'],sun protection
Sea Magik Himalayan Spa Salts 1kg,https://www.lookfantastic.com/sea-magik-himalayan-spa-salts-1kg/11863732.html,Bath Salts,sodium chloride.,£5.99,['All'],general
Bubble T Bath Salts Moroccan Mint Tea 500g,https://www.lookfantastic.com/bubble-t-bath-salts-moroccan-mint-tea-500g/12322519.html,Bath Salts,"sodium chloride, parfum (fragrance), lycium chinense fruit extract, propylene glycol, aqua (water), mentha arvensis leaf oil, limonene, linalool, ci 19140 (fd&c yellow 5), ci 42090 (fd&c blue 1 ).",£4.99,['All'],general
Bubble T Bath Salts Hibiscus & Acai Berry Tea 500g,https://www.lookfantastic.com/bubble-t-bath-salts-hibiscus-acai-berry-tea-500g/12322517.html,Bath Salts,"sodium chloride, glycerin, parfum (fragrance), camelia sinensis leaf, aqua (water), arnica montana flower extract, phenoxyethanol, ethylhexyl glycerin, lycium barbarum fruit extract, ci 17200 (d&c red 33), ci 19140 (fd&c yellow 5).",£4.99,['Dry'],hydration
Ortigia Fico d'India Bath Salts (500g),https://www.lookfantastic.com/ortigia-fico-d-india-bath-salts-500g/10957691.html,Bath Salts,sicilian sea salt.,£22.00,['All'],general
Sea Magik Epsom Spa Salts 1kg,https://www.lookfantastic.com/sea-magik-epsom-spa-salts-1kg/11863731.html,Bath Salts,magnesium sulphate.,£5.99,['All'],general
Sea Magik Activated Charcoal Salts 1kg,https://www.lookfantastic.com/sea-magik-activated-charcoal-salts-1kg/11863730.html,Bath Salts,"maris sal (dead sea salt), charcoal powder, eucalyptus globulus leaf oil, rosmarinus officinalis (rosemary) leaf oil, limonene.",£8.99,['Oily'],"oil control, blackheads"
Sea Magik Epsom Spa Salts 5kg,https://www.lookfantastic.com/sea-magik-epsom-spa-salts-5kg/11974756.html,Bath Salts,magnesium sulphate.,£19.95,['All'],general
Spa Magik Organiks Sleep Therapy Deep Sleep Lavender Bath Salts,https://www.lookfantastic.com/spa-magik-organiks-sleep-therapy-deep-sleep-lavender-bath-salts/11391758.html,Bath Salts,"dead sea salt (maris sal), persea gratissima (avocado) oil, citrus aurantium bergamia (bergamot) fruit oil, santalum album (sandalwood) oil, citrus medica limonum (lemon) peel oil, cedrus atlantica (cedarwood) bark oil, pogostomon cablin (patchouli) oil, myroxylon pereirae (balsam peru) oil, dipteryx odorata bean extract, vetiveria zizanoides root oil, cinnamomum cassia oil, elettaria cardamomum (cardamon) seed oil, fragrance (parfum), lavandula angustifolia (lavender) oil, aloe barbadensis (aloe vera) leaf juice, opuntia streptacantha (cactus) stem extract & glycerin & phenoxyethanol, simmondsia chinensis (jojoba) seed oil, olea europaea (olive) fruit oil, limonene.",£12.50,"['Dry', 'Sensitive']","hydration, sensitivity"
Cowshed SLEEP Calming Bath Salts,https://www.lookfantastic.com/cowshed-sleep-calming-bath-salts/12201685.html,Bath Salts,"maris sal/sea salt/sel marin, sodium chloride (himalayan crystal) salt, glycerin (vegetable), caprylic/capric triglyceride, alchemilla vulgaris (lady’s mantle) leaf extract, hypericum perforatum (st john’s wort) leaf extract, achillea millefolium (yarrow) flower extract, squalane (olive), guaiazulene, parfum (fragrance), backhousia citriodora (lemon myrtle) leaf oil, salvia sclarea (clary sage) flower oil, anthemis nobilis (roman chamomile) flower oil, cananga odorata (ylang ylang) flower oil, lavandula angustifolia (lavender) flower oil, styrax tonkinensis (benzoin) resin extract, citrus aurantium amara (bitter orange) leaf oil, tilia cordata (linden) flower oil, citrus aurantium (neroli) flower oil, melissa officinalis (melissa) leaf oil, valeriana officinalis (valerian) root oil, linalool, citral.",£18.00,"['Dry', 'Sensitive']","hydration, sensitivity"
Mauli Himalayan Healing Salts 460g,https://www.lookfantastic.com/mauli-himalayan-healing-salts-460g/11377497.html,Bath Salts,"himalayan salts, geranium, sweet blood orange, grapefruit, lime, patchouli, sandalwood, frankincense, himalayan cedarwood. turkish rose, jasmine sambac absolute, rose otto, vanilla absolute, lavender, rose quartz crystals. naturally occurring allergens: citronellol, geraniol, linalool, eugenol, cinnamal, benzyl alcohol, farnesol.",£42.00,['All'],general
Spa Magik Organiks Muscle Therapy Ache Away Eucalyptus Bath Salts,https://www.lookfantastic.com/spa-magik-organiks-muscle-therapy-ache-away-eucalyptus-bath-salts/11391760.html,Bath Salts,"dead sea salt (maris sal), eucalyptus globulus (eucalyptus) leaf oil, mentha piperita (peppermint) oil, aloe barbadensis (aloe vera) leaf juice, opuntia streptacantha (cactus) stem extract, glycerin, phenoxyethanol, simmondsia chinensis (jojoba) seed oil, olea europaea (olive) fruit oil.",£12.50,"['Dry', 'Sensitive']","hydration, sensitivity"
L:A BRUKET No. 090 Sea Salt Bath Salt 300g,https://www.lookfantastic.com/l-a-bruket-no.-090-sea-salt-bath-salt-300g/11369959.html,Bath Salts,sodium chloride.,£6.00,['All'],general
AHAVA Natural Dead Sea Bath Salts,https://www.lookfantastic.com/ahava-natural-dead-sea-bath-salts/11293891.html,Bath Salts,100% dead sea salt.,£6.49,['All'],general
"L:A BRUKET Marigold, Orange and Geranium Sea Salt Bath 450g",https://www.lookfantastic.com/l-a-bruket-marigold-orange-and-geranium-sea-salt-bath-450g/12191147.html,Bath Salts,"geraniol, limonene, linalool, sodium chloride, calendula officinalis (marigold) flower.",£23.00,['Sensitive'],sensitivity
Bubble T Bath Salts Lemongrass & Green Tea 500g,https://www.lookfantastic.com/bubble-t-bath-salts-lemongrass-green-tea-500g/12322518.html,Bath Salts,"sodium chloride, parfum (fragrance), lycium chinense fruit extract, propylene glycol, aqua (water), citrus aurantium bergamia (bergamot) fruit oil, cymbopogon citratus leaf oil, citral, limonene, linalool, ci 14700(fd&c red 4), ci 19140(fd&c yellow 5).",£4.99,['All'],general
ila-spa Bath Salts for Cleansing 500g,https://www.lookfantastic.com/ila-spa-bath-salts-for-cleansing-500g/11355243.html,Bath Salts,"himalayan salt crystals (sodium chloride), lavender oil (lavandula augustifolia), rose geranium oil (pelargonium graveolens), juniper berry oil (juniperus communis), lemongrass oil (cymbopogon schoenanthus), patchouli oil (pogostemon cablin), naturally occurring citral, citronellol, geraniol, limonene, linalool.",£39.20,['All'],general
Sea Magik Himalayan Spa Salts 5kg,https://www.lookfantastic.com/sea-magik-himalayan-spa-salts-5kg/11974757.html,Bath Salts,sodium chloride.,£19.95,['All'],general
Westlab Cleansing Shower Wash with Pure Himalayan Salt Minerals 400ml,https://www.lookfantastic.com/westlab-cleansing-shower-wash-with-pure-himalayan-salt-minerals-400ml/11755307.html,Body Wash,"aqua (purified water), cocamidopropyl betaine, glycerin (vegetable), disodium laureth sulfosuccinate, sodium chloride (himalayan salt), coco-glucoside, sodium lauroyl methyl isethionate, parfum, peg-200 hydrogenated glyceryl palmate, sodium benzonate, peg-7 glyceryl cocoate, potassium sorbate, citric acid, sodium hydroxide.",£1.99,['Dry'],hydration
Westlab Reviving Shower Wash with Pure Epsom Salt Minerals 400ml,https://www.lookfantastic.com/westlab-reviving-shower-wash-with-pure-epsom-salt-minerals-400ml/11755306.html,Body Wash,"aqua (purified water), cocamidopropyl betaine, glycerin (vegetable), disodium laureth sulfosuccinate, coco-glucoside, magnesium sulfate (epsom salt), sodium chloride, sodium lauroyl methyl isethionate, parfum, peg-200 hydrogenated glyceryl palmate, sodium benzonate, peg-7 glyceryl cocoate, limonene, potassium sorbate, citric acid, hexyl cinnamal, linalool, sodium hydroxide.",£1.99,['Dry'],hydration
AMELIORATE Nourishing Body Wash 200ml,https://www.lookfantastic.com/ameliorate-nourishing-body-wash-200ml/11865356.html,Body Wash,"aqua/water/eau, peg-7 glyceryl cocoate, disodium cocoamphodiacetate, sodium lauroyl sarcosinate, cocamidopropyl betaine, acrylates copolymer, sodium chloride, glycerin, fragrance (parfum), phenoxyethanol, glycol distearate, borago officinalis (starflower) seed oil, camelina sativa (gold of pleasure) seed oil, peg-40 hydrogenated castor oil, trideceth-9, laureth-4, styrene/acrylamide copolymer, 1,2-hexanediol, caprylyl glycol, ethylhexylglycerin, polyquaternium-10, disodium edta, sodium hydroxide, linalool, citronellol, hydrolyzed milk protein, propylene glycol, citrus aurantium dulcis (orange) oil, limonene, coumarin, juniperus mexicana (cedarwood) oil, lactic acid, alpha-isomethyl ionone, citric acid, pelargonium graveolens (geranium) oil, pentylene glycol, serine, sodium lactate, sorbitol, urea, benzoic acid, tocopherol, allantoin.",£10.50,"['Dry', 'Oily', 'Sensitive']","hydration, uneven texture"
Bulldog Lemon & Bergamot Shower Gel 500ml,https://www.lookfantastic.com/bulldog-lemon-bergamot-shower-gel-500ml/12117257.html,Body Wash,"aqua (water), cocamidopropyl betaine, sodium methyl cocoyl taurate, sodium chloride, glycerin, lauryl glucoside, sodium methyl oleoyl taurate, sodium pca, sodium lauroyl sarcosinate, sodium benzoate, citric acid, parfum (fragrance), potassium sorbate, limonene, eugenol.",£3.38,['Dry'],hydration
Molton Brown Coastal Cypress & Sea Fennel Bath and Shower Gel 300ml,https://www.lookfantastic.com/molton-brown-coastal-cypress-sea-fennel-bath-and-shower-gel-300ml/11739213.html,Body Wash,"water / aqua / eau, sodium laureth sulfate, cocamidopropyl betaine, fragrance / parfum, laureth-7 citrate, glycerin, sodium chloride, coco-glucoside, callitris columellaris leaf/wood extract, crithmum maritimum extract, polyquaternium-7, lonicera caprifolium (honeysuckle) flower extract, lonicera japonica (honeysuckle) flower extract, propylene glycol, butylene glycol, caprylic/capric triglyceride, lauryl alcohol, myristyl alcohol, hydrogenated palm glycerides citrate, ppg-26-buteth-26, ethylhexyl methoxycinnamate, butyl methoxydibenzoylmethane, ethylhexyl salicylate, peg-40 hydrogenated castor oil, limonene, alpha-isomethyl ionone, linalool, tetrasodium glutamate diacetate, tocopherol, sodium phytate, alcohol denat., benzyl alcohol, phenoxyethanol, sodium benzoate, sorbic acid, citric acid, sodium hydroxide, peg-150 pentaerythrityl tetrastearate, ppg-2 hydroxyethyl cocamide, blue 1 / ci 42090, red 33 / ci 17200, yellow 5 / ci 19140",£22.00,['Dry'],hydration
Molton Brown Black Peppercorn Body Wash 300ml,https://www.lookfantastic.com/molton-brown-black-peppercorn-body-wash-300ml/10881872.html,Body Wash,"water / aqua / eau, sodium laureth sulfate, cocamidopropyl betaine, fragrance / parfum, propylene glycol, glycerin, laureth-7 citrate, sodium chloride, coco-glucoside, piper nigrum (pepper) seed oil, lonicera caprifolium (honeysuckle) flower extract, lonicera japonica (honeysuckle) flower extract, polyquaternium-7, hydrogenated palm glycerides citrate, peg-40 hydrogenated castor oil, ethylhexyl salicylate, butyl methoxydibenzoylmethane, diethylhexyl syringylidenemalonate, ppg-2 hydroxyethyl cocamide, limonene, linalool, citronellol, hydroxycitronellal, citral, butylphenyl methylpropional, coumarin, tetrasodium glutamate diacetate, sodium phytate, tocopherol, alcohol denat., sodium benzoate, potassium sorbate, phenoxyethanol, citric acid, sodium hydroxide, peg-150 pentaerythrityl tetrastearate, red 4 / ci 14700, blue 1 / ci 42090.",£22.00,['Dry'],hydration
Bulldog Peppermint & Eucalyptus Shower Gel 500ml,https://www.lookfantastic.com/bulldog-peppermint-eucalyptus-shower-gel-500ml/12117255.html,Body Wash,"aqua (water), cocamidopropyl betaine, sodium methyl cocoyl taurate, glycerin, sodium chloride, lauryl glucoside, sodium methyl oleoyl taurate, sodium pca, sodium lauroyl sarcosinate, sodium benzoate, citric acid, parfum (fragrance), potassium sorbate.",£3.38,['Dry'],hydration
Molton Brown Delicious Rhubarb and Rose Bath and Shower Gel (300ml),https://www.lookfantastic.com/molton-brown-delicious-rhubarb-and-rose-bath-and-shower-gel-300ml/11082964.html,Body Wash,"water (aqua), sodium laureth sulfate, cocamidopropyl betaine, fragrance (parfum), laureth-7 citrate, sodium chloride, propylene glycol, coco-glucoside, lonicera caprifolium (honeysuckle) flower extract, lonicera japonica (honeysuckle) flower extract, rheum rhabarbarum stalk extract, rosa multiflora fruit extract, ethylhexylglycerin, glycerin, ppg-26-buteth-26, peg-40 hydrogenated castor oil, benzophenone-4, butyl methoxydibenzoylmethane, ethylhexyl methoxycinnamate, ethylhexyl salicylate, benzyl alcohol, benzyl salicylate, citral, citronellol, geraniol, limonene, linalool, sodium phytate, tetrasodium glutamate diacetate, butylene glycol, salicylic acid, sorbic acid, phenoxyethanol, sodium hydroxide, caramel, red 33 (ci 17200).",£22.00,"['Dry', 'Oily']","acne, hydration, blackheads"
Elizabeth Arden White Tea Shower Gel 400ml,https://www.lookfantastic.com/elizabeth-arden-white-tea-shower-gel-400ml/11394277.html,Body Wash,"water/aqua/eau, sodium laureth sulfate, polysorbate 20, parfum/fragrance, decyl glucoside, lauryl glucoside, cocamidopropyl betaine, peg-150 distearate, sodium chloride, peg-8 dimethicone, butylene glycol, camellia sinensis leaf extract, peg-150 pentaerythrityl tetrastearate, peg-6 caprylic/capric glycerides, bht, farnesol, geraniol, linalool, dmdm hydantoin, phenoxyethanol.",£13.00,['All'],general
Bulldog Original Shower Gel 500ml,https://www.lookfantastic.com/bulldog-original-shower-gel-500ml/12117256.html,Body Wash,"aqua (water), aloe barbadensis leaf juice, coco-glucoside, cocamidopropyl betaine, disodium cocoamphodiacetate, glycerin, rosmarinus officinalis (rosemary) leaf oil, citrus aurantium bergamia (bergamot) peel oil, coriandrum sativum (coriander) seed oil, mentha piperita (peppermint) oil, eucalyptus globulus leaf oil, litsea cubeba fruit oil, ocimum basilicum (basil) oil, menthol, acrylates /c10-30 alkyl acrylate crosspolymer, sodium chloride, limonene, linalool, sodium hydroxide, benzoic acid, dehydroacetic acid, phenoxyethanol.",£3.38,['Dry'],hydration
L'Oréal Paris Men Expert Total Clean Shower Gel 300ml,https://www.lookfantastic.com/l-oreal-paris-men-expert-total-clean-shower-gel-300ml/11324335.html,Body Wash,"aqua / water, sodium laureth sulfate, glycerin, acrylates copolymer, parfum / fragrance, sodium chloride, coco-betaine, ci 19140 / yellow 5, ci 14700 / red 4, charcoal powder, sodium benzoate, sodium hydroxide, sodium dehydroacetate, ppg-5-ceteth-20, peg-150 pentaerythrityl tetrastearate, peg-6 caprylic/capric glycerides, peg-90m, salicylic acid, polyquaternium-7, polyglycerin-10, polyglyceryl-10 myristate, polyglyceryl-10 stearate, limonene, linalool, pentylene glycol, mentha piperita extract / peppermint extract, citric acid, bht, coumarin, styrene/acrylates copolymer.",£2.99,"['Dry', 'Oily']","acne, hydration, oil control, blackheads"
Molton Brown Fiery Pink Bath and Shower Gel 300ml,https://www.lookfantastic.com/molton-brown-fiery-pink-bath-and-shower-gel-300ml/10881870.html,Body Wash,"water / aqua / eau, sodium laureth sulfate, laureth-4, fragrance / parfum, peg-40 hydrogenated castor oil, lonicera caprifolium (honeysuckle) flower extract, lonicera japonica (honeysuckle) flower extract, caprylic/capric triglyceride, lauryl alcohol, myristyl alcohol, peg-18 glyceryl oleate/cocoate, ethylhexyl salicylate, butyl methoxydibenzoylmethane, diethylhexyl syringylidenemalonate, limonene, butylphenyl methylpropional, hydroxycitronellal, citral, tetrasodium glutamate diacetate, sodium phytate, tocopherol, butylene glycol, alcohol denat., propylene glycol, phenoxyethanol, benzyl alcohol, sorbic acid, sodium chloride, citric acid, sodium hydroxide, red 33 / ci 17200, yellow 6 / ci 15985, blue 1 / ci 42090, red 4 / ci 14700.",£22.00,['Dry'],general
Jo Malone London Lime Basil and Mandarin Soap 100g,https://www.lookfantastic.com/jo-malone-london-lime-basil-and-mandarin-soap-100g/12079152.html,Body Wash,"water\aqua\eau, stearic acid, butylene glycol, ethylhexyl palmitate, tocopheryl acetate, prunus armeniaca (apricot) kernel oil, glycerin, coco-caprylate/caprate, hydrogenated polyisobutene, ethylhexyl hydroxystearate, dimethicone, triethanolamine, cetyl alcohol, saccharomyces lysate extract, hordeum vulgare (barley) extract\extrait d'orge, triticum vulgare (wheat) germ extract, sodium hyaluronate, carbomer, paeonia albiflora (peony) root extract, sorbitan stearate, phytosphingosine, trehalose, caffeine, cholesterol, linoleic acid, hydrogenated lecithin, fragrance (parfum), squalane, propylene glycol dicaprate, disodium edta, hydroxyisohexyl 3-cyclohexene carboxaldehyde, limonene, linalool, hexyl cinnamal, bht, sodium dehydroacetate, phenoxyethanol.",£16.00,['Dry'],"hydration, under-eye"
ESPA Bergamot and Jasmine Bath and Shower Gel 250ml,https://www.lookfantastic.com/espa-bergamot-jasmine-bath-shower-gel/12226515.html,Body Wash,"aqua (water), cocamidopropyl betaine, sodium lauroyl sarcosinate, polyglyceryl-4 caprate, sodium lauryl sulfoacetate, caprylyl/capryl glucoside, peg-120 methyl glucose dioleate, benzyl alcohol, betaine, limonene, sodium chloride, sodium sulfate, fragrance (parfum), citrus aurantium bergamia (bergamot) fruit oil, citrus limon (lemon) peel oil, juniperus mexicana oil, citrus aurantium dulcis (orange) peel oil, sodium benzoate, citrus aurantifolia (lime) oil, eucalyptus globulus leaf oil, linalool, dehydroacetic acid, abies sibirica oil, mentha arvensis leaf oil, zingiber officinale (ginger) root oil, citral, cupressus sempervirens leaf oil, cymbopogon nardus (citronella) oil, melaleuca alternifolia (tea tree) leaf oil, myrocarpus fastigiatus oil, cistus ladaniferus oil, dipteryx odorata seed extract, ferula galbaniflua (galbanum) resin oil, fucus vesiculosus extract, jasminum officinale (jasmine) flower extract, lavandula angustifolia (lavender) flower extract, tocopherol, citric acid.",£19.00,['Oily'],"acne, oil control"
Molton Brown Orange & Bergamot Bath and Shower Gel,https://www.lookfantastic.com/molton-brown-orange-bergamot-bath-and-shower-gel/10881881.html,Body Wash,"water / aqua / eau, sodium laureth sulfate, cocamidopropyl betaine, propylene glycol, glycerin, limonene, fragrance / parfum, sodium chloride, coco-glucoside, citrus aurantium dulcis (orange) peel oil, polyquaternium-7, hydrogenated palm glycerides citrate, laureth-7 citrate, peg-40 hydrogenated castor oil, ethylhexyl salicylate, butyl methoxydibenzoylmethane, diethylhexyl syringylidenemalonate, ppg-2 hydroxyethyl cocamide, linalool, hexyl cinnamal, amyl cinnamal, hydroxycitronellal, eugenol, butylphenyl methylpropional, tetrasodium glutamate diacetate, tocopherol, sodium benzoate, citric acid, sodium hydroxide, peg-150 pentaerythrityl tetrastearate.",£22.00,['Dry'],hydration
Sanctuary Spa Classic Body Wash 250ml,https://www.lookfantastic.com/sanctuary-spa-classic-body-wash-250ml/11794089.html,Body Wash,"aqua (water), sodium laureth sulfate, glycerin, acrylates/c10-30 alkyl acrylate crosspolymer, peg-40 hydrogenated castor oil, phenoxyethanol, sodium benzoate, sodium hydroxide, parfum (fragrance), benzyl alcohol, butyl methoxydibenzoylmethane, propylene glycol, sesamum indicum (sesame) seed oil, aluminum starch octenylsuccinate, agar, simmondsia chinensis (jojoba) seed oil, tocopheryl acetate, chlorphenesin, mica, polyquaternium-39, tin oxide, hexyl cinnamal, linalool, limonene, benzyl salicylate, ci 73360 (red 30 lake), ci 15985 (yellow 6), ci 77891 (titanium dioxide), ci 16035 (red 40), ci 42090 (blue 1).",£6.00,['Dry'],hydration
Sukin Botanical Body Wash (500ml),https://www.lookfantastic.com/sukin-botanical-body-wash-500ml/10961551.html,Body Wash,"water (aqua), aloe barbadensis leaf juice, cocamidopropyl betaine, decyl glucoside, peg-150 pentaerythrityl tetrastearate, glycerin, rosa canina fruit oil (rose hip), simmondsia chinensis (jojoba) seed oil, persea gratissima (avocado) oil, tocopherol (vitamin e), chamomilla recutita (matricaria) flower extract (chamomile), yucca schidigera root extract, lavandula angustifolia (lavender) flower extract, citrus tangerina (tangerine) peel oil, citrus nobilis (mandarin orange) peel oil, lavandula angustifolia (lavender) oil, vanillin, vanilla planifolia fruit extract, phenoxyethanol, benzyl alcohol, limonene, linalool.",£9.95,"['Dry', 'Sensitive', 'Normal']","hydration, sensitivity"
Molton Brown Russian Leather Bath & Shower Gel 300ml,https://www.lookfantastic.com/molton-brown-russian-leather-bath-shower-gel-300ml/11538185.html,Body Wash,"water / aqua / eau, sodium laureth sulfate, cocamidopropyl betaine, fragrance / parfum, glycerin, sodium chloride, coco-glucoside, propylene glycol, polyquaternium-7, lonicera caprifolium (honeysuckle) flower extract, lonicera japonica (honeysuckle) flower extract, laureth-7 citrate, peg-40 hydrogenated castor oil, ethylhexyl salicylate, butyl methoxydibenzoylmethane, diethylhexyl syringylidenemalonate, coumarin, tocopherol, sodium phytate, tetrasodium glutamate diacetate, sodium benzoate, phenoxyethanol, citric acid, sodium hydroxide, peg-150 pentaerythrityl tetrastearate, ppg-2 hydroxyethyl cocamide, hydrogenated palm glycerides citrate, alcohol denat., blue 1 / ci 42090, red 4 / ci 14700, yellow 6 / ci 15985.",£22.00,['Dry'],hydration
Burt's Bees Baby Bee Shampoo & Body Wash (236ml),https://www.lookfantastic.com/burt-s-bees-baby-bee-shampoo-body-wash-235ml/10542794.html,Body Wash,"aqua, decyl glucoside, coco-betaine, lauryl glucoside, sucrose laurate, glycerin, parfum, betaine, sodium cocoyl hydrolyzed soy protein, coco-glucoside, xanthan gum, glucose, glyceryl oleate, sodium chloride, citric acid, potassium iodide, potassium thiocyanate, tocopherol, glucose oxidase, lactoperoxidase, hydrogenated palm glycerides citrate, lecithin, ascorbyl palmitate, limonene",£8.49,['Dry'],hydration
Bulldog Black Pepper & Vetiver Shower Gel 500ml,https://www.lookfantastic.com/bulldog-black-pepper-vetiver-shower-gel-500ml/12117258.html,Body Wash,"aqua (water), cocamidopropyl betaine, sodium methyl cocoyl taurate, sodium chloride, glycerin, lauryl glucoside, sodium methyl oleoyl taurate, sodium pca, sodium lauroyl sarcosinate, sodium benzoate, citric acid, parfum (fragrance), potassium sorbate, limonene, eugenol.",£3.38,['Dry'],hydration
Rituals The Ritual of Sakura Foaming Shower Gel (200ml),https://www.lookfantastic.com/rituals-the-ritual-of-sakura-foaming-shower-gel-200ml/11264136.html,Body Wash,"aqua/water, sodium laureth sulfate, isopentane, cocamidopropyl betaine, sorbitol, isopropyl palmitate, parfum/fragrance, peg-120 methyl glucose dioleate, isobutane, guar hydroxypropyltrimonium chloride, sodium benzoate, citric acid, peg-40 hydrogenated castor oil, oryza sativa (rice) extract, glycerin, prunus cerasus (bitter cherry) extract, butylene glycol, alpha-isomethyl ionone, benzyl alcohol, benzyl salicylate, butylphenyl methylpropional, cinnamyl alcohol, citronellol, coumarin, geraniol, hexyl cinnamal, linalool.",£8.50,['Dry'],hydration
Molton Brown Jasmine & Sun Rose Bath & Shower Gel,https://www.lookfantastic.com/molton-brown-jasmine-sun-rose-bath-shower-gel/11835660.html,Body Wash,"water / aqua / eau, sodium laureth sulfate, cocamidopropyl betaine, fragrance / parfum, propylene glycol, laureth-7 citrate, glycerin, sodium chloride, coco-glucoside, polyquaternium-7, lonicera caprifolium (honeysuckle) flower extract, lonicera japonica (honeysuckle) flower extract, caprylyl glycol, hydrogenated palm glycerides citrate, ethylhexyl salicylate, limonene, linalool, geraniol, hydroxycitronellal, tetrasodium glutamate diacetate, tocopherol, sodium phytate, alcohol denat., phenoxyethanol, sodium benzoate, citric acid, sodium hydroxide, butyl methoxydibenzoylmethane, diethylhexyl syringylidenemalonate, peg-150 pentaerythrityl tetrastearate, ppg-2 hydroxyethyl cocamide, red 4 / ci 14700, yellow 5 / ci 19140.",£22.00,['Dry'],hydration
Molton Brown Ylang-Ylang Bath and Shower Gel 300ml,https://www.lookfantastic.com/molton-brown-ylang-ylang-bath-and-shower-gel-300ml/10881874.html,Body Wash,"water / aqua / eau, sodium laureth sulfate, cocamidopropyl betaine, propylene glycol, laureth-7 citrate, fragrance / parfum, glycerin, sodium chloride, coco-glucoside, lonicera caprifolium (honeysuckle) flower extract, lonicera japonica (honeysuckle) flower extract, polyquaternium-7, hydrogenated palm glycerides citrate, ethylhexyl salicylate, butyl methoxydibenzoylmethane, diethylhexyl syringylidenemalonate, ppg-2 hydroxyethyl cocamide, hydroxycitronellal, linalool, limonene, tetrasodium glutamate diacetate, sodium phytate, tocopherol, alcohol denat., sodium benzoate, phenoxyethanol, citric acid, sodium hydroxide, peg-150 pentaerythrityl tetrastearate, red 33 / ci 17200, blue 1 / ci 42090.",£22.00,['Dry'],hydration
Bioderma Atoderm Shower Gel 1L,https://www.lookfantastic.com/bioderma-atoderm-shower-gel-1l/11688466.html,Body Wash,"water (aqua), sodium laureth sulfate, cocobetaine, sodium lauroyl sarcosinate, glycerin, methylpropanediol, mannitol, xylitol, rhamnose, fructooligosaccharides, copper sulfate, cocoglucoside, glyceryl oleate, sodium chloride, disodium edta, capryloyl glycine, citric acid, sodium hydroxide, fragrance (parfum).",£13.50,['Dry'],hydration
Molton Brown Tobacco Absolute Bath and Shower Gel (300ml),https://www.lookfantastic.com/molton-brown-tobacco-absolute-bath-and-shower-gel-300ml/11183343.html,Body Wash,"water / aqua / eau, sodium laureth sulfate, cocamidopropyl betaine, propylene glycol, fragrance / parfum, peg-40 hydrogenated castor oil, glycerin, sodium chloride, coco-glucoside, polyquaternium-7, lonicera caprifolium (honeysuckle) flower extract, lonicera japonica (honeysuckle) flower extract, laureth-7 citrate, ethylhexyl salicylate, butyl methoxydibenzoylmethane, diethylhexyl syringylidenemalonate, limonene, linalool, coumarin, citral, eugenol, sodium phytate, tocopherol, tetrasodium glutamate diacetate, sodium benzoate, phenoxyethanol, citric acid, sodium hydroxide, peg-150 pentaerythrityl tetrastearate, ppg-2 hydroxyethyl cocamide, hydrogenated palm glycerides citrate, alcohol denat., red 4 / ci 14700, yellow 6 / ci 15985, blue 1 / ci 42090.",£22.00,['Dry'],hydration
La Roche-Posay Lipikar Syndet AP(+) Shower Gel 400ml,https://www.lookfantastic.com/la-roche-posay-lipikar-syndet-ap-shower-gel-400ml/12021437.html,Body Wash,"aqua, water, glycerin, sodium laureth sulfate, peg-200 hydrogenated glyceryl palmate, coco-betaine, polysorbate 20, citric acid, peg-7 glyceryl cocoate, niacinamide, acrylates copolymer, butyrospermum parkii butter / shea butter, cocamide mea, disodium edta, glycol distearate, mannose, polyquaternium-11, sodium benzoate, sodium chloride, sodium hydroxide, vitreoscilla ferment.",£16.50,"['Dry', 'Oily', 'Normal']","acne, hydration, brightening, dark spots, oil control, under-eye"
DECLÉOR Luxury Size Neroli Shower Gel 400ml,https://www.lookfantastic.com/decleor-luxury-size-neroli-shower-gel-400ml/12137776.html,Body Wash,"aqua / water, sodium coco-sulfate, coco-betaine, glycerin, polyglyceryl-4 caprate, parfum / fragrance, aloe barbadensis leaf juice powder, citric acid, menthol, sodium hydroxide, citrus aurantium amara flower oil / bitter orange flower oil, sodium chloride, geraniol, limonene, linalool, salicylic acid, sodium benzoate.",£17.50,"['Dry', 'Oily']","acne, hydration, blackheads"
Bondi Sands Body Wash - Coconut 500ml,https://www.lookfantastic.com/bondi-sands-body-wash-coconut-500ml/12514154.html,Body Wash,"aqua, cocomidopropyl betaine, coco-glucoside(and) glyceryl oleate, sodium lauroyl sarcosinate, sodium lauroyl methyl isethionate, fragrance, aloe barbadensis extract, anise alcohol, benzyl benzoate, dipropylene glycol, disodium edetate, glycerin, hydroxyacetophenone, phenoxyethanol, potassium sorbate, sodium benzoate, sodium chloride, sodium cocoyl isethionate, sodium methyl oleoyl taurate.",£7.99,['Dry'],hydration
Molton Brown Eucalyptus Body Wash,https://www.lookfantastic.com/molton-brown-eucalyptus-body-wash/10881882.html,Body Wash,"water / aqua / eau, sodium laureth sulfate, cocamidopropyl betaine, propylene glycol, fragrance / parfum, glycerin, sodium chloride, coco-glucoside, eucalyptus globulus leaf extract, polyquaternium-7, lonicera caprifolium (honeysuckle) flower extract, lonicera japonica (honeysuckle) flower extract, peg-40 hydrogenated castor oil, ethylhexyl salicylate, diethylhexyl syringylidenemalonate, butyl methoxydibenzoylmethane, laureth-7 citrate, coumarin, linalool, geraniol, eugenol, citronellol, butylphenyl methylpropional, tetrasodium glutamate diacetate, tocopherol, sodium phytate, sodium benzoate, citric acid, sodium hydroxide, peg-150 pentaerythrityl tetrastearate, ppg-2 hydroxyethyl cocamide, hydrogenated palm glycerides citrate, alcohol denat., yellow 5 / ci 19140, green 3 / ci 42053.",£22.00,['Dry'],hydration
Molton Brown Oudh Accord and Gold Body Wash (300ml),https://www.lookfantastic.com/molton-brown-oudh-accord-and-gold-body-wash-300ml/10998986.html,Body Wash,"water / aqua / eau, sodium laureth sulfate, acrylates copolymer, fragrance / parfum, peg-40 hydrogenated castor oil, cocamidopropyl betaine, polysorbate 20, phenoxyethanol, benzyl alcohol, peg-18 glyceryl oleate/cocoate, sodium hydroxide, sodium chloride, caramel, sodium phytate, ppg-26-buteth-26, ethylhexylglycerin, coumarin, limonene, ethylhexyl methoxycinnamate, hexyl cinnamal, cinnamyl alcohol, glycerin, linalool, eugenol, citric acid, pentylene glycol, butyl methoxydibenzoylmethane, ethylhexyl salicylate, alcohol denat., camellia sinensis leaf extract, gold, terminalia arjuna extract, sodium benzoate, potassium sorbate, copper powder, silver.",£24.00,['Dry'],hydration
Bloom & Blossom George's Candy Floss & Marshmallow Handwash,https://www.lookfantastic.com/bloom-blossom-george-s-candy-floss-marshmallow-handwash/12186772.html,Body Wash,"aqua (water), sodium lauroyl methyl isethionate, cocamidopropyl betaine, sodium methyl oleoyl taurate, coco-glucoside, lauryl glucoside, parfum (fragrance), citric acid, sodium benzoate, phenoxyethanol",£3.19,['All'],general
L'Oréal Paris Men Expert Hydra Power Shower Gel 300ml,https://www.lookfantastic.com/l-oreal-paris-men-expert-hydra-power-shower-gel-300ml/11324332.html,Body Wash,"aqua / water, sodium laureth sulfate, cocobetaine, glycerin, sodium chloride, ci 60730 / ext. violet 2, ci 42090 / blue 1, sodium benzoate, sodium hydroxide, ppg-5-ceteth-20, peg-150 distearate, salicylic acid, polyquaternium-7, linalool, pentylene glycol, mentha piperita extract / peppermint extract, alpha-isomethyl ionone, parfum / fragrance, disodium laureth sulfosuccinate, citric acid, coumarin, hexyl cinnamal, styrene/ acrylates copolymer",£2.99,"['Dry', 'Oily']","acne, hydration, blackheads"
Jo Malone London Lime Basil and Mandarin Body and Hand Wash 100ml,https://www.lookfantastic.com/jo-malone-london-lime-basil-and-mandarin-body-and-hand-wash-various-sizes/12079040.html,Body Wash,"water\aqua\eau, aloe barbadensis leaf juice, caprylic/capric/myristic/stearic triglyceride, butylene glycol, hydrogenated polyisobutene, ppg-5-ceteth-20, cocos nucifera (coconut) oil, cetyl acetate, fragrance (parfum), peg-40 stearate, glyceryl stearate, sodium hyaluronate, isopropyl jojobate, jojoba alcohol, dimethicone, sorbitan stearate, jojoba esters, tromethamine, carbomer, limonene, butylphenyl methylpropional, linalool, eugenol, geraniol, citronellol, alpha-isomethyl ionone, coumarin, amyl cinnamal, citral, disodium edta, phenoxyethanol.",£16.00,['All'],general
Jo Malone London Lime Basil and Mandarin Body and Hand Wash 250ml,https://www.lookfantastic.com/jo-malone-london-lime-basil-and-mandarin-body-and-hand-wash-various-sizes/12079040.html,Body Wash,"water\aqua\eau, aloe barbadensis leaf juice, caprylic/capric/myristic/stearic triglyceride, butylene glycol, hydrogenated polyisobutene, ppg-5-ceteth-20, cocos nucifera (coconut) oil, cetyl acetate, fragrance (parfum), peg-40 stearate, glyceryl stearate, sodium hyaluronate, isopropyl jojobate, jojoba alcohol, dimethicone, sorbitan stearate, jojoba esters, tromethamine, carbomer, limonene, butylphenyl methylpropional, linalool, eugenol, geraniol, citronellol, alpha-isomethyl ionone, coumarin, amyl cinnamal, citral, disodium edta, phenoxyethanol.",£32.00,['All'],general
Aveeno Baby Daily Care Baby Gentle Wash 500ml,https://www.lookfantastic.com/aveeno-baby-daily-care-baby-gentle-wash-500ml/11724603.html,Body Wash,"aqua, glycerin, cocamidopropyl betaine, sodium lauroamphoacetate, coco-glucoside, sodium chloride, hydroxypropyl starch phosphate, avena sativa kernel flour, aloe barbadensis leaf juice, olea europaea leaf extract, chamomilla recutita extract, helianthus annuus seed oil, sarcosine, magnesium aspartate, potassium aspartate, polyquaternium-7, polysorbate 20, sodium cocoyl amino acids, acrylates/c10-30 alkyl acrylate crosspolymer, propylene glycol, citric acid, sodium hydroxide, tocopherol, tocopheryl acetate, sodium benzoate, potassium sorbate, sodium sulfite, parfum.",£6.00,"['Dry', 'Normal']",hydration
L'Oréal Paris Men Expert Clean Power Shower Gel 300ml,https://www.lookfantastic.com/l-oreal-paris-men-expert-clean-power-shower-gel-300ml/11324337.html,Body Wash,"aqua/water, sodium laureth sulfate, glycerin, sodium chloride, coco-betaine, parfum/fragrance, ci 19140/yellow 5, ci 42090/blue 1, sodium benzoate, sodium acetate, sodium hydroxide, ppg-5-ceteth-20, polyquaternium-10, salicylic acid, limonene, linalool, pentylene glycol, mentha piperita extract/peppermint extract, isopropyl alcohol, geraniol, citrus limon fruit extract, lemon fruit extract, citronellol, citric acid.",£2.99,"['Dry', 'Oily']","acne, hydration, blackheads"
Weleda Baby Calendula Shampoo and Body Wash (200ml),https://www.lookfantastic.com/weleda-baby-calendula-shampoo-and-body-wash-200ml/10810414.html,Body Wash,"water (aqua), coco-glucoside, prunus amygdalus dulcis (sweet almond) oil, alcohol, disodium cocoyl glutamate, sesamum indicum (sesame) seed oil, glycerin, chondrus crispus (carrageenan), calendula officinalis flower extract, xanthan gum, lactic acid, fragrance (parfum), limonene, linalool.",£7.95,"['Dry', 'Oily', 'Sensitive']","hydration, sensitivity, uneven texture"
Bioderma Pigmentbio Brightening Face and Body Cleanser 200ml,https://www.lookfantastic.com/bioderma-pigmentbio-brightening-face-and-body-cleanser-200ml/12520435.html,Body Wash,"aqua/water/eau, citric acid, butyrospermum parkii (shea) oil, magnesium laureth sulfate, sodium hydroxide, cellulose acetate, sodium cocoamphoacetate, methylpropanediol, acrylates/c10-30 alkyl acrylate crosspolymer, coco-glucoside, glyceryl oleate, sodium cocoyl glutamate, xanthan gum, sodium citrate, benzoic acid, propanediol, acrylates/vinyl isodecanoate crosspolymer, mannitol, xylitol, rhamnose, tocopherol, helianthus annuus (sunflower) seed oil, lysine, azelaic acid, andrographis paniculata leaf extract, fructooligosaccharides, caprylic/capric triglyceride, hydrogenated palm glycerides citrate, laminaria ochroleuca extract, fragrance (parfum).",£15.00,['Oily'],general
Aveeno Daily Moisturising Yogurt Body Wash Vanilla & Oat Scented 300ml,https://www.lookfantastic.com/aveeno-daily-moisturising-yogurt-body-wash-vanilla-oat-scented-300ml/11433755.html,Body Wash,"aqua, glycerin, cocamidopropyl betaine, sodium laureth sulfate, sodium hydrolyzed potato starch dodecenylsuccinate, avena sativa kernel flour, yogurt powder, guar hydroxypropyltrimonium chloride, polyquaternium-10, acrylates/c10-30 alkyl acrylate crosspolymer, sodium chloride, glycol distearate, laureth-4, tetrasodium glutamate diacetate, citric acid, lactic acid, sodium hydroxide, sodium benzoate, parfum, benzyl alcohol, benzyl salicylate.",£7.82,"['Dry', 'Oily']","hydration, uneven texture"
Rituals The Ritual of Ayurveda Foaming Shower Gel 200ml,https://www.lookfantastic.com/rituals-the-ritual-of-ayurveda-foaming-shower-gel-200ml/11582953.html,Body Wash,"aqua/water, sodium laureth sulfate, cocamidopropyl betaine, isopentane, sorbitol, isopropyl palmitate, parfum/fragrance, isobutane, peg-120 methyl glucose dioleate, sodium chloride, sodium benzoate, peg-40 hydrogenated castor oil, citric acid, guar hydroxypropyltrimonium chloride, prunus amygdalus dulcis (sweet almond) oil, rosa damascena flower oil, hexyl cinnamal, limonene, linalool, coumarin, butylphenyl methylpropional, citronellol, benzyl benzoate.",£8.50,['All'],general
Bioderma Atoderm Shower Oil 200ml,https://www.lookfantastic.com/bioderma-atoderm-shower-oil-200ml/11688468.html,Body Wash,"aqua/water/eau, glycerin, peg-7 glyceryl cocoate, sodium cocoamphoacetate, lauryl glucoside, coco-glucoside, glyceryl oleate, citric acid, peg-90 glyceryl isostearate, fragrance (parfum), mannitol, polysorbate 20, xylitol, laureth-2, rhamnose, niacinamide, fructooligosaccharides, tocopherol, hydrogenated palm glycerides citrate, lecithin, ascorbyl palmitate.",£9.00,"['Dry', 'Oily', 'Normal']","acne, hydration, brightening, dark spots, oil control, under-eye"
Aveeno Baby Daily Care Hair & Body Wash 500ml,https://www.lookfantastic.com/aveeno-baby-daily-care-hair-body-wash-500ml/11984361.html,Body Wash,"aqua, coco-glucoside, cocamidopropyl betaine, avena sativa kernel flour, avena sativa kernel extract, glycerin, glyceryl oleate, hydrogenated palm glycerides citrate, p-anisic acid, acrylates/c10-30 alkyl acrylate crosspolymer, sodium chloride, citric acid, sodium hydroxide, tocopherol, phenoxyethanol, sodium benzoate, parfum.",£7.99,['Dry'],hydration
Rituals The Ritual of Ayurveda Shower Oil 200ml,https://www.lookfantastic.com/rituals-the-ritual-of-ayurveda-shower-oil-200ml/11582954.html,Body Wash,"glycine soja (soybean) oil, mipa-laureth sulfate, laureth-3, caprylic/capric triglyceride, ricinus communis (castor seed) oil, propylene glycol, laureth-4, parfum/fragrance, laureth-7 citrate, cocamide mipa, prunus amygdalus dulcis (sweet almond) oil, rosa damascena flower water, tocopherol, helianthus annuus (sunflower) seed oil, methylpropanediol, lauryl alcohol, diphosphonic acid, lauric acid, hydrogenated palm glycerides citrate, benzyl benzoate, citral, citronellol, coumarin, hexyl cinnamal, linalool, butylphenyl methylpropional, limonene, sodium benzoate, potassium sorbate, sorbic acid.",£8.50,['All'],general
L'Oréal Paris Men Expert Cool Power Shower Gel 300ml,https://www.lookfantastic.com/l-oreal-paris-men-expert-cool-power-shower-gel-300ml/11324336.html,Body Wash,"aqua / water, sodium laureth sulfate, glycerin, sodium chloride, coco-betaine, ci 42090 / blue 1, ci 14700 / red 4, sodium benzoate, sodium acetate, sodium hydroxide, ppg-5-ceteth-20, polyquaternium-10, salicylic acid, limonene, menthol, linalool, pentylene glycol, mentha, piperi ta extract / peppermint extract, isopropyl alcohol, parfum / fragrance, citric acid, hexyl cinnamal.",£2.99,"['Dry', 'Oily']","acne, hydration, blackheads"
Molton Brown Vetiver & Grapefruit Bath and Shower Gel 300ml,https://www.lookfantastic.com/molton-brown-vetiver-grapefruit-bath-and-shower-gel-300ml/11739209.html,Body Wash,"water / aqua / eau, sodium laureth sulfate, cocamidopropyl betaine, fragrance / parfum, propylene glycol, laureth-7 citrate, glycerin, sodium chloride, coco-glucoside, lonicera caprifolium (honeysuckle) flower extract, lonicera japonica (honeysuckle) flower extract, polyquaternium-7, hydrogenated palm glycerides citrate, ethylhexyl salicylate, butyl methoxydibenzoylmethane, diethylhexyl syringylidenemalonate, ppg-2 hydroxyethyl cocamide, limonene, linalool, citral, citronellol, tetrasodium glutamate diacetate, tocopherol, sodium phytate, caprylyl glycol, alcohol denat., phenoxyethanol, sodium benzoate, citric acid, sodium hydroxide, peg-150 pentaerythrityl tetrastearate, yellow 5 / ci 19140, red 4 / ci 14700.",£22.00,['Dry'],hydration
Jo Malone London Pomegranate Noir Body and Hand Wash 100ml,https://www.lookfantastic.com/jo-malone-london-pomegranate-noir-body-and-hand-wash-various-sizes/12079064.html,Body Wash,"water\aqua\eau, sodium laureth sulfate, fragrance (parfum), lauramidopropyl betaine, ceteth-20, glycerin, limnanthes alba (meadowfoam) seed oil, ethylhexylglycerin, sucrose, caffeine, peg-6 caprylic/capric glycerides, caprylyl glycol, butylene glycol, polysorbate 20, peg-7 glyceryl cocoate, peg-120 methyl glucose dioleate, sodium chloride, pentylene glycol, hexylene glycol, polyquaternium-7, peg-150 pentaerythrityl tetrastearate, citric acid, phenoxyethanol, methylchloroisothiazolinone, methylisothiazolinone, hydroxycitronellal, linalool, limonene, yellow 6 (ci 15985), yellow 5 (ci 19140).",£16.00,['Dry'],"hydration, under-eye"
Jo Malone London Pomegranate Noir Body and Hand Wash 250ml,https://www.lookfantastic.com/jo-malone-london-pomegranate-noir-body-and-hand-wash-various-sizes/12079064.html,Body Wash,"water\aqua\eau, sodium laureth sulfate, fragrance (parfum), lauramidopropyl betaine, ceteth-20, glycerin, limnanthes alba (meadowfoam) seed oil, ethylhexylglycerin, sucrose, caffeine, peg-6 caprylic/capric glycerides, caprylyl glycol, butylene glycol, polysorbate 20, peg-7 glyceryl cocoate, peg-120 methyl glucose dioleate, sodium chloride, pentylene glycol, hexylene glycol, polyquaternium-7, peg-150 pentaerythrityl tetrastearate, citric acid, phenoxyethanol, methylchloroisothiazolinone, methylisothiazolinone, hydroxycitronellal, linalool, limonene, yellow 6 (ci 15985), yellow 5 (ci 19140).",£32.00,['Dry'],"hydration, under-eye"
Sanctuary Spa Body Wash 75ml,https://www.lookfantastic.com/sanctuary-spa-body-wash-75ml/11975627.html,Body Wash,"aqua (water), sodium laureth sulfate, glycerin, acrylates/c10-30 alkyl acrylate crosspolymer, peg-40 hydrogenated castor oil, phenoxyethanol, sodium benzoate, sodium hydroxide, parfum (fragrance), benzyl alcohol, butyl methoxydibenzoylmethane, propylene glycol, sesamum indicum (sesame) seed oil, aluminum starch octenylsuccinate, agar, simmondsia chinensis (jojoba) seed oil, tocopheryl acetate, chlorphenesin, mica, polyquaternium-39,  tin oxide, hexyl cinnamal, linalool, limonene, benzyl salicylate, ci 73360 (red 30 lake), ci 15985 (yellow 6), ci 77891 (titanium dioxide), ci 16035 (red 40), ci 42090 (blue 1).",£2.50,['Dry'],hydration
Shea Moisture African Black Soap Soothing Body Wash 384ml,https://www.lookfantastic.com/shea-moisture-african-black-soap-soothing-body-wash-384ml/11982741.html,Body Wash,"water (aqua), sodium lauroyl methyl isethionate, cocamidopropyl, betaine, glycerin (vegetable), fragrance (parfum), jojoba esters, caramel, caprylyl glycol, guar hydroxypropyltrimonium chloride, butyrospermum parkii (shea) butter, caprylhydroxamic acid, tocopherol, glycine soja (soybean) oil, sodium palm kernelate, sodium, shea butterate, sodium cocoate, theobroma cacao (cocoa) plant ash, aloe barbadensis leaf juice, ci 77499, avena sativa (oat) bran extract, sodium chloride, coumarin.",£11.99,['Dry'],hydration
Jo Malone London Peony and Blush Suede Body and Hand Wash 250ml,https://www.lookfantastic.com/jo-malone-london-peony-and-blush-suede-body-and-hand-wash-250ml/12079172.html,Body Wash,"prunus amygdalus dulcis (sweet almond) oil, c12-13 pareth -3, isopropyl palmitate, fragrance (parfum), simmondsia chinensis (jojoba) seed oil, polysorbate 85, persea gratissima (avocado) oil, dipropylene glycol, benzyl benzoate, citronellol, limonene.",£32.00,['All'],general
REN Moroccan Rose Otto Body Wash,https://www.lookfantastic.com/ren-clean-skincare-moroccan-rose-otto-body-wash-200ml/10362572.html,Body Wash,"rosa damascena flower water, glycerin (source coconut oil), decyl glucoside (source corn), cocamidopropyl betaine (source coconut oil), xanthan gum (source corn), polysorbate 20 (source rapeseed oil), panthenol (pro vitamin b5), sodium lauroyl oat amino acids (source oats), phenoxyethanol (source aromatic ether), sodium hydroxymethylglycinate (source amino acid), citrus grandis (grapefruit) seed extract, lactic acid (source wheat), rosa damascena flower oil, cymbopogon martini (palma rosa) oil, pelargonium graveolens (geranium) flower oil, eugenia caryophyllus (clove) flower oil, myroxylon pereirae (balsam peru) oil, linalool, geraniol, citronellol.",£20.00,"['Dry', 'Oily', 'Normal']","hydration, uneven texture"
L'Oréal Paris Men Expert Hydra Energetic Shower Gel 300ml,https://www.lookfantastic.com/l-oreal-paris-men-expert-hydra-energetic-shower-gel-300ml/11324333.html,Body Wash,"aqua / water, sodium laureth sulfate, glycerin, sodium chloride, coco-betaine, parfum / fragrance, ci 19140 / yellow 5, ci 16035 / red 40, sodium benzoate, sodium acetate, sodium hydroxide, ppg-5-ceteth-20, pentylene glycol, mentha, piperita extract / peppermint extract, isopropyl alcohol, alpha-isomethyl ionone, citric acid, taurine.",£2.99,['Dry'],hydration
ManCave Cedarwood Shower Gel 200ml,https://www.lookfantastic.com/mancave-cedarwood-shower-gel-200ml/11355664.html,Body Wash,"aqua (water), cocamidopropyl betaine, sodium cocoamphoacetate, glycerin, decyl glucoside, aloe barbadensis leaf juice, sodium chloride, parfum (fragrance), bulnesia sarmientoi wood oil, rosmarinus officinalis (rosemary) leaf oil, lavandula hybrida oil, cedrus atlantica bark oil, abies sibirica oil, eucalyptus globulus leaf oil, citrus aurantifolia (lime) oil, artemisia herba-alba oil, origanum majorana herb oil, juniperus communis fruit oil, piper nigrum (pepper) fruit oil, thymus vulgaris (thyme) flower/leaf oil, abies balsamea extract, melaleuca alternifolia (tea tree) leaf oil, arginine, xanthan gum, caramel, phenoxyethanol, acrylates /c10-30 alkyl acrylate crosspolymer, benzoic acid, dehydroacetic acid, sodium hydroxide, potassium sorbate, citric acid, benzyl salicylate, coumarin, hexyl cinnamal, limonene, linalool, alpha-isomethyl ionone.",£3.00,"['Dry', 'Oily']","acne, hydration, oil control"
Aveeno Skin Relief Moisturising Body Wash 500ml,https://www.lookfantastic.com/aveeno-skin-relief-moisturising-body-wash-500ml/11984359.html,Body Wash,"aqua, glycerin, cocamidopropyl betaine, sodium laureth sulfate, sodium hydrolyzed potato starch dodecenylsuccinate, avena sativa kernel (oat) flour, avena sativa kernel (oat) extract, avena sativa kernel (oat) oil, guar hydroxypropyltrimonium chloride, polyquaternium-10, glycol distearate, disodium tetrapropenyl succinate, laureth-4, acrylates/c10-30 alkyl acrylate crosspolymer, sodium chloride, tetrasodium glutamate diacetate, citric acid, sodium hydroxide, formic acid, potassium sorbate, sodium benzoate.",£9.99,['Dry'],hydration
Bloom and Blossom The Very Hungry Caterpillar Baby Hair & Body Wash 200ml,https://www.lookfantastic.com/bloom-and-blossom-the-very-hungry-caterpillar-baby-hair-body-wash-200ml/12315402.html,Body Wash,"aqua (water), cocamidopropyl betaine, lauryl glucoside, disodium laureth sulfosuccinate, sodium chloride, glyceryl laurate, isostearamide mipa, coco-glucoside, glyceryl oleate, parfum (fragrance), citric acid, tocopherol, benzyl alcohol, benzoic acid, dehydroacetic acid, sodium benzoate.",£3.99,['All'],general
Rituals The Ritual of Happy Buddha Shower Oil 200ml,https://www.lookfantastic.com/rituals-the-ritual-of-happy-buddha-shower-oil-200ml/11719778.html,Body Wash,"glycine soja (soybean) oil, laureth-4, mipa-laureth sulfate, parfum (fragrance), polyglyceryl-3 diisostearate, helianthus annuus (sunflower) hybrid oil, ricinus communis (castor) seed oil, propylene glycol, tocopherol, cedrus atlantica bark extract, citrus aurantium dulcis peel oil, linalool, limonene, hexyl cinnamal, citronellol.",£8.50,['All'],general
Sanctuary Spa Classic 12 Hour Shower Cream 250ml,https://www.lookfantastic.com/sanctuary-spa-classic-12-hour-shower-cream-250ml/11975608.html,Body Wash,"aqua (water), helianthus annuus (sunflower) seed oil, sodium trideceth sulfate, butyrospermum parkii (shea) butter, sodium lauroamphoacetate, glycerin, sodium chloride, cocamide mea, phenoxyethanol, parfum (fragrance), citric acid, benzyl alcohol, tocopheryl acetate, cyamopsis tetragonoloba (guar) gum, disodium edta, guar hydroxypropyltrimonium chloride, hexyl cinnamal, linalool, limonene, benzyl salicylate, benzyl benzoate, coumarin, citral.",£6.50,['Dry'],hydration
Aveeno Daily Moisturising Body Wash 300ml,https://www.lookfantastic.com/aveeno-daily-moisturising-body-wash-300ml/11984360.html,Body Wash,"aqua, glycerin, cocamidopropyl betaine, decyl glucoside, sodium laureth sulfate, citric acid, avena sativa kernel (oat) extract, avena sativa kernel (oat) flour, glycol distearate, guar hydroxypropyltrimonium chloride, coconut acid, sodium lauroamphoacetate, acrylates copolymer, sodium chloride, disodium edta, sodium hydroxide, sodium benzoate, phenoxyethanol, potassium sorbate, parfum.",£6.99,['Dry'],hydration
DECLÉOR Luxury Size Lavender Shower Gel 400ml,https://www.lookfantastic.com/decleor-luxury-size-lavender-shower-gel-400ml/12137777.html,Body Wash,"aqua / water, sodium coco-sulfate, polyglyceryl-4 caprate, coco-betaine, glycerin, aloe barbadensis leaf juice powder, citric acid, sodium hydroxide, lavandula angustifolia oil / lavender oil, sodium chloride, citronellol, limonene, linalool, salicylic acid, sodium benzoate, parfum / fragrance.",£17.50,"['Dry', 'Oily']","acne, hydration, blackheads"
Pai Skincare Gentle Genius Camellia and Bergamot Body Wash 200ml,https://www.lookfantastic.com/pai-skincare-gentle-genius-camellia-and-bergamot-body-wash-200ml/11591486.html,Body Wash,"aqua, glycerin, polyglyceryl-4 oleyl ether olivate, caprylyl/capryl glucoside, decyl glucoside, lactobacillus & cocos nucifera (coconut) fruit extract, camellia oleifera seed oil, coco-glucoside, glyceryl oleate, olive oil polyglyceryl-3 esters, ricinus communis seed oil, mangifera indica fruit extract, acacia senegal gum, schizandra sphenanthera fruit extract, chondrus crispus powder, xanthan gum, lecithin, tocopherol, sodium levulinate, lactic acid, potassium sorbate, citric acid, sodium anisate, citrus aurantifolia oil, citrus aurantium bergamia (bergamot) fruit oil, hydrogenated palm glycerides citrate, ascorbyl palmitate, limonene, linalool.",£18.00,"['Dry', 'Oily']","hydration, uneven texture"
REN Clean Skincare Atlantic Kelp and Magnesium Anti-Fatigue Body Wash 300ml - Ocean Plastic,https://www.lookfantastic.com/ren-clean-skincare-atlantic-kelp-and-magnesium-anti-fatigue-body-wash-300ml-ocean-plastic/11919966.html,Body Wash,"aqua (water), cocamidopropyl betaine, disodium cocoamphodiacetate, lauryl glucoside, decyl glucoside, sodium chloride, glycerin, glyceryl laurate, inulin, magnesium pca, rosmarinus officinalis (rosemary) leaf oil, pelargonium graveolens (geranium) oil, salvia sclarea (clary sage) extract, coconut acid, cupressus sempervirens (cypress) leaf/stem extract, panthenol,  parfum (fragrance), sodium benzoate, potassium sorbate, laminaria digitata extract, citric acid, sucrose, sodium levulinate, plankton extract, lecithin, citronellol, geraniol, limonene, linalool.",£22.00,['Dry'],hydration
AMELIORATE Nourishing Body Wash 60ml,https://www.lookfantastic.com/ameliorate-nourishing-body-wash-60ml/11865365.html,Body Wash,"aqua/water/eau, peg-7 glyceryl cocoate, disodium cocoamphodiacetate, sodium lauroyl sarcosinate, cocamidopropyl betaine, acrylates copolymer, sodium chloride, glycerin, fragrance (parfum), phenoxyethanol, glycol distearate, borago officinalis (starflower) seed oil, camelina sativa (gold of pleasure) seed oil, peg-40 hydrogenated castor oil, trideceth-9, laureth-4, styrene/acrylamide copolymer, 1,2-hexanediol, caprylyl glycol, ethylhexylglycerin, polyquaternium-10, disodium edta, sodium hydroxide, linalool, citronellol, hydrolyzed milk protein, propylene glycol, citrus aurantium dulcis (orange) oil, limonene, coumarin, juniperus mexicana (cedarwood) oil, lactic acid, alpha-isomethyl ionone, citric acid, pelargonium graveolens (geranium) oil, pentylene glycol, serine, sodium lactate, sorbitol, urea, benzoic acid, tocopherol, allantoin.",£5.00,"['Dry', 'Oily', 'Sensitive']","hydration, uneven texture"
Bloom & Blossom James' Sweet Peach Handwash,https://www.lookfantastic.com/bloom-blossom-james-sweet-peach-handwash/12186773.html,Body Wash,"aqua (water), sodium lauroyl methyl isethionate, cocamidopropyl betaine, sodium methyl oleoyl taurate, coco-glucoside, lauryl glucoside, parfum (fragrance), citric acid, sodium benzoate, phenoxyethanol, linalool",£3.19,['All'],general
Bioderma Atoderm Intensive Foaming Gel 500ml,https://www.lookfantastic.com/bioderma-atoderm-intensive-foaming-gel-500ml/11450873.html,Body Wash,"aqua/water/eau, sodium laureth sulfate, lauryl glucoside, peg-200 hydrogenated glyceryl palmate, disodium edta, peg-7 glyceryl cocoate, mannitol, xylitol, rhamnose, fructooligosaccharides, sodium chloride, zinc sulfate, copper sulfate, niacinamide, citric acid, sodium hydroxide.",£12.80,"['Oily', 'Normal']","acne, brightening, dark spots, oil control, under-eye"
Aesop Animal Body Wash 500ml,https://www.lookfantastic.com/aesop-animal-body-wash-500ml/12044867.html,Body Wash,"water (aqua), sodium laureth sulfate, propylene glycol, coco-betaine, sea salt (maris sal), cocamide mipa, citrus medica limonum (lemon) peel oil, phenoxyethanol, melaleuca alternifolia (tea tree) leaf oil, peg-40 hydrogenated castor oil, sodium citrate, mentha viridis (spearmint) leaf oil, citric acid, ethylhexylglycerin, magnesium nitrate, methylchloroisothiazolinone, magnesium chloride, methylisothiazolinone, d-limonene.",£27.00,"['Dry', 'Oily']","acne, hydration, oil control"
ESPA Energising Bath and Shower Gel 250ml,https://www.lookfantastic.com/espa-energising-bath-shower-gel/12226488.html,Body Wash,"aqua (water), cocamidopropyl betaine, peg-120 methyl glucose dioleate, caprylyl/capryl glucoside, sodium lauryl sulfoacetate, polysorbate 20, sodium lauroyl sarcosinate, phenoxyethanol, litsea cubeba fruit oil, sodium chloride, rosmarinus officinalis (rosemary) leaf oil, lavandula angustifolia (lavender) oil, sodium sulfate, citral, sucrose cocoate, eucalyptus globulus leaf oil, linalool, mentha piperita (peppermint) oil, limonene, benzoic acid, sodium benzoate, dehydroacetic acid, ethylhexylglycerin, fragrance (parfum), phytic acid, geraniol, citronellol, tocopherol, citric acid, sodium hydroxide",£22.00,['Dry'],hydration
Molton Brown Bushukan Bath and Shower Gel,https://www.lookfantastic.com/molton-brown-bushukan-bath-and-shower-gel/10881864.html,Body Wash,"water / aqua / eau, sodium laureth sulfate, cocamidopropyl betaine, propylene glycol, fragrance / parfum, laureth-7 citrate, glycerin, sodium chloride, coco-glucoside, citrus medica vulgaris fruit extract, polyquaternium-7, lonicera japonica (honeysuckle) flower extract, lonicera caprifolium (honeysuckle) flower extract, ethylhexyl salicylate, butyl methoxydibenzoylmethane, diethylhexyl syringylidenemalonate, limonene, linalool, hexyl cinnamal, citral, citronellol, butylphenyl methylpropional, coumarin, tetrasodium glutamate diacetate, tocopherol, sodium phytate, sodium benzoate, phenoxyethanol, citric acid, sodium hydroxide, peg-150 pentaerythrityl tetrastearate, ppg-2 hydroxyethyl cocamide, hydrogenated palm glycerides citrate, alcohol denat., yellow 5 / ci 19140, yellow 6 / ci 15985.",£22.00,['Dry'],hydration
JASON Soothing Aloe Vera Body Wash 887ml,https://www.lookfantastic.com/jason-soothing-aloe-vera-body-wash-887ml/10546502.html,Body Wash,"aqua (water), cocamidopropyl betaine, sodium lauryl sulfoacetate, sodium chloride, glycerin, helianthus annuus (sunflower) seed oil, prunus amygdalus dulcis (sweet almond) oil, aloe barbadensis leaf juice, calendula officinalis flower extract, chamomilla recutita (matricaria) flower extract, spirulina maxima extract, tocopheryl acetate, alcohol, allantoin, citric acid, lauryl glucoside, panthenol, sodium pca, sodium sulfate, stearyl citrate, benzoic acid, benzyl alcohol, potassium sorbate, sodium benzoate, benzyl benzoate, hexyl cinnamal, limonene, fragrance (parfum).",£8.24,"['Dry', 'Sensitive']","hydration, sensitivity"
DECLÉOR Luxury Size Rose Shower Gel 400ml,https://www.lookfantastic.com/decleor-luxury-size-rose-shower-gel-400ml/12137778.html,Body Wash,"aqua / water, sodium coco-sulfate, coco-betaine, glycerin, polyglyceryl-4 caprate, aloe barbadensis leaf juice powder, citric acid, sodium hydroxide, rosa damascena flower oil, sodium chloride, citral, citronellol, geraniol, salicylic acid, sodium benzoate, parfum / fragrance.",£17.50,"['Dry', 'Oily']","acne, hydration, blackheads"
NEOM Tranquillity Body & Hand Wash 250ml,https://www.lookfantastic.com/neom-tranquillity-body-hand-wash/11374770.html,Body Wash,"aqua (water), sodium coco-sulfate, cocamidopropyl betaine, decyl glucoside, parfum, aloe barbadensis leaf juice powder, coco-glucoside, glycerin, sucrose laurate, helianthus annuus (sunflower) seed oil, punica granatum (pomegranate) fruit extract, fucus vesiculosus extract, tocopherol (vitamin e), alcohol, alcohol denat, citric acid, dehydroacetic acid, sodium benzoate, benzyl alcohol, linalool, geraniol, limonene.",£18.00,"['Dry', 'Normal']",hydration
Aveeno Baby Dermexa Moisturising Wash 300ml,https://www.lookfantastic.com/aveeno-baby-dermexa-moisturising-wash-300ml/12263373.html,Body Wash,"aqua, glycerin, cocamidopropyl betaine, peg-80 sorbitan laurate, decyl glucoside, avena sativa kernel extract, avena sativa kernel flour, panthenol, ceramide 3, ethylhexylglycerin, hydrogenated palm glycerides citrate, coconut acid, glyceryl oleate, lecithin, coco-glucoside, acrylates/c10-30 alkyl acrylate crosspolymer, sodium chloride, tetrasodium glutamate diacetate, citric acid, sodium hydroxide, ascorbyl palmitate, tocopherol, potassium sorbate, phenoxyethanol, sodium benzoate.",£9.99,"['Dry', 'Normal']",hydration
ManCave Lemon and Oak Shower Gel 200ml,https://www.lookfantastic.com/mancave-lemon-and-oak-shower-gel-200ml/11355663.html,Body Wash,"aqua (water), cocamidopropyl betaine, sodium cocoamphoacetate, glycerin, decyl glucoside, aloe barbadensis leaf juice, sodium chloride, parfum (fragrance), citrus limon (lemon) peel oil, rosmarinus officinalis (rosemary) leaf oil, vetiveria zizanoides root oil, artemisia herba-alba oil, citrus aurantium dulcis (orange) peel oil, elettaria cardamomum seed oil, citrus aurantium amara (bitter orange) leaf/twig oil, arginine, acrylates /c10-30 alkyl acrylate crosspolymer, phenoxyethanol, xanthan gum, benzoic acid, dehydroacetic acid, potassium sorbate, citric acid, limonene, linalool, alpha-isomethyl ionone.",£3.00,['Dry'],hydration
Shea Moisture 100% Virgin Coconut Oil Daily Hydration Body Wash 384ml,https://www.lookfantastic.com/shea-moisture-100-virgin-coconut-oil-daily-hydration-body-wash-384ml/11982739.html,Body Wash,"water, decyl glucoside, sodium lauroyl lactylate, glycerin (vegetable), coco glucoside, glyceryl oleate, butyrospermum parkii (shea) butter, cocos nucifera (coconut) fruit juice, cocos nucifera (coconut) fruit extract, cocos nucifera (coconut) oil, aloe barbadensis leaf juice, taraxacum officinale (dandelion) rhizome/root extract, acacia senegal gum extract, hydrolyzed rice protein, caprylhydroxamic acid, caprylyl glycol, guar hydroxypropultrimonium chloride, sodium phytate, fragrance",£10.99,['Dry'],hydration
JASON Purifying Tea Tree Body Wash 887ml,https://www.lookfantastic.com/jason-purifying-tea-tree-body-wash-887ml/10546503.html,Body Wash,"aqua (water), cocamidopropyl betaine, sodium lauryl sulfoacetate, glycerin, melaleuca alternifolia (tea tree) leaf oil, helianthus annuus (sunflower) seed oil, brassica napus seed oil, aloe barbadensis leaf juice, allantoin, panthenol, tocopheryl acetate, lauryl glucoside, stearyl citrate, sodium chloride, sodium sulfate, citric acid, benzyl alcohol, potassium sorbate, sodium benzoate, fragrance (parfum).",£10.99,"['Dry', 'Oily', 'Sensitive']","acne, hydration, oil control"
Molton Brown Milk Musk Bath and Shower Gel 300ml,https://www.lookfantastic.com/molton-brown-milk-musk-bath-and-shower-gel-300ml/12490454.html,Body Wash,"water / aqua / eau, sodium laureth sulfate, fragrance / parfum, laureth-4, cocamidopropyl betaine, propylene glycol, peg-40 hydrogenated castor oil, glycerin, coco-glucoside, peg-18 glyceryl oleate/cocoate, caprylyl glycol, ethylhexyl salicylate, citric acid, polyquaternium-7, tetrasodium glutamate diacetate, butyl methoxydibenzoylmethane, diethylhexyl syringylidenemalonate, sodium hydroxide, phenoxyethanol, benzoic acid, sodium benzoate, alpha-isomethyl ionone, citronellol, coumarin, hydroxycitronellal, linalool, titanium dioxide / ci 77891.",£22.00,['Dry'],"hydration, sun protection"
Molton Brown Flora Luminare Bath & Shower Gel 300ml,https://www.lookfantastic.com/molton-brown-flora-luminare-bath-shower-gel-300ml/12579439.html,Body Wash,"water / aqua / eau, sodium laureth sulfate, cocamidopropyl betaine, fragrance / parfum, propylene glycol, peg-40 hydrogenated castor oil, laureth-7 citrate, coco-glucoside, glycerin, gardenia taitensis flower extract, cocos nucifera (coconut) oil, citric acid, ethylhexyl salicylate, polyquaternium-7, tetrasodium glutamate diacetate, butyl methoxydibenzoylmethane, diethylhexyl syringylidenemalonate, tocopherol, peg-150 pentaerythrityl tetrastearate, ppg-2 hydroxyethyl cocamide, sodium hydroxide, potassium sorbate, sodium benzoate, citronellol, geraniol, hexyl cinnamal, limonene, linalool, caramel.",£22.00,['Dry'],hydration
Weleda Limted Edition Forest Harmony Shower Wash 200ml,https://www.lookfantastic.com/weleda-limted-edition-forest-harmony-shower-wash-200ml/12303858.html,Body Wash,"water (aqua), sesamum indicum (sesame) seed oil, coco-glucoside, alcohol, disodium cocoyl glutamate, glycerin carrageenan, fragrance (perfume), xanthan gum, lactic acid, sodium cocoyl glutamate, limonene, linalool, geraniol, citral.",£7.95,"['Dry', 'Oily']","hydration, uneven texture"
Shea Moisture Coconut & Hibiscus Illuminating Body Wash 384ml,https://www.lookfantastic.com/shea-moisture-coconut-hibiscus-illuminating-body-wash-384ml/11982746.html,Body Wash,"water (aqua), decyl glucoside, sodium lauroyl lactylate, glycol stearate, glycerin, fragrance (parfum), caprylyl glycol, guar hydroxypropyltrimonium chloride, sodium methyl cocoyl taurate, butyrospermum parkii (shea) butter, panthenol, caprylhydroxamic acid, sodium chloride, cocos nucifera (coconut) oil, olea europaea (olive) husk oil, aloe barbadensis leaf juice, theobroma cacao (cocoa) seed butter, hibiscus rosa-sinensis flower extract, tocopheryl acetate, tricholoma matsutake extract, alcohol, benzyl benzoate, limonene.",£10.99,['Dry'],hydration
Sol de Janeiro Coco Cabana Shower Gel 90ml,https://www.lookfantastic.com/sol-de-janeiro-coco-cabana-shower-gel-90ml/12545090.html,Body Wash,"aqua (water), sodium cocoyl isethionate, sodium lauroamphoacetate, cetyl alcohol, propanediol, parfum (fragrance), acrylates copolymer, cocos nucifera (coconut) oil, coconut acid, cetearyl alcohol, theobroma grandiflorum seed butter, euterpe oleracea fruit oil, sodium glycolate, hexylene glycol, sodium isethionate, caprylyl glycol, xanthan gum, phenoxyethanol, disodium edta, sodium chloride.",£10.00,['All'],general
Aromatherapy Associates De-Stress Shower Oil 250ml,https://www.lookfantastic.com/aromatherapy-associates-de-stress-shower-oil-250ml/12613204.html,Body Wash,"mipa-laureth sulfate, laureth-3, caprylic/capric triglyceride, helianthus annuus (sunflower) seed oil, parfum, linalool, silica, propylene glycol, prunus persica (peach) kernel oil, simmondsia chinensis (jojoba) seed oil, limonene, geraniol, tocopherol, citral, benzyl salicylate.",£26.00,['All'],general
Australian Bodycare Body Wash 500ml,https://www.lookfantastic.com/australian-bodycare-body-wash-500ml/12368621.html,Body Wash,"aqua, sodium laureth sulfate, coco-glucoside, glycerin, cocamidopropyl betaine, melaleuca alternifolia leaf oil, glyceryl oleate, caprylyl/capryl glucoside, hydroxypropyl guar hydroxypropyltrimonium chloride, phenoxyethanol, benzoic acid, tocopherol, ascorbyl palmitate, lecithin, hydrogenated palm glycerides citrate, dehydroacetic acid, peg-120 methyl glucose dioleate, sodium chloride, citric acid, limonene, linalool.",£17.99,['Dry'],hydration
Rituals The Ritual of Karma Shower Oil 200ml,https://www.lookfantastic.com/the-ritual-of-karma-shower-oil/12063687.html,Body Wash,"canola oil, laureth-4, mipa-laureth sulfate, parfum, polyglyceryl-3 diisostearate, ricinus communis seed oil, tocopherol, helianthus annuus hybrid oil, camellia sinensis leaf extract, nelumbo nucifera flower extract, propylene glycol, benzyl alcohol, benzyl salicylate, butylphenyl methylpropional, hexyl cinnamal, linalool, limonene, citronellol, geraniol.",£8.50,['All'],general
OUAI Body Cleanser 300ml,https://www.lookfantastic.com/ouai-body-cleanser-300ml/12338031.html,Body Wash,"aqua (water), sodium c14-16 olefin sulfonate, glycerin, cocamidopropyl betaine, sodium methyl cocoyl taurate, peg-40 hydrogenated castor oil, peg-150 pentaerythrityl tetrastearate, acrylates copolymer, simmondsia chinensis (jojoba) seed oil, rosa canina fruit oil, lactobacillus ferment, sodium hyaluronate, sodium hydroxide, benzophenone-4, cocamide mipa, disodium edta, hydroxyacetophenone, peg-6 caprylic/capric glycerides, polyquaternium-7, polysorbate 20, tocopherol, ethylhexylglycerin, sodium chloride, sodium benzote, phenoyxethanol, fragrance (parfum), limonene, citronellol, hydroxycitronellal, linalool, violet 2 (ci 60730).",£24.00,['Dry'],hydration
Aromatherapy Associates Rose Shower Oil 250ml,https://www.lookfantastic.com/aromatherapy-associates-rose-shower-oil-250ml/12613206.html,Body Wash,"caprylic/capric triglyceride, mipa-laureth sulfate, laureth-3, helianthus annuus (sunflower) seed oil, parfum, silica, propylene glycol, limonene, citronellol, geraniol, linalool, prunus persica (peach) kernel oil, simmondsia chinensis (jojoba) seed oil, benzyl benzoate, citral, farnesol, benzyl salicylate, tocopherol, benzyl alcohol, benzyl cinnamate.",£26.00,['All'],general
Sukin Botanical Lime & Coconut Body Wash 500ml,https://www.lookfantastic.com/sukin-botanical-lime-coconut-body-wash-500ml/11142345.html,Body Wash,"water (aqua), aloe barbadensis leaf juice, cocamidopropyl betaine, decyl glucoside, peg-150 pentaerythrityl tetrastearate, chamomilla recutita (matricaria) flower extract (chamomile), yucca schidigera leaf/root/stem extract, lavandula angustifolia flower/leaf/stem extract (lavender), rosa canina fruit oil (rose hip), simmondsia chinensis (jojoba) seed oil, persea gratissima (avocado) oil, tocopherol (vitamin e), glycerin, phenoxyethanol, benzyl alcohol, citric acid, fragrance (parfum), citral, limonene.",£9.95,"['Dry', 'Sensitive', 'Normal']","hydration, sensitivity"
Sol de Janeiro Coco Cabana Shower Gel 385ml,https://www.lookfantastic.com/sol-de-janeiro-coco-cabana-shower-gel-385ml/12545089.html,Body Wash,"aqua (water), sodium cocoyl isethionate, sodium lauroamphoacetate, cetyl alcohol, propanediol, parfum (fragrance), acrylates copolymer, cocos nucifera (coconut) oil, coconut acid, cetearyl alcohol, theobroma grandiflorum seed butter, euterpe oleracea fruit oil, sodium glycolate, hexylene glycol, sodium isethionate, caprylyl glycol, xanthan gum, phenoxyethanol, disodium edta, sodium chloride.",£22.00,['All'],general
Bubble T Shower Gel - Lemongrass & Green Tea 200ml,https://www.lookfantastic.com/bubble-t-shower-gel-lemongrass-green-tea-200ml/11284517.html,Body Wash,"aqua (water), paraffinum liquidum (mineral oil), cetearyl alcohol, stearic acid, ceteareth-25, sorbitol, parfum (fragrance), triethanolamine, phenoxyethanol, carbomer, lycium chinense fruit extract, propylene glycol, chlorphenesin, butyrospermum parkii (shea) butter, disodium edta, citrus aurantium bergamia (bergamot) fruit oil, cymbopogon citratus leaf oil, citral, coumarin, geraniol, limonene, linalool",£3.00,['All'],general
L:A BRUKET No. 104 Hand & Body Wash 450ml - Bergamot/Patchouli,https://www.lookfantastic.com/l-a-bruket-no.-104-hand-body-wash-450ml-bergamot-patchouli/11369965.html,Body Wash,"aqua (distilled water), glycerin (from coconut), cocamidopropyl betaine (from coconut), sodium levulinate (from rice), sodium anisate (from fennel), disodium lauroyl sarcosinate (from veg), sodium lauryl sulfoacetate (from coconut), caprylyl wheat bran/ straw glycosides (from wheat bran), fusel wheat bran/straw gycosides (from wheat), polyglyceryl- 5 oleate (from veg), sodium cocoyl glutamate (from coconut), glyceryl caprylate (from veg), limonene.",£27.50,['Dry'],hydration
JASON Glowing Apricot Body Wash 887ml,https://www.lookfantastic.com/jason-glowing-apricot-body-wash-887ml/10979526.html,Body Wash,"aqua (water), cocamidopropyl betaine, sodium lauryl sulfoacetate, aloe barbadensis leaf juice, calendula officinalis flower extract, chamomilla recutita (matricaria) flower extract, helianthus annuus (sunflower) seed oil, prunus armeniaca (apricot) kernel oil, allantoin, citric acid, glycerin, lauryl glucoside, panthenol, sodium chloride, sodium pca, sodium sulfate, stearyl citrate, tocopheryl acetate, alcohol, benzyl alcohol, potassium sorbate, sodium benzoate, benzyl salicylate, fragrance (parfum)",£10.99,"['Dry', 'Sensitive']","hydration, sensitivity"
Elizabeth Arden Green Tea Bath & Shower Gel (200ml),https://www.lookfantastic.com/elizabeth-arden-green-tea-bath-shower-gel-200ml/10547887.html,Body Wash,"water, sodium laureth sulfate, disodium laureth sulfosuccinate, parfum, camellia sinensis leaf extract, peg-6 caprylic, propylene glycol, cocamidopropyl betaine, peg-150 pentaerythrityl tetrastearate, butylene glycol, disodium edta, sodium chloride, citronellol, hydroxycitronellal, hydroxyisohexyl 3-cyclohexene carboxaldehyde, limonene, linalool, butyl methoxydibenzoylmethane, ethylhexyl methoxycinnamate, ethylhexyl salicylate, methylparaben, green 3, yellow 5",£12.00,['All'],general
Jo Malone London Myrrh and Tonka Shower Oil 250ml,https://www.lookfantastic.com/jo-malone-london-myrrh-and-tonka-shower-oil-250ml/12079159.html,Body Wash,"water\aqua\eau, aloe barbadensis leaf extract, caprylic/capric/myristic/stearic triglyceride, butylene glycol, hydrogenated polyisobutene, ppg-5-ceteth-20, cocos nucifera (coconut) oil, cetyl acetate, fragrance (parfum), peg-40 stearate, glyceryl stearate, sodium hyaluronate, isopropyl jojobate, jojoba alcohol, dimethicone, sorbitan stearate, tromethamine, carbomer, jojoba esters, limonene, butylphenyl methylpropional, linalool, hydroxycitronellal, alpha-isomethyl ionone, evernia prunastri (oakmoss) extract, citral, amyl cinnamal, geraniol, citronellol, benzyl salicylate, disodium edta, phenoxyethanol.",£40.00,['All'],general
Elemis Skin Nourishing Shower Cream 300ml,https://www.lookfantastic.com/elemis-skin-nourishing-shower-cream-300ml/10437957.html,Body Wash,"aqua (water), sodium trideceth sulfate, helianthus annuus (sunflower) seed oil, glycerin, sodium chloride, sodium lauroamphoacetate, simmondsia chinensis (jojoba) seed oil, cocamide mea, triticum vulgare (wheat) germ oil, parfum (fragrance), citric acid, guar hydroxypropyltrimonium chloride, camellia oleifera seed oil, macadamia ternifolia (macadamia) seed oil, tetrasodium edta, cocodimonium hydroxypropyl hydrolyzed milk protein, magnesium nitrate, benzyl alcohol, avena sativa (oat) kernel extract, methylisothiazolinone, phenoxyethanol, magnesium chloride, methylchloroisothiazolinone, potassium sorbate, sodium benzoate, citronellol, coumarin, geraniol, hydroxyisohexyl 3-cyclohexene, carboxaldehyde, linalool, alpha-isomethyl ionone",£28.00,['Dry'],hydration
Caudalie Soleil des Vignes Shower Gel 200ml,https://www.lookfantastic.com/caudalie-soleil-des-vignes-shower-gel-200ml/12527478.html,Body Wash,"aqua/water/eau, decyl glucoside, sodium cocoyl glutamate, glycerin, parfum (fragrance), sucrose cocoate, acrylates/c10-30 alkyl acrylate crosspolymer, propanediol, sodium glutamate, sodium chloride, caprylyl glycol, potassium sorbate, coconut acid, linalool, citric acid, geraniol, citronellol, aloe barbadensis leaf juice.",£9.00,['Dry'],hydration
Weleda Wild Rose Creamy Body Wash (200ml),https://www.lookfantastic.com/weleda-wild-rose-creamy-body-wash-200ml/10540685.html,Body Wash,"water (aqua), sesamum indicum (sesame) seed oil, coco-glucoside, alcohol, disodium cocoyl glutamate, glycerin, chondrus crispus (carrageenan), rose moschata seed oil, rosa damascena extract, xanthan gum, lactic acid, fragrance (parfum), limonene, linalool, citronellol, geraniol, citral, eugenol.",£7.95,"['Dry', 'Oily']","hydration, uneven texture"
NUXE Rêve de Miel Face and Body Ultra-Rich Cleansing Gel (400ml),https://www.lookfantastic.com/nuxe-reve-de-miel-face-and-body-ultra-rich-cleansing-gel-400ml/10954160.html,Body Wash,"aqua/water, glycerin, sodium cocoamphoacetate, sodium lauroyl sarcosinate, lauryl glucoside, parfum/fragrance, mel/honey, sunflower seed oil peg-8 esters, sodium cocoyl glutamate, sodium lauryl glucose carboxylate, acrylates/c10-30 alkyl acrylate crosspolymer, phenoxyethanol, gluconolactone, sodium hydroxide, coco-glucoside, glyceryl oleate, citric acid, allantoin, sodium benzoate, tetrasodium glutamate diacetate, 1,2-hexanediol, caprylyl glycol, caramel, calcium gluconate, tropolone, hydrogenated palm glycerides citrate, tocopherol.",£19.50,"['Dry', 'Sensitive']",hydration
Caudalie Thé des Vignes Shower Gel 200ml,https://www.lookfantastic.com/caudalie-the-des-vignes-shower-gel-200ml/10599516.html,Body Wash,"aqua (water), decyl glucoside, sodium cocoyl glutamate, glycerin, parfum (fragrance), sucrose cocoate, acrylates/c10-30 alkyl acrylate crosspolymer, caprylyl glycol, potassium sorbate, citric acid, aloe barbadensis leaf juice, limonene, linalool.",£9.00,['Dry'],hydration
L:A BRUKET No. 094 Hand & Body Wash 450ml - Sage/Rosemary/Lavender,https://www.lookfantastic.com/l-a-bruket-no.-094-hand-body-wash-450ml-sage-rosemary-lavender/11369960.html,Body Wash,"aqua (distilled water), glycerin (from coconut), cocamidopropyl betaine (from coconut), sodium levulinate (from rice), sodium anisate (from fennel), disodium lauroyl sarcosinate (from veg), sodium lauryl sulfoacetate (from coconut), caprylyl wheat bran/ straw glycosides (from wheat bran), fusel wheat bran/straw gycosides (from wheat), polyglyceryl- 5 oleate (from veg), sodium cocoyl glutamate (from coconut), glyceryl caprylate (from veg), limonene, linalool",£27.50,['Dry'],hydration
Elemental Herbology Neroli and Rose Damask Body Wash,https://www.lookfantastic.com/elemental-herbology-neroli-and-rose-damask-body-wash/10642713.html,Body Wash,"aqua, aloe barbadensis extract, cocamidopropyl betaine, sodium lauroyl sarcosinate, sodium cocoamphoacetate, lauryl glucoside, disodium lauroyl sulfosuccinate, coco-glucoside, glyceryl oleate, citrus aurantium amara (neroli) flower water, rosa damascena flower (rose) water, citrus aurantium amara (neroli) flower oil, olea europaea leaf extract, citrus medica limonum peel extract, vitis vinifera leaf extract, thymus vulgaris leaf extract, foeniculum vulgare seed extract, citrullus lanatus (watermelon) seed oil, ximinia americana seed oil, magnolia biondii flower extract, jasminum officinale flower extract, borago officinalis extract, oenothera biennis seed extract, glycerin, polysorbate 20, sodium hydroxymethylglycinate, sodium phytate, potassium sorbate, sodium benzoate, citric acid, ascorbic acid, linalool, limonene",£12.00,['Dry'],hydration
Aromatherapy Associates Revive Shower Oil 250ml,https://www.lookfantastic.com/aromatherapy-associates-revive-shower-oil-250ml/12613203.html,Body Wash,"mipa-laureth sulfate, laureth-3, caprylic/capric triglyceride, helianthus annuus (sunflower) seed oil, parfum, limonene, silica, propylene glycol, prunus persica (peach) kernel oil, simmondsia chinensis (jojoba) seed oil, linalool, citronellol, geraniol, tocopherol, citral.",£26.00,['All'],general
Elemis Frangipani Monoi Shower Cream 200ml,https://www.lookfantastic.com/elemis-exotic-frangipani-monoi-bath-shower-cream-200ml/10364753.html,Body Wash,"aqua/water/eau, glycerin, coco-betaine, sesamum indicum (sesame) seed oil, ammonium lauryl sulfate, fragrance (parfum), phenoxyethanol, xanthan gum, cocos nucifera (coconut/coprah) oil, carbomer, polyquaternium-10, sodium hydroxide, disodium edta, linalool, ethylhexylglycerin, caprylyl glycol, plumeria alba (frangipani) flower extract, 1,2-hexanediol, plumeria rubra (frangipani) flower extract, amyl cinnamal, hydroxycitronellal, benzoic acid, gardenia tahitensis (tiare) flower extract, caramel, tocopherol.",£28.00,['Dry'],hydration
Caudalie Thé des Vignes Shower Gel 100ml,https://www.lookfantastic.com/caudalie-the-des-vignes-shower-gel-100ml/12527469.html,Body Wash,"aqua (water), decyl glucoside, sodium cocoyl glutamate, glycerin, parfum (fragrance), sucrose cocoate, acrylates/c10-30 alkyl acrylate crosspolymer, propanediol, sodium glutamate, sodium chloride, caprylyl glycol, potassium sorbate, coconut acid, citric acid, aloe barbadensis leaf juice, limonene, linalool",£4.50,['Dry'],hydration
NUXE Fondant Shower Gel (200ml),https://www.lookfantastic.com/nuxe-fondant-shower-gel-200ml/10556096.html,Body Wash,"aqua/water, sodium lauryl sulfate, glycerin, caprylyl/capryl glucoside, acrylates/c10-30 alkyl acrylate crosspolymer, parfum/fragrance, phenoxyethanol, gluconolactone, sodium hydroxide, sodium cocoamphoacetate, lauryl glucoside, sodium benzoate, citric acid, tetrasodium edta, 1,2-hexanediol, caprylyl glycol, sodium cocoyl glutamate, sodium lauryl glucose carboxylate, calcium gluconate, citrus aurantium dulcis (orange) flower extract, prunus amygdalus dulcis (sweet almond) flower extract, tropolone.",£10.50,['Dry'],hydration
philosophy Amazing Grace Shower Gel 480ml,https://www.lookfantastic.com/philosophy-amazing-grace-shower-gel-480ml/11764073.html,Body Wash,"aqua/water/eau, cetyl alcohol, glycerin, parfum/fragrance, glyceryl stearate, paraffin, neopentyl glycol dicaprylate/dicaprate, tridecyl stearate, dimethicone, isopropyl myristate, cetyl esters, stearic acid, palmitic acid, phenoxyethanol, triethanolamine, c12-15 alkyl ethylhexanoate, tridecyl trimellitate, butyrospermum parkii (shea) butter, carbomer, ethylhexylglycerin, macadamia ternifolia seed oil, olea europaea (olive) fruit oil, tocopheryl acetate, aloe barbadensis leaf juice, limonene, hydroxycitronellal, disodium edta, citral, bht, citronellol, linalool, tocopherol, potassium sorbate, sodium benzoate, citric acid.",£19.50,['Dry'],hydration
this works Deep Sleep Shower Gel (250ml),https://www.lookfantastic.com/this-works-deep-sleep-shower-gel-250ml/10633447.html,Body Wash,"coco-glucoside, aqua (water/eau), cocamidopropyl betaine, glycerin, sodium chloride, phenoxyethanol, parfum (fragrance), glyceryl oleate, coconut acid, linalool, citric acid, benzyl alcohol, disodium edta, panthenol, ethylhexylglycerin, cinnamomum camphora (camphor) leaf oil, lavandula angustifolia (lavender) oil, ormenis multicaulis (chamomile) flower extract, pogostemon cablin (patchouli) oil, vetiveria zizanoides (vetivert) root oil, dehydroacetic acid, hydrogenated palm glycerides citrate, tocopherol.",£18.00,"['Dry', 'Sensitive']","hydration, sensitivity"
Laura Mercier Crème Brûlée Crème Body Wash 200ml,https://www.lookfantastic.com/laura-mercier-creme-brulee-creme-body-wash-200ml/11220131.html,Body Wash,"water (aqua), sodium laureth sulfate, tea-lauryl sulfate, fragrance (parfum), cocamide mea, peg-16 macadamia glycerides, cocamidopropyl betaine, decyl glucoside, isostearyl ethylimidazolinium ethosulfate, sodium lauroyl oat amino acids, polyquaternium-7, glycerin, guar hydroxypropyltrimonium chloride, macadamia ternifolia seed oil, butyrospermum parkii (shea butter) fruit, glycol distearate, honey (mel), vanilla planifolia fruit extract, cinnamomum cassia (cinnamon) bark extract, coffee arabica (coffee) seed extract, theobroma cacao (cocoa) extract, myristica fragrans (nutmeg) extract, panthenol (pro-vitamin b-5), retinyl palmitate (vitamin a palmitate), tocopheryl acetate (vitamin e acetate), linolenic acid (vitamin f), linolenic acid, aloe barbadensis leaf juice (aloe vera gel), hydrolyzed oat protein, hydrolyzed silk, prunus amygdalus dulcis (sweet almond) protein, peg-60 almond glycerides, sodium pca, octyldodecanol, arachidyl propionate, lecithin, benzophenone-4, citric acid, trisodium edta, phenoxyethanol, methylparaben, propylparaben, fd&c yellow 5 (cl 19140), d&c red 33 (cl 17200).",£33.00,"['Dry', 'Sensitive', 'Normal']","hydration, sensitivity"
Bubble T Ice Tea Shower Gel Peach 200ml,https://www.lookfantastic.com/bubble-t-ice-tea-shower-gel-peach-200ml/12322520.html,Body Wash,"aqua (water), sodium laureth sulfate, cocamidopropyl betaine, sodium chloride, parfum (fragrance), aloe barbadensis leaf extract, phenoxyethanol, caprylhydroxamic acid, citric acid, limonene, ci 14700 (fd&c red 4), ci 17200 (d&c blue 1 red 33).",£3.99,['All'],general
L:A BRUKET No. 069 Hand & Body Wash 450ml - Lemongrass,https://www.lookfantastic.com/l-a-bruket-no.-069-hand-body-wash-450ml-lemongrass/11369955.html,Body Wash,"aqua (distilled water), glycerin (from coconut), cocamidopropyl betaine (from coconut), sodium levulinate (from rice), sodium anisate (from fennel), disodium lauroyl sarcosinate (from veg), sodium lauryl sulfoacetate (from coconut), caprylyl wheat bran/straw glycosides (from wheat bran), fusel wheat bran/straw gycosides (from wheat), polyglyceryl-5 oleate (from veg), sodium cocoyl glutamate (from coconut), glyceryl caprylate (from veg), citral, linalool, geraniol",£27.50,['Dry'],hydration
Aromatherapy Associates Relax Body Wash 250ml,https://www.lookfantastic.com/aromatherapy-associates-relax-body-wash-250ml/11715381.html,Body Wash,"aqua (water), sodium c14-16 olefin sulfonate, cocoamidopropyl betaine, disodium laureth sulfosuccinate, cocamide mea, polysorbate 20, lavandula angustifolia (lavender) oil, cananga odorata (ylang ylang) flower oil, citrus aurantium amara (bitter orange) leaf/twig oil, pogostemon cablin (patchouli) leaf oil, vetiveria zizanoides (vetivert) root oil, parfum, glyceryl oleate, coco-glucoside, sodium cocoyl isethionate, phenoxyethanol, sodium chloride, citric acid, sodium benzoate, benzoic acid, coconut acid, dehydroacetic acid, sodium isethionate, panthenol, tocopherol, hydrogenated palm glycerides citrate, benzyl benzoate, linalool.",£22.00,['Dry'],hydration
ManCave Sensitive Body Wash 200ml,https://www.lookfantastic.com/mancave-sensitive-body-wash-200ml/12039675.html,Body Wash,"aqua (water), cocamidopropyl betaine, sodium cocoamphoacetate, decyl glucoside, sodium chloride, betaine, acrylates/c10-30 alkyl acrylate crosspolymer, parfum (fragrance), phenoxyethanol, aloe barbadensis leaf juice, styrene/acrylates copolymer, xanthan gum, benzoic acid, arginine, coco-glucoside, panthenol, glycerin, bulnesia sarmientoi wood oil, cedrus atlantica bark oil, dehydroacetic acid, tocopherol, sodium hydroxide, citric acid, cucumis sativus (cucumber) fruit extract, pogostemon cablin leaf oil, camellia sinensis leaf extract, potassium sorbate, sodium benzoate.",£2.99,['Dry'],hydration
Laura Mercier Almond Coconut Body Wash 200ml,https://www.lookfantastic.com/laura-mercier-almond-coconut-body-wash-200ml/11220045.html,Body Wash,"water (aqua), sodium laureth sulfate, tea-lauryl suflate, fragrance (parfum), lauramidopropyl betaine, cocamide mea, peg-7 glyceryl cocoate, peg-150 distearate, glycol distearate, decyl glucoside, sodium lauroyl oat amino acids, peg-6 caprylic/capric glycerides, peg-16 macadamia glycerides, peg-75 shea butter glycerides, glycerin, polyquaternium-7, guar hydroxypropyltrimonium chloride, panthenol, honey (mel), vanilla planifolia fruit extract, cinnamomum cassia (cinnamon) bark extract, coffea arabica (coffee) seed extract, theobroma cacao (cocoa) extract, myristica fragrans (nutmeg) extract, honey (mel) extract, butylene glycol, prunus amydalus dulcis (sweet almond) protein, hydrolyzed rice protein, hydrolyzed oat protein, citric acid, disodium edta, phenoxyethanol, methylparaben, propylparaben.",£33.00,"['Dry', 'Normal']",hydration
Shea Moisture African Water Mint & Ginger Detox Body Wash 384ml,https://www.lookfantastic.com/shea-moisture-african-water-mint-ginger-detox-body-wash-384ml/11982743.html,Body Wash,"water (aqua), decyl glucoside, sodium lauroyl lactylate, cocamidopropyl betaine, caprylyl glycol, fragrance (parfum), xanthan gum, glycerin (vegetable), caprylhydroxamic acid, menthol, butyrospermum parkii (shea) butter, charcoal powder, mentha piperita (peppermint) leaf extract, zinc pca, zingiber officinale (ginger) extract, mentha aquatica leaf extract, opuntia tuna fruit extract, calendula officinalis (calendula) flower extract, limonene.",£10.99,"['Dry', 'Oily', 'Sensitive']","hydration, sensitivity, oil control, blackheads"
Caudalie Rose de Vigne Shower Gel 200ml,https://www.lookfantastic.com/caudalie-rose-de-vigne-shower-gel-200ml/11254556.html,Body Wash,"aqua (water), decyl glucoside, sodium cocoyl glutamate, glycerin, parfum (fragrance), sucrose cocoate, acrylates/c10-30 alkyl acrylate crosspolymer, caprylyl glycol, potassium sorbate, citric acid, aloe barbadensis leaf juice, limonene, linalool",£9.00,['Dry'],hydration
Weleda Kids 2 in 1 Wash 150ml - Happy Orange,https://www.lookfantastic.com/weleda-kids-2-in-1-wash-150ml-happy-orange/11540193.html,Body Wash,"water (aqua), sesamum indicum (sesame) seed oil, glycerin, coco-glucoside, alcohol, disodium cocoyl glutamate, carrageenan, citrus aurantium dulcis (orange) peel oil, calendula officinalis flower extract, xanthan gum, lactic acid, sodium cocoyl glutamate, fragrance (parfum), limonene, linalool, benzyl benzoate, citral",£5.95,"['Dry', 'Oily', 'Sensitive']","hydration, sensitivity, uneven texture"
Bubble T Shower Gel - Hibiscus & Acai Berry Tea 200ml,https://www.lookfantastic.com/bubble-t-shower-gel-hibiscus-acai-berry-tea-200ml/11284518.html,Body Wash,"aqua (water), sodium laureth sulfate, cocamidopropyl betaine, sodium chloride, parfum (fragrance), glycerin, lycium chinense fruit extract, propylene glycol, citrus aurantium dulcis (sweet orange) seed oil, phenoxyethanol, chlorphenesin, citric acid, limonene, linalool, ci 14700 (fd&c red 4), ci 17200 (d&c red 33).",£3.00,['Dry'],hydration
Bubble T X Pantone Pink Grapefruit & Peony Shower Gel 200ml,https://www.lookfantastic.com/bubble-t-x-pantone-pink-grapefruit-peony-shower-gel-200ml/12466027.html,Body Wash,"aqua (water), sodium laureth sulfate, cocamidopropyl betaine, sodium chloride, parfum (fragrance), citrus grandis (grapefruit) extract, phenoxyethanol, caprylhydroxamic acid, citric acid, limonene, ci 17200(d&c red 33 ), ci 14700(fd&c red 4).",£3.99,['All'],general
Cowshed RELAX Calming Bath & Shower Gel 300ml,https://www.lookfantastic.com/cowshed-relax-calming-bath-shower-gel-300ml/12201676.html,Body Wash,"aqua (water/eau), sodium cocoamphoacetate, cocamidopropyl betaine, disodium lauryl sulfosuccinate, lauryl glucoside, lavandula angustifolia (lavender) flower oil, eucalyptus globulus (eucalyptus) leaf oil, styrax tonkinensis (benzoin) resin extract, tocopherol (vitamin e), glyceryl oleate, coco glucoside, glycerin (vegetable), parfum (fragrance), benzyl alcohol, dehydroacetic acid, limonene, linalool, geraniol, benzyl salicylate, hexyl cinnamal, hydroxycitronellal.",£20.00,"['Dry', 'Normal']",hydration
Balance Me Super Moisurising Body Wash 250ml,https://www.lookfantastic.com/balance-me-super-moisurising-body-wash-250ml/11419251.html,Body Wash,"aqua (water), disodium lauryl sulfosuccinate, sodium cocoamphoacetate, cocamidopropyl betaine, lauryl glucoside, sodium chloride, citric acid, glyceryl oleate, coco-glucoside, butyrospermum parkii (shea) butter, aloe barbadensis (aloe vera) leaf extract, pelargonium graveolens (geranium bourbon) flower oil, pogostemon cablin (patchouli) leaf oil, citrus aurantium bergamia (bergamot) fruit oil, lavandula angustifolia (lavender) flower oil, achillea millefolium (yarrow) leaf oil, anthemis nobilis (roman chamomile) flower oil, styrax benzoin (benzoin) resin extract, coriandrum sativum (coriander) seed oil, citrus aurantium amara (petitgrain/bitter orange) leaf/twig oil, tocopherol (vitamin e), hydrogenated palm glycerides citrate, dehydroacetic acid, benzyl alcohol, potassium sorbate, citronellol, geraniol, linalool, limonene, benzyl benzoate.",£10.80,"['Sensitive', 'Normal']",sensitivity
Sea Magik Bath Shower Gel 350ml,https://www.lookfantastic.com/sea-magik-bath-shower-gel-350ml/10571456.html,Body Wash,"harmonised water (aqua and maris sal), sodium coceth sulfate, cocamidopropyl betaine, cetyl palmitate, beheneth-10, hydrogenated castor oil, parfum (fragrance), phenoxyethanol, xanthan gum, sodium chloride, dmdm hydantoin, lauryl pyrrlidone, ci 42090 (fd&c blue#1), citric acid, benzoic acid, dehydroacetic acid, mica, titanium dioxide, chamomilla recutita (matricaria) flower extract, tilia vulgaris (linden blossom) flower extract, melissa officinalis (lemon balm) leaf extract, aspalathus linearis (rooibos) leaf extract.",£7.35,['All'],sun protection
SVR Topialyse All-Over Gentle Wash-Off Cleanser -  50ml,https://www.lookfantastic.com/svr-topialyse-all-over-gentle-wash-off-cleanser-50ml/11643700.html,Body Wash,"aqua (purified water), sodium laureth sulfate, glycerin, disodium laureth sulfosuccinate, cocobetaine, peg-60 hydrogenated castor oil, peg-7 glyceryl cocoate, calcium gluconate, camelina sativa seed oil, gluconolactone, helianthus annuus (sunflower) seed oil, tocopherol, citric acid, disodium edta, glyceryl oleate, hydrogenated palm glycerides citrate, lactic acid, peg-120 methyl glucose dioleate, polyquaternium-7, sodium chloride, sodium hydroxide, sodium benzoate, coco-glucoside, parfum (fragrance).",£3.00,"['Dry', 'Oily']","hydration, uneven texture"
Rituals The Ritual of Karma Foaming Shower Gel,https://www.lookfantastic.com/the-ritual-of-karma-foaming-shower-gel/12063686.html,Body Wash,"aqua/water, sodium laureth sulfate, cocamidopropyl betaine, isopentane, sorbitol, peg-120 methyl glucose dioleate, isopropyl palmitate, isobutane, parfum/fragrance, sodium benzoate, camelia sinensis leaf (white tea) extract, nelumbo nucifera (lotus) flower extract, citric acid, peg-40 hydrogenated castor oil, guar hydroxypropyltrimonium chloride, benzyl salicylate, butylphenyl methylpropional, limonene, linalool, hexyl cinnamal, citronellol, alpha-isomethyl ionone, citral, glycerin.",£8.50,['Dry'],hydration
APIVITA Pure Jasmine Mini Shower Gel with Essential Oils 75ml,https://www.lookfantastic.com/apivita-pure-jasmine-mini-shower-gel-with-essential-oils-75ml/11902705.html,Body Wash,"aqua (water), aqua (water), sodium laureth sulfate, glycerin, peg-4 rapeseedamide, decyl glucoside, disodium cocoyl glutamate, cocamidopropyl betaine, parfum (fragrance), coco-glucoside, glyceryl oleate, polysorbate 20, jasminum officinale (jasmine) flower extract, aloe barbadensis leaf juice powder, propolis extract, panthenol, citrus aurantium amara (bitter orange) flower oil, arginine, citric acid, sideritis perfoliata flowers/leaves/stems extract, sideritis raeseri flowers/leaves/stems extract, sideritis scardica flowers/leaves/stems extract, pogostemon cablin leaf oil, saponaria officinalis leaf extract, lavandula angustifolia (lavender) flower extract, glycereth-2 cocoate, hydroxypropyl guar hydroxypropyltrimonium chloride, glycol distearate, sodium chloride, dehydroacetic acid, sodium gluconate, sodium cocoyl glutamate, lactic acid, acrylates/c10-30 alkyl acrylate crosspolymer, sodium hydroxide, benzyl alcohol, linalool, hexyl cinnamal, hydroxycitronellal, benzyl salicylate, citronellol, eugenol",£5.22,"['Dry', 'Oily']","hydration, uneven texture"
Bubble T Ice Tea Shower Gel Mango 200ml,https://www.lookfantastic.com/bubble-t-ice-tea-shower-gel-mango-200ml/12322521.html,Body Wash,"aqua (water), sodium laureth sulfate, cocamidopropyl betaine, sodium chloride, parfum (fragrance), aloe barbadensis leaf extract, phenoxyethanol, caprylhydroxamic acid, citric acid, geraniol, linalool, ci 14700 (fd&c red 4), ci 42090 (fd&c blue 1), ci 19140 (d&c yellow 5).",£3.99,['All'],general
Caudalie Fleur de Vigne Shower Gel 100ml,https://www.lookfantastic.com/caudalie-fleur-de-vigne-shower-gel-100ml/12527466.html,Body Wash,"aqua/water/eau, decyl glucoside, sodium cocoyl glutamate, glycerin, parfum (fragrance), sucrose cocoate, acrylates/c10-30 alkyl acrylate crosspolymer, propylene glycol, sodium glutamate, sodium chloride, caprylyl glycol, potassium sorbate, coconut acid, citric acid, aloe barbadensis leaf juice, butylphenyl methylpropional, citronellol, linalool.",£4.50,['Dry'],hydration
Sanctuary Spa Sleep Drift-Off Bath Soak 500ml,https://www.lookfantastic.com/sanctuary-spa-sleep-drift-off-bath-soak-500ml/11919950.html,Bath Oil,"aqua (water), sodium laureth sulfate, cocamidopropyl betaine, caprylyl/capryl glucoside,  parfum (fragrance), sodium chloride, phenoxyethanol, styrene/acrylates copolymer, sodium benzoate, citric acid, polyquaternium-10, peg-250 distearate, butyl methoxydibenzoylmethane,  trisodium ethylenediamine disuccinate, mel (honey), sodium metabisulfite,  lavandula angustifolia (lavender) oil, glycine soja (soybean) oil, hydrolyzed adansonia digitata extract, carbomer, hexyl cinnamal, linalool, limonene, cinnamyl alcohol, citronellol, butylphenyl methylpropional, coumarin, ci 15985 (yellow 6), ci 19140 (yellow 5).",£8.00,['Dry'],general
Neom Perfect Night's Sleep Bath & Shower Oil (10ml),https://www.lookfantastic.com/neom-perfect-night-s-sleep-bath-shower-oil-10ml/11154172.html,Bath Oil,"carthamus tinctorius (safflower) seed oil, parfum, linalool, limonene, tocopherol (vitamin e), helianthus annuus (sunflower) seed oil, geraniol, citronellol, coumarin, citral, benzyl benzoate.",£8.00,['Normal'],general
Sanctuary Spa Foaming Bath Soak 75ml,https://www.lookfantastic.com/sanctuary-spa-foaming-bath-soak-75ml/12267916.html,Bath Oil,"aqua (water), sodium laureth sulfate, cocamidopropyl betaine, caprylyl/capryl glucoside, parfum (fragrance), styrene/acrylates copolymer, sodium chloride, phenoxyethanol, acrylates copolymer, sodium benzoate, peg-250 distearate, citric acid, tetrasodium glutamate diacetate, butyl methoxydibenzoylmethane, aloe barbadensis leaf juice, panthenol, sodium hydroxide, hydrolyzed wheat protein, hydrolyzed wheat starch, potassium sorbate, hexyl cinnamal, linalool, limonene, benzyl salicylate, benzyl benzoate, ci 19140 (yellow 5), ci 17200 (red 33).",£3.00,['Dry'],hydration
Aromatherapy Associates Relax Deep Relax Bath & Shower Oil (55ml),https://www.lookfantastic.com/aromatherapy-associates-relax-deep-relax-bath-shower-oil-55ml/10358940.html,Bath Oil,"cocos nucifera (coconut) oil, vetiveria zizanoides (vetivert) oil, pogostemon cablin (patchouli) oil, parfum (pure essential oils), santalum album (sandalwood) oil, ormensis multicaulis (wild camomile) oil, cinnamomum camphora (ho wood) oil, anthemis nobilis (camomile roman) oil, benzyl salicylate, benzyl benzoate, geraniol, linalool, farnesol, limonene.",£49.00,['All'],general
Weleda Citrus Refreshing Bath Milk (200ml),https://www.lookfantastic.com/weleda-citrus-refreshing-bath-milk-200ml/10918510.html,Bath Oil,"water (aqua), fragrance (parfum), potassium olivate, citrus medica limonum (lemon) peel oil, limonum, linalool, geraniol, citral.",£14.95,['All'],general
Burt's Bees Baby Bee Bubble Bath (350ml),https://www.lookfantastic.com/burt-s-bees-baby-bee-bubble-bath-350ml/10542792.html,Bath Oil,"aqua (water), decyl glucoside, coco-betaine, lauryl glucoside, sucrose laurate, glycerin, parfum (fragrance), betaine, sodium cocoyl hydrolyzed soy protein, coco-glucoside, glyceryl oleate, sodium chloride, xanthan gum, glucose, citric acid, glucose oxidase, lactoperoxidase, limonene.",£11.49,['Dry'],hydration
Neal's Yard Remedies Aromatic Foaming Bath 200ml,https://www.lookfantastic.com/neal-s-yard-remedies-aromatic-foaming-bath-200ml/11926903.html,Bath Oil,"aqua/water, lauryl glucoside, cocamidopropyl betaine, sodium chloride, lavandula angustifolia (lavender) flower extract, pelargonium graveolens flower oil, alcohol denat., lavandula angustifolia (lavender) oil, thymus mastichina flower oil, linalool, citronellol, geraniol, limonene.",£15.50,['All'],general
Weleda Lavender Relaxing Bath Milk (200ml),https://www.lookfantastic.com/weleda-lavender-relaxing-bath-milk-200ml/10918513.html,Bath Oil,"water (aqua), lavandula angustifolia (lavender) oil, linalool, potassium olivate, glyceryl oleate, alcohol, glycerin, limonene, geraniol.",£14.95,['Dry'],hydration
Sanctuary Spa Precious Bath Elixir (Rose Radiance),https://www.lookfantastic.com/sanctuary-spa-precious-bath-elixir-rose-radiance/12255324.html,Bath Oil,"aqua (water), sodium laureth sulfate, acrylates copolymer, cocamidopropyl betaine, butylene glycol, phenoxyethanol, synthetic fluorphlogopite, sodium benzoate, sodium chloride, caprylyl glycol, parfum (fragrance), sodium hydroxide, mica, tetrasodium glutamate diacetate, 3-o-ethyl ascorbic acid, tocopheryl acetate, rosa damascena flower water, tin oxide, hexyl cinnamal, linalool, limonene, ci 77891 (titanium dioxide), ci 77491 (iron oxides).",£12.00,['All'],sun protection
Neal's Yard Remedies Soothing Bath Oil 100ml,https://www.lookfantastic.com/neal-s-yard-remedies-soothing-bath-oil-100ml/11926906.html,Bath Oil,"glycine soja (soya) oil, helianthus annuus (sunflower) seed oil, apricot kernel oil polyglyceryl-10 esters, prunus amygdalus dulcis (almond) oil, tocopherol, lavandula angustifolia (lavender) oil, persea gratissima (avocado) oil, pelargonium graveolens (geranium) oil, citrus aurantium bergamia (bergamot) oil, cymbopogon martini (palmarosa) oil, cupressus sempervirens (cypress) oil, citral, citronellol, coumarin, farnesol, geraniol, limonene, linalool.",£15.00,['All'],general
Neal's Yard Remedies Seaweed and Arnica Foaming Bath 200ml,https://www.lookfantastic.com/neal-s-yard-remedies-seaweed-and-arnica-foaming-bath-200ml/11926902.html,Bath Oil,"aqua (water), sodium methyl cocoyl taurate, lauryl betaine, coco-glucoside, alcohol denat., juniperus communis (juniper) fruit oil, citrus limonum (lemon) peel oil expressed, sodium chloride (salt), propolis extract, arnica montana (arnica) extract, pinus sylvestris (pine) leaf oil, lavandula angustifolia (lavender) oil, juniperus communis (juniper) fruit extract, symphytum officinale (comfrey) leaf extract, fucus vesiculosus (seaweed) extract, aloe barbadensis (aloe vera) leaf juice powder, citric acid, citral, coumarin, geraniol, limonene, linalool.",£15.50,['Sensitive'],sensitivity
Aromatherapy Associates De-Stress Muscle Bath & Shower Oil (55ml),https://www.lookfantastic.com/aromatherapy-associates-de-stress-muscle-bath-shower-oil-55ml/10358944.html,Bath Oil,"cocos nucifera (coconut) oil, lavandula angustifolia (lavender) oil, rosmarinus officinalis (rosemary) leaf oil, melaleuca leucadendron cajuputi (cajuput) oil, parfum, zingiber officinale (ginger) root oil, juniperus communis (juniper) fruit oil, pinus sylvestris (pine) leaf oil, citral, coumarin, geraniol, linalool, limonene, citronellol",£47.00,['All'],general
Weleda Rosemary Invigorating Bath Milk (200ml),https://www.lookfantastic.com/weleda-rosemary-invigorating-bath-milk-200ml/10918512.html,Bath Oil,"water (aqua), rosmarinus officinalis (rosemary) leaf oil, fragrance (parfum), potassium olivate, limonene, linalool.",£14.95,['All'],general
Molton Brown Jasmine & Sun Rose Bathing Oil 200ml,https://www.lookfantastic.com/molton-brown-jasmine-sun-rose-bathing-oil/11835662.html,Bath Oil,"helianthus annuus (sunflower) seed oil, c12-13 pareth-3, tridecyl trimellitate, caprylic/capric griglyceride, fragrance/parfum, ricinus communis (castor) seed oil, argania spinosa kernel oil, nigella sativa (black cumin) seed oil, limonene, linalook, geraniol, hydroxycitronellal, coumarin, citronellol, coral, benzyl benzoate, eugenol, benzyl salicylate, farnesol, benzyl alcohol, isoeugenol, tocopherol.",£40.00,['All'],general
Aromatherapy Associates Revive Morning Bath & Shower Oil (55ml),https://www.lookfantastic.com/aromatherapy-associates-revive-morning-bath-shower-oil-55ml/10358948.html,Bath Oil,"cocos nucifera (coconut) oil, rosmarinus officinalis (rosemary) leaf oil, citrus grandis (grapefruit) peel oil citrus nobilis (mandarin orange) oil, citrus aurantium dulcis (orange) peel oil, eucalyptus globulus, (eucalyptus) leaf oil, melaleuca leucadendron cajuputi (cajuput) oil, parfum (fragrance), pinus sylvestris (pine) leaf oil, juniperus communis (juniper) fruit oil, pelargonium graveolens (geranium) flower oil, mentha piperita (peppermint) oil, geraniol, linalool, limonene, citronellol, farnesol.",£48.00,['All'],general
Aromatherapy Associates De-Stress Mind Bath & Shower Oil (55ml),https://www.lookfantastic.com/aromatherapy-associates-de-stress-mind-bath-shower-oil-55ml/10360232.html,Bath Oil,"cocos nucifera (coconut) oil, citrus aurantium amara (bitter orange) leaf/twig oil, rosmarinus officinalis (rosemary) leaf oil, ormenis multicaulis (wild camomile) oil, parfum, boswellia carterii (frankincense) oil, benzyl benzoate, geraniol, linalool, limonene.",£48.00,['All'],general
Aromatherapy Associates Support Equilibrium Bath & Shower Oil (55ml),https://www.lookfantastic.com/aromatherapy-associates-support-equilibrium-bath-shower-oil-55ml/10360243.html,Bath Oil,"cocos nucifera (coconut) oil, pelargonium graveolens (geranium) flower oil, citrus aurantium bergamia, (bergamot) peel oil, parfum, boswellia carterii (frankincense) oil, citrus aurantium amara (bitter orange), leaf/twig oil, citrus aurantium dulcis (orange) peel oil, rosa centifolia (rose) flower oil, geraniol, linalool, limonene, benzyl benzoate, citronellol.",£48.00,['All'],general
Molton Brown Orange and Bergamot Radiant Body Oil 100ml,https://www.lookfantastic.com/molton-brown-orange-and-bergamot-radiant-body-oil-100ml/11692281.html,Bath Oil,"ethylhexyl palmitate, isopropyl palmitate, zea mays oil, fragrance/parfum, limonene, tocopherol, sesamium indicum seed oil, vitis vinfera seed oil, linalool, argania spinose kernel oil, citrus aurantium amara flower oil, hexyl cinnamal hydroycitronellal, amyl cinnamal, eugenol, butylphenyl methylpropional, geraniol, citronellol, citral farnesol, citrus sinensis peel oil.",£40.00,['All'],general
REN Moroccan Rose Otto Bath Oil,https://www.lookfantastic.com/ren-clean-skincare-moroccan-rose-otto-bath-oil-110ml/10363925.html,Bath Oil,"sesamum indicum (sesame) seed oil, laureth 3, isopropyl palmitate, parfum (fragrance), rosa damascena flower oil, cymbopogon martini oil, pelargonium graveolens flower oil, geraniol, linalool, citronellol, benzyl benzoate, eugenol, citral, isoeugenol, farnesol, caprylic/capric triglyceride, aloe barbadensis leaf extract, tocopherol.",£32.00,['All'],general
Aromatherapy Associates Support Breathe Bath & Shower Oil (55ml),https://www.lookfantastic.com/aromatherapy-associates-support-breathe-bath-shower-oil-55ml/10360241.html,Bath Oil,"cocos nucifera (coconut) oil, eucalyptus globulus (eucalyptus) leaf oil, lavandula angustifolia (lavender) oil, parfum (fragrance), pinus sylvestris (pine) leaf oil, mentha piperita (peppermint) oil, melaleuca alternifolia (tea tree) leaf oil, geraniol, linalool, limonene, coumarin.",£47.00,['Oily'],"acne, oil control"
Natio Wellness Shower & Bath Gel (275ml),https://www.lookfantastic.com/natio-wellness-shower-bath-gel-275ml/10562432.html,Bath Oil,"water (aqua), ammonium lauryl sulfate, cocamidopropyl betaine, cocamide dea, guar hydroxypropyltrimonium chloride, fragrance(parfum), pomegranate (punica granatum) extract, sweet almond (prunus amygdalus dulcis) oil, honey, coconut (cocos nucifera) oil, potassium sorbate, phenoxyethanol, citric acid, fd&c yellow 6 (ci 15985), d&c red 33 (ci 17200), fd&c yellow 5 (ci 19140), d&c violet 2 (ci 60730).",£8.80,['Dry'],general
ilapothecary Beat the Blues Bath and Shower Oil 150ml,https://www.lookfantastic.com/ilapothecary-beat-the-blues-bath-and-shower-oil-150ml/12068104.html,Bath Oil,"caprylic/capric triglycerides & glycerine & aqua & sucrose laurate, prunus amygdalus dulcis (sweet almond oil), prunus aermeniaca (apricot), kernel oil, oenothera biennis (evening primrose) oil, glycerin, pelargonium graveolens flower (rose geranium) oil, petitgrain bigarde oil, citrus sinensis (sweet orange) oil, salvia sclarea, tuberose absolute oil.",£29.00,['Dry'],hydration
Aromatherapy Associates Revive Evening Bath & Shower Oil 55ml,https://www.lookfantastic.com/aromatherapy-associates-revive-evening-bath-shower-oil-55ml/10304200.html,Bath Oil,"cocos nucifera (coconut) oil, cananga odorata (ylang ylang) flower oil, pelargonium graveolens (geranium) flower oil, parfum, pogostemon cablin (patchouli) oil, benzyl benzoate, benzyl salicylate, geraniol, limonene, linalool.",£49.00,['All'],general
Aromatherapy Associates Inner Strength Bath & Shower Oil (55ml),https://www.lookfantastic.com/aromatherapy-associates-inner-strength-bath-shower-oil-55ml/10757782.html,Bath Oil,"cocos nucifera (coconut) oil, pelargonium graveolens (geranium) flower oil, rosmarinus officinalis (rosemary) leaf oil, salvia sclarea (clary sage) oil, elettaria cardamomum (cardamom) seed oil, vetiveria zizanoides (vetivert) root oil, piper nigrum (black pepper) seed oil, boswellia carterii (frankincense) oil, pogostemon cablin (patchouli) oil, rosa damascena (rose) flower oil, citrus aurantium amara (bitter orange) flower oil, parfum, fusanus spicatus (australian sandalwood) oil, benzyl alcohol, citral, citronellol, geraniol, limonene, linalool.",£49.00,['All'],general
Molton Brown Orange and Bergamot Radiant Bathing Oil 200ml,https://www.lookfantastic.com/molton-brown-orange-and-bergamot-radiant-bathing-oil-200ml/11692279.html,Bath Oil,"helianthus annuus (sunflower) seed oil, c12-13 pareth-3, tridecyl trimellitate, caprylic/capric triglyceride, parfum/fragrance, limonene, ricinus communis (castor) seed oil, linalool, tocopherol, hexyl cinnamal, amyl cinnamal, argania spinosa kernel oil, citrus aurantium amara (bitter orange) flower oil, hydroxycitronellal, eugenol, butylphenyl methylpropional, citronellol, geraniol, citral, citrus sinensis (orange) peel oil expressed.",£40.00,['All'],general
Aromatherapy Associates Revive Evening Bath & Shower Oil (55ml),https://www.lookfantastic.com/aromatherapy-associates-revive-evening-bath-shower-oil-55ml/10309165.html,Bath Oil,"cocos nucifera (coconut) oil, cananga odorata (ylang ylang) flower oil, pelargonium graveolens (geranium), flower oil, parfum (fragrance), pogostemon cablin (patchouli) oil, benzyl salicylate, benzyl benzoate, geraniol, linalool, limonene.",£49.00,['All'],general
ilapothecary Magnesium and Amethyst Deep Relax Bath Soak 400ml,https://www.lookfantastic.com/ilapothecary-magnesium-and-amethyst-deep-relax-bath-soak-400ml/12032532.html,Bath Oil,"magnesium chloride, sodium chloride, amethyst, styrax benzoin, andropogon zizanioides (vetiver) oil, cedrus atlantic bark (cedarwood) oil, nardostachys jatamansi oil, juniperus communis (juniper berry) fruit oil, liquid amber orientalis balsam extract petitgrain bigarde oil, rose damascena flower oil.",£50.00,['All'],general
Little Butterfly London Floating on Clouds Bedtime Bath Milk 250ml,https://www.lookfantastic.com/little-butterfly-london-floating-on-clouds-bedtime-bath-milk-250ml/11975689.html,Bath Oil,"aqua (water), aloe barbadensis leaf juice, glyceryl oleate citrate, prunus persica (peach) kernel oil, glycerin, caprylic/capric triglyceride, benzyl alcohol, butyrospermum parkii (shea) butter, xanthan gum, carrageenan, citrus paradisi (grapefruit) peel oil, cucumis sativus (cucumber) oil, dehydroacetic acid, carica papaya (papaya) seed oil, citrus aurantium dulcis (orange) oil, citrus nobilis (mandarin orange) oil, persea gratissima (avocado) oil, sodium phytate, avena sativa (oat) kernel meal extract, butyris lac (buttermilk) powder, potassium sorbate, sodium benzoate, alcohol, limonene.",£25.50,['Dry'],hydration
Elemis Life Elixirs Embrace Bath and Shower Elixir 100ml,https://www.lookfantastic.com/elemis-life-elixirs-embrace-bath-and-shower-elixir-100ml/11463960.html,Bath Oil,"prunus amygdalus dulcis (sweet almond) oil, tipa-laureth sulfate, laureth-2, fragrance (parfum), propylene glycol, boswellia carterii (frankincense) oil, sorbitan oleate, vetiveria (vetiver) zizanoides root oil, aqua/water/eau, linalool, papaver orientale (poppy) seed oil, amaranthus caudatus seed extract, tocopherol, platonia insignis (bacuri) seed oil, schinus terebinthifolius (rose pepper) fruit extract, limonene, helianthus annuus (sunflower) seed oil, benzyl benzoate, hydrogenated vegetable oil, rosmarinus officinalis (rosemary) leaf extract.",£55.00,['All'],general
Love Boo Splendidly Soothing Bath Soak (250ml),https://www.lookfantastic.com/love-boo-splendidly-soothing-bath-soak-250ml/10552464.html,Bath Oil,"aqua, sodium lauroyl sarcosinate, sodium cocoamphoacetate, cocamidopropyl betaine, lauryl glucoside, stearyl citrate, glycerine, xanthan gum, pelargonium graveolens (rose geranium) oil, arnica montana extract, anthemis nobilis (chamomile) flower water, malva sylvestris (mallow) extract, nymphaea alba (water lily) extract, sodium hydroxymethyl glycinate, citric acid, citronellol, geraniol, linalool.",£10.99,"['Dry', 'Sensitive']","hydration, sensitivity"
Elemis Life Elixirs Fortitude Bath and Shower Elixir 100ml,https://www.lookfantastic.com/elemis-life-elixirs-fortitude-bath-and-shower-elixir-100ml/11463963.html,Bath Oil,"prunus amygdalus dulcis (sweet almond) oil, tipa-laureth sulfate, laureth-2, fragrance (parfum), propylene glycol, pelargonium graveolens (geranium) oil, sorbitan oleate, linalool, aqua/water/eau, geraniol, cananga odorata (ylang ylang) flower oil, papaver orientale (poppy) seed oil, amaranthus caudatus seed extract, tocopherol, platonia insignis (bacuri) seed oil, citronellol, eugenol, limonene, helianthus annuus (sunflower) seed oil, benzyl benzoate, hydrogenated vegetable oil, rosmarinus officinalis (rosemary) leaf extract, cedrus atlantica (cedarwood) bark oil.",£55.00,['All'],general
Connock London Kukui Oil Soothing Bath & Shower Oil 200ml,https://www.lookfantastic.com/connock-london-kukui-oil-soothing-bath-shower-oil-200ml/11324517.html,Bath Oil,"caprylic/capric triglyceride, peg-40 sorbitan peroleate, ppg-15 stearyl ether, parfum (fragrance), aleurites moluccana (kukui) seed oil, macadamia ternifolia (macadamia) seed oil, calophyllum tacamahaca (tamanu) seed oil, benzyl benzoate, butylphenyl methylpropional, linalool, tocopherol, hydroxyisohexyl 3-cyclohexene carboxaldehyde, citronellol, limonene, coumarin, eugenol.",£36.00,['All'],uneven texture
Weleda Baby Calendula Cream Bath (200ml),https://www.lookfantastic.com/weleda-baby-calendula-cream-bath-200ml/10810409.html,Bath Oil,"water (aqua), prunis amygdalus dulcis (sweet almond) oil, sesamum indicum (sesame) seed oil, alcohol, glycerin, glyceryl oleate, calendula officinalis extract, sodium beeswax, xanthan gum, fragrance (parfum), limonene, linalool",£13.95,"['Dry', 'Sensitive']","hydration, sensitivity"
